PG.ProteinAccessions,PG.Genes,PG.ProteinNames,[1] 20180615_QHF_TD_ColHF-35_Touati-DIA-Sple-1.htrms.PG.Quantity,[2] 20180615_QHF_TD_ColHF-35_Touati-DIA-Sple-2.htrms.PG.Quantity,[3] 20180615_QHF_TD_ColHF-35_Touati-DIA-Sple-3.htrms.PG.Quantity,[4] 20180615_QHF_TD_ColHF-35_Touati-DIA-Sple-4.htrms.PG.Quantity,[5] 20180615_QHF_TD_ColHF-35_Touati-DIA-Sple-5.htrms.PG.Quantity,[6] 20180615_QHF_TD_ColHF-35_Touati-DIA-Sple-6.htrms.PG.Quantity,[7] 20180615_QHF_TD_ColHF-35_Touati-DIA-Sple-7.htrms.PG.Quantity,[8] 20180615_QHF_TD_ColHF-35_Touati-DIA-Sple-8.htrms.PG.Quantity,[9] 20180615_QHF_TD_ColHF-35_Touati-DIA-Sple-9.htrms.PG.Quantity,[10] 20180615_QHF_TD_ColHF-35_Touati-DIA-Sple-10.htrms.PG.Quantity,[11] 20180615_QHF_TD_ColHF-35_Touati-DIA-Sple-11.htrms.PG.Quantity,[12] 20180615_QHF_TD_ColHF-35_Touati-DIA-Sple-12.htrms.PG.Quantity,[13] 20180615_QHF_TD_ColHF-35_Touati-DIA-Sple-13.htrms.PG.Quantity,[14] 20180615_QHF_TD_ColHF-35_Touati-DIA-Sple-14.htrms.PG.Quantity,[15] 20180615_QHF_TD_ColHF-35_Touati-DIA-Sple-15.htrms.PG.Quantity,[16] 20180615_QHF_TD_ColHF-35_Touati-DIA-Sple-16.htrms.PG.Quantity,[17] 20180615_QHF_TD_ColHF-35_Touati-DIA-Sple-17.htrms.PG.Quantity,[18] 20180615_QHF_TD_ColHF-35_Touati-DIA-Sple-18.htrms.PG.Quantity,[19] 20180615_QHF_TD_ColHF-35_Touati-DIA-Sple-19.htrms.PG.Quantity,[20] 20180615_QHF_TD_ColHF-35_Touati-DIA-Sple-19b.htrms.PG.Quantity,[21] 20180615_QHF_TD_ColHF-35_Touati-DIA-Sple-20.htrms.PG.Quantity,[22] 20180615_QHF_TD_ColHF-35_Touati-DIA-Sple-21.htrms.PG.Quantity,[23] 20180615_QHF_TD_ColHF-35_Touati-DIA-Sple-22.htrms.PG.Quantity,[24] 20180615_QHF_TD_ColHF-35_Touati-DIA-Sple-23.htrms.PG.Quantity,[25] 20180615_QHF_TD_ColHF-35_Touati-DIA-Sple-24.htrms.PG.Quantity,[26] 20180615_QHF_TD_ColHF-35_Touati-DIA-Sple-25.htrms.PG.Quantity,[27] 20180615_QHF_TD_ColHF-35_Touati-DIA-Sple-26.htrms.PG.Quantity,[28] 20180615_QHF_TD_ColHF-35_Touati-DIA-Sple-27.htrms.PG.Quantity,[29] 20180615_QHF_TD_ColHF-35_Touati-DIA-Sple-28.htrms.PG.Quantity,[30] 20180615_QHF_TD_ColHF-35_Touati-DIA-Sple-29.htrms.PG.Quantity,[31] 20180615_QHF_TD_ColHF-35_Touati-DIA-Sple-29b.htrms.PG.Quantity,[32] 20180615_QHF_TD_ColHF-35_Touati-DIA-Sple-30.htrms.PG.Quantity,[33] 20180615_QHF_TD_ColHF-35_Touati-DIA-Sple-31.htrms.PG.Quantity,[34] 20180615_QHF_TD_ColHF-35_Touati-DIA-Sple-32.htrms.PG.Quantity,[35] 20180615_QHF_TD_ColHF-35_Touati-DIA-Sple-33.htrms.PG.Quantity,[36] 20180615_QHF_TD_ColHF-35_Touati-DIA-Sple-34.htrms.PG.Quantity,[37] 20180615_QHF_TD_ColHF-35_Touati-DIA-Sple-35.htrms.PG.Quantity,[38] 20180615_QHF_TD_ColHF-35_Touati-DIA-Sple-36.htrms.PG.Quantity,[39] 20180615_QHF_TD_ColHF-35_Touati-DIA-Sple-37.htrms.PG.Quantity,[40] 20180615_QHF_TD_ColHF-35_Touati-DIA-Sple-38.htrms.PG.Quantity,[41] 20180615_QHF_TD_ColHF-35_Touati-DIA-Sple-39.htrms.PG.Quantity,[42] 20180615_QHF_TD_ColHF-35_Touati-DIA-Sple-40.htrms.PG.Quantity
A0A075B6K5;P80748,IGLV3-9;IGLV3-21,LV39_HUMAN;LV321_HUMAN,,,12540.0625,,,,,,8540.763671875,10458.6416015625,,,,,,,,,,,,,,,24174.076171875,,,,15619.4267578125,,18040.857421875,,,,,,,,,,,
A0A075B6P5;A0A075B6S2;A0A075B6S6;A0A087WW87;A0A0A0MRZ7;A2NJV5;P01614;P01615;P06310,IGKV2-28;IGKV2D-29;IGKV2D-30;IGKV2-40;IGKV2D-26;IGKV2-29;IGKV2D-40;IGKV2D-28;IGKV2-30,KV228_HUMAN;KVD29_HUMAN;KVD30_HUMAN;KV240_HUMAN;KVD26_HUMAN;KV229_HUMAN;KVD40_HUMAN;KVD28_HUMAN;KV230_HUMAN,30648.44140625,14865.02734375,43019.5546875,27989.10546875,66420.234375,56719.0703125,,,111579.7421875,,39653.69140625,53617.05078125,22940.380859375,,26678.080078125,9116.3935546875,30685.517578125,19698.98828125,,18869.48046875,,19119.119140625,20188.20703125,32919.01171875,57988.00390625,76118.8203125,31073.544921875,27584.3046875,,,,22996.087890625,,33421.4375,34740.0,,,,14485.998046875,,13245.75390625,88243.0859375
A0A0C4DH38,IGHV5-51,HV551_HUMAN,,,12745.4765625,,,,,,,10512.6689453125,15233.806640625,,,,,,8514.5439453125,,,,,,,11247.90234375,,,,,,,,,,66667.5,,,,,,,,
A1L4H1,SSC5D,SRCRL_HUMAN,63943.71875,25345.1640625,45265.4453125,18056.841796875,19690.126953125,15537.478515625,41966.34765625,43969.18359375,34409.86328125,8624.97265625,40658.03515625,37781.62109375,40812.7109375,49503.4296875,54044.74609375,34989.88671875,37659.65625,30796.373046875,60767.14453125,50611.93359375,41068.8515625,36056.1015625,38499.9921875,48838.8046875,28622.724609375,49594.875,37572.73046875,24384.18359375,60083.53125,43425.98828125,29014.3359375,25972.23046875,59490.765625,40110.79296875,31411.052734375,14798.29296875,29337.6953125,50007.30859375,15990.16796875,31505.77734375,60589.53515625,30350.5859375
A8K2U0,A2ML1,A2ML1_HUMAN,,,39977.21875,,,84932.2734375,,,,63518.4453125,,25763.859375,,,,,45603.6875,,9467.9619140625,8571.90234375,36423.63671875,,24215.162109375,,51904.64453125,,15641.20703125,22919.650390625,,,,21093.84765625,,,,,30161.30078125,,,,,
B9A064;P0CG04,IGLL5;IGLC1,IGLL5_HUMAN;IGLC1_HUMAN,199725.5,119224.2109375,226247.4375,,130469.5625,147418.78125,197514.921875,67945.5703125,207090.234375,199334.609375,98625.328125,239809.53125,195110.875,193068.390625,,250094.21875,135298.25,94479.2578125,159477.203125,140294.28125,,,,,197494.953125,151574.25,,104870.453125,162925.90625,124351.65625,124372.5,212077.71875,214191.359375,136556.828125,117381.03125,146426.515625,108393.484375,185186.53125,112790.25,206381.078125,69630.140625,155691.375
O00187,MASP2,MASP2_HUMAN,1471739.375,1063708.75,1155664.5,1713380.125,1089078.0,1010523.0,1367551.625,820233.6875,886500.6875,647290.25,1575350.375,845144.875,858642.4375,1217423.875,869971.5,947543.625,389429.9375,829173.5,1232039.625,1261708.75,792135.0,783084.25,643246.125,1393541.0,803965.3125,1209184.5,725803.625,756081.875,1098894.75,340696.5625,862633.6875,600742.875,1137382.25,1247266.875,1069615.0,1689335.0,462191.03125,1164883.5,827699.3125,1005606.375,886187.375,911277.4375
O00391,QSOX1,QSOX1_HUMAN,1845656.5,1634284.5,1200433.5,1244406.125,1071518.625,818261.75,1162330.625,1025237.0625,980580.8125,580821.625,1032623.875,1028807.75,941368.875,1308723.5,757593.25,804551.5,833346.1875,1072668.0,1555343.0,1108672.5,569140.5,746259.1875,664371.0625,880074.3125,914276.125,808926.125,653793.8125,669221.875,1137876.875,1196956.5,977183.5625,930177.25,1392539.75,845866.875,1495696.5,1084714.0,758007.75,992410.25,1146595.75,1450075.5,1242397.0,1254898.125
O00533,CHL1,NCHL1_HUMAN,574049.125,756532.4375,313834.375,351873.6875,490108.4375,258640.6875,451475.0,479558.09375,446811.34375,260405.875,186037.453125,608972.5625,589178.8125,424216.8125,309178.625,287727.21875,360960.125,357458.0625,433804.65625,439716.625,384657.09375,332393.8125,274940.25,530577.875,403498.0,345136.1875,249878.03125,325480.40625,316999.5,731928.375,618766.5625,428400.375,458924.6875,277051.59375,376875.6875,446896.78125,169718.3125,318090.25,289335.96875,575461.5625,355306.84375,400473.875
O00592,PODXL,PODXL_HUMAN,180737.171875,123142.109375,88466.265625,115659.65625,108252.7890625,60448.9765625,147693.5625,77223.5625,59622.33203125,38400.015625,62351.296875,59762.6953125,66200.8203125,76366.6015625,62019.34375,36273.46875,51423.2421875,74858.328125,90749.390625,86733.546875,61765.484375,63183.30859375,37684.07421875,58194.80859375,59763.94140625,60401.73046875,65389.890625,62439.5078125,54040.07421875,107134.921875,66425.140625,39161.4453125,43878.35546875,75160.6484375,59398.578125,93910.609375,42546.5546875,78657.765625,43358.66015625,82109.03125,54297.0546875,37971.0234375
O14498,ISLR,ISLR_HUMAN,120991.859375,58479.41796875,54543.984375,103203.2890625,109674.015625,41027.21484375,96720.46875,53612.6484375,113057.2265625,48455.29296875,76671.46875,68759.8671875,131685.84375,83526.6953125,86587.9375,81594.078125,68470.046875,55577.2734375,51028.19140625,70639.921875,32773.63671875,110738.0859375,45557.8515625,124959.4453125,34532.19140625,46843.6328125,41578.23828125,45964.94921875,84700.0078125,30990.24609375,51113.79296875,77140.3515625,33091.6328125,56205.3125,74574.578125,73247.7578125,46015.703125,93769.0078125,69681.3203125,79920.203125,96085.3359375,28913.375
O14633;Q5TA81,LCE2B;LCE2C,LCE2B_HUMAN;LCE2C_HUMAN,,8493.7890625,84762.21875,,17981.15234375,141723.703125,,20939.583984375,2222.30004882813,197768.1875,,39890.7890625,42176.51953125,23047.501953125,7151.1484375,55793.203125,40206.48046875,45352.5859375,16286.056640625,3622.76245117188,39746.625,63853.55078125,90256.7578125,28669.505859375,116798.03125,3201.40747070313,65623.7109375,71206.4921875,16739.7265625,3374.95532226563,4896.30078125,79856.9921875,31208.755859375,,645.739379882813,,66567.59375,7713.80908203125,6759.6962890625,,10043.0302734375,3452.884765625
O14746,TERT,TERT_HUMAN,3798112.0,1880045.25,1850797.875,1388878.875,2793802.5,2541087.0,3130276.25,3273000.25,4458602.5,2407561.25,1699352.0,2564373.25,3071243.5,3050435.0,1815478.125,1287084.0,1035869.9375,1372359.125,2702784.25,4291566.5,3256029.25,1458650.0,361041.28125,1157034.25,1670466.0,3052300.5,1241005.25,1561474.125,2644728.25,3332551.25,3575479.5,959638.25,1384436.0,2293784.5,1341400.875,2959343.5,2528926.75,2032377.5,1852642.5,1465774.5,788091.625,1982422.75
O14773,TPP1,TPP1_HUMAN,,,42987.6484375,,,77281.296875,,,,77485.6953125,,,,,,15172.1728515625,18403.724609375,,9453.9521484375,,21971.3046875,,34534.8125,,42166.1328125,,11167.982421875,19915.76171875,,,,32655.19921875,11349.798828125,,,,21447.404296875,,,,,7839.7099609375
O14786,NRP1,NRP1_HUMAN,192697.09375,159171.03125,140521.875,90197.28125,101654.2109375,70607.4140625,128459.4296875,174395.0625,136551.390625,72473.28125,153529.28125,113116.484375,127848.5546875,95073.890625,66777.8671875,68664.4296875,136291.328125,89921.7265625,121636.9375,129709.6953125,41357.9296875,107016.7734375,61833.6640625,94403.2265625,133660.609375,118404.796875,72139.9609375,93391.65625,145152.53125,117547.8984375,126888.546875,92684.4140625,134320.34375,200132.796875,189799.125,97328.171875,78204.46875,161895.859375,142285.984375,148664.78125,125094.4921875,127902.75
O14791,APOL1,APOL1_HUMAN,204102.96875,145441.265625,133319.6875,234327.390625,169728.734375,129407.6640625,138521.65625,69440.5546875,106819.03125,73584.140625,107430.125,110574.65625,90314.1875,160181.71875,101382.625,177940.0625,109096.1015625,149293.0,131979.359375,121747.75,92112.53125,86557.9609375,54883.51953125,92988.3984375,80144.015625,162291.265625,111416.21875,57066.32421875,120328.6484375,157282.71875,164220.484375,66052.5703125,86689.5859375,119859.3671875,168235.03125,109788.4375,137774.515625,131359.21875,83094.25,100743.40625,106909.1328125,48302.921875
O14818,PSMA7,PSA7_HUMAN,44188.3828125,39650.83203125,83356.4296875,,69974.890625,68943.328125,,59579.66015625,34881.19921875,111163.5625,54383.47265625,56156.79296875,40795.52734375,,51174.50390625,32474.0625,62538.14453125,36219.77734375,,9100.8125,6837.10693359375,38437.609375,42098.30859375,,45561.48828125,26462.501953125,43892.73828125,70506.5390625,32731.392578125,,,60688.75390625,40193.2890625,42881.140625,39314.47265625,8114.5703125,30236.408203125,41721.22265625,35031.2734375,,35889.33984375,28071.208984375
O14960,LECT2,LECT2_HUMAN,60646.26953125,51559.1328125,52031.69921875,34777.17578125,57781.078125,,22278.947265625,34754.91796875,,,56404.1015625,17656.5390625,39605.859375,49462.18359375,30106.5,49708.859375,41885.515625,52729.6015625,,48482.99609375,39283.24609375,48271.94140625,27546.19140625,50249.234375,,28954.75390625,34243.85546875,37635.74609375,74020.5625,,11178.1826171875,18389.26171875,,,91092.0390625,48194.8203125,17353.53515625,,,,17346.208984375,
O15031,PLXNB2,PLXB2_HUMAN,,,10194.0146484375,4357.7822265625,15293.9990234375,,,,25106.380859375,,117923.2890625,46685.4453125,22776.2578125,31563.31640625,8765.466796875,44625.51953125,14853.693359375,19051.271484375,,,,18288.41796875,13931.283203125,35993.0234375,,11188.6171875,7989.87158203125,13049.63671875,21108.150390625,,,38205.66796875,30314.6953125,10878.5693359375,34170.09765625,,,,,,,
O15394,NCAM2,NCAM2_HUMAN,52622.58203125,32929.41796875,33417.51171875,34849.1015625,45388.1796875,37132.984375,66066.15625,63090.3828125,33894.16015625,38493.484375,18993.3046875,37708.34765625,50390.8359375,25258.498046875,21261.796875,3860.09594726563,22246.751953125,41444.91015625,30464.396484375,23470.982421875,21599.333984375,34856.1015625,11951.9404296875,40524.43359375,28177.09765625,32247.50390625,23572.9921875,25581.017578125,32296.0234375,63499.1796875,27408.814453125,29094.529296875,47971.5,38729.07421875,20014.35546875,43933.03125,31447.818359375,31620.375,28684.884765625,38346.96875,13858.056640625,30137.2109375
O43157,PLXNB1,PLXB1_HUMAN,14064.3681640625,6171.21875,11791.3642578125,10470.974609375,13137.2890625,,16356.712890625,2669.62451171875,14680.8046875,,15051.3359375,4813.97265625,99541.375,,10629.791015625,5034.74462890625,13316.1181640625,10826.677734375,18220.595703125,10336.17578125,,9642.177734375,7015.93115234375,15237.0419921875,4306.37548828125,12170.251953125,9725.728515625,13814.9609375,15836.296875,,17155.982421875,8921.947265625,45779.84765625,15668.9677734375,16290.716796875,24422.212890625,5970.22216796875,16096.03515625,16774.423828125,,7216.56494140625,
O43493,TGOLN2,TGON2_HUMAN,21162.75390625,13487.810546875,13266.3974609375,6682.4375,28686.890625,12750.9892578125,23910.1015625,19134.025390625,24655.138671875,17240.994140625,11429.55078125,7343.20556640625,8580.9638671875,,11269.9462890625,4301.9892578125,3037.19213867188,6590.2412109375,6556.12109375,4151.2734375,7113.79052734375,3417.83813476563,5544.6376953125,,8444.4462890625,11467.044921875,4166.79052734375,15770.21484375,10399.0458984375,4854.287109375,9381.1767578125,16559.30078125,11713.44921875,3560.673828125,10399.9248046875,4857.11474609375,13038.2568359375,12404.1279296875,10351.2373046875,9283.271484375,11646.5927734375,17239.14453125
O43505,B4GAT1,B4GA1_HUMAN,81346.0078125,72200.03125,54653.34375,66002.90625,97770.375,52071.9375,106706.734375,79525.7734375,93853.7421875,65757.671875,39772.34375,42135.671875,71815.1015625,70735.3359375,40173.55078125,56194.2109375,49479.97265625,51703.640625,84426.0703125,77710.3984375,63461.4453125,64199.453125,30451.37109375,58057.1640625,62826.6640625,74055.578125,52140.44140625,69731.125,63485.5390625,54610.234375,61471.49609375,66356.4375,54560.15234375,36089.66015625,35907.9375,77153.3671875,63578.58984375,59233.51953125,33264.85546875,58017.33984375,35087.8828125,68725.6875
O43790,KRT86,KRT86_HUMAN,91781.203125,1053109.625,444111.65625,772791.875,939189.25,719671.3125,640229.6875,1513928.25,2924489.25,6787511.0,990213.875,1535230.25,370275.1875,532126.0,226701.640625,179565.78125,152634.53125,149574.875,1313811.0,1838188.875,2408789.0,335936.59375,347499.9375,141482.078125,3169010.25,235673.484375,231284.78125,426207.375,159225.40625,475535.46875,1242081.625,362605.6875,1568119.625,1010445.0,883742.875,530824.5,367386.25,146117.546875,711169.3125,57000.43359375,103817.7109375,1602911.25
O43866,CD5L,CD5L_HUMAN,1124471.375,1338700.5,1813926.5,857411.5,1372360.375,1078990.75,1302572.375,707863.5625,1973822.375,548596.5,5500810.0,983468.5,1361145.125,1317909.25,1040651.0625,710078.0,1686084.125,3191518.5,2820182.0,2897629.75,792636.125,1331063.875,688647.0,945424.125,618242.1875,1774301.875,1165798.375,2833433.75,2744085.0,988660.6875,793079.75,1976905.875,679252.125,2154942.0,2936288.75,1252875.5,1025355.375,1129696.25,1756531.5,782275.625,908703.625,1343593.25
O60462,NRP2,NRP2_HUMAN,17466.8984375,26648.69140625,10986.5185546875,9755.63671875,44582.234375,12345.69921875,15494.7197265625,19945.3046875,18511.71484375,11231.71484375,21028.203125,19308.5,45390.390625,14719.8740234375,32708.974609375,19870.984375,19464.287109375,25366.1015625,11275.9443359375,15069.9580078125,7123.4306640625,16624.060546875,14479.89453125,14432.44921875,17941.0546875,21990.310546875,19181.10546875,32096.93359375,32199.375,14641.6337890625,9175.4091796875,17286.421875,15289.5537109375,29850.2578125,20579.484375,14927.8046875,16365.4912109375,30127.60546875,36092.7578125,21027.041015625,23239.0,11394.4765625
O75015,FCGR3B,FCG3B_HUMAN,75402.5390625,97151.0,43333.1484375,81189.28125,68299.8515625,52676.36328125,96999.0234375,97681.0703125,212739.375,68318.796875,97980.5546875,,66829.6875,61671.1953125,51920.69921875,80406.109375,31726.177734375,156626.859375,138806.40625,104111.140625,52484.359375,71675.0625,41190.859375,63188.91015625,55325.8515625,9708.1083984375,68839.2265625,37755.921875,49350.55078125,62746.64453125,47481.15625,70471.4609375,45282.6640625,94864.5,52376.05078125,,46701.4453125,81311.2265625,130264.3125,57344.99609375,63414.96875,27139.63671875
O75144,ICOSLG,ICOSL_HUMAN,441746.40625,347980.8125,250600.78125,307287.75,299589.625,178438.3125,270836.75,195369.859375,487878.4375,198070.796875,222133.90625,116429.359375,171115.84375,253765.703125,145141.671875,246069.09375,150048.03125,232142.3125,204526.234375,435118.15625,243740.484375,121646.8125,179128.375,206265.03125,184891.90625,157578.59375,213243.984375,184047.4375,202336.25,472798.03125,387013.53125,109300.078125,200798.8125,140985.75,252131.734375,462925.25,133339.359375,137360.09375,140876.546875,190579.875,175728.875,258704.0
O75223,GGCT,GGCT_HUMAN,,36524.93359375,157778.0,,24107.162109375,303574.4375,,77818.03125,30284.140625,314698.59375,16121.302734375,48466.85546875,52972.8828125,44386.40234375,23344.947265625,93646.1875,161919.28125,64865.94921875,35944.8125,37525.2734375,111943.75,128503.7578125,139322.109375,55294.58203125,182225.34375,44894.96875,70513.3671875,93798.3203125,28902.40234375,14301.3857421875,26507.76171875,194582.953125,67018.0546875,18017.76953125,,13732.89453125,123652.8046875,11970.29296875,,7662.2685546875,17607.865234375,112788.359375
O75629,CREG1,CREG1_HUMAN,,,,,,,,,,,,,,,,,16305.060546875,,,,,,,,,,,,,,,,,,,,,,,,,
O75635,SERPINB7,SPB7_HUMAN,,,28077.6015625,,,46179.55859375,,,,46504.45703125,,11908.7099609375,11283.85546875,9081.857421875,,11922.537109375,12667.1923828125,12170.3798828125,7826.75048828125,,17839.4609375,15328.23828125,25184.24609375,7016.09814453125,30279.015625,,14713.015625,13484.177734375,,11292.25,,18007.34765625,11880.7939453125,,,,17733.33984375,3612.23266601563,,,,12547.408203125
O75636,FCN3,FCN3_HUMAN,17213092.0,7527155.5,10748296.0,9796119.0,9523532.0,6966387.0,11792705.0,6223976.5,7951351.5,5681919.5,11977614.0,5744295.0,2667624.5,8677839.0,5803997.0,7492865.0,5105261.0,8280994.5,7869925.0,7779987.5,5518208.5,5198809.5,4974762.5,5794624.0,6286689.5,7902005.5,5449653.0,4074431.5,7120085.5,8128609.0,7125427.5,5025285.0,7055230.5,8300875.5,9362096.0,8785779.0,3937437.5,9901476.0,6051821.5,8630187.0,7141918.0,5798869.5
O75828;P16152,CBR3;CBR1,CBR3_HUMAN;CBR1_HUMAN,,9450.8046875,3704.72045898438,,,,,,,9950.4775390625,,8661.6142578125,,,,,,,,,,,5936.490234375,,62970.75390625,,,,,,,,,,,,,,,,,29268.1484375
O75874,IDH1,IDHC_HUMAN,23338.64453125,24704.12109375,24326.54296875,,14127.900390625,37714.5390625,9555.5361328125,20662.140625,22973.4375,35774.69921875,8323.38671875,15461.740234375,5491.45166015625,11575.67578125,9748.947265625,14123.642578125,14332.34765625,,7170.06787109375,,19032.65625,,21108.03125,,24912.5390625,9164.517578125,,14192.134765625,,16358.4228515625,6519.4228515625,24272.8515625,10869.75,,9639.7744140625,,15074.060546875,,,,,6633.310546875
O75882,ATRN,ATRN_HUMAN,6873572.5,5372693.0,4942346.0,5908935.5,4861380.5,4043679.5,4567097.5,4777705.0,5384516.5,2342693.5,3860122.75,3075572.75,3788791.25,5379442.0,4454985.0,3614074.25,3497333.0,4553331.5,4005131.5,3994721.5,4074155.25,3338701.0,3754994.5,4159563.5,3152213.5,3788143.25,4152457.25,3611238.5,4912692.0,4087017.75,4260998.5,2703341.0,4111314.75,4038125.75,5816029.5,4135248.75,2544473.25,4406206.5,3878694.0,4891166.0,3747427.0,2920715.0
O76011,KRT34,KRT34_HUMAN,,,64094.546875,,,96810.875,,5742.97412109375,,89318.234375,,,105558.640625,112625.78125,53849.984375,,9002.0859375,12957.486328125,,,36981.47265625,,40121.21875,,5438.35009765625,45710.0703125,41345.3203125,82397.4921875,,,,73748.0546875,5652.50634765625,,,,76848.2109375,,,6195.6494140625,,14932.1015625
O76013,KRT36,KRT36_HUMAN,,,82922.890625,,10844.6484375,28081.52734375,14043.1171875,20994.5546875,,76547.2890625,,,23768.041015625,24235.296875,12515.4736328125,,24303.830078125,18417.373046875,,,53691.49609375,,48154.0078125,,16714.37109375,20086.759765625,12591.8212890625,42505.546875,35316.94140625,,,28154.689453125,6304.11083984375,21818.033203125,,,28355.826171875,,10713.7470703125,,14308.45703125,7702.119140625
O94985,CLSTN1,CSTN1_HUMAN,58885.609375,140375.15625,46298.4453125,120796.1796875,90506.0859375,,37381.3984375,72842.2734375,66172.671875,17400.904296875,85780.8046875,67164.421875,84136.7265625,40846.40625,,56239.4765625,47564.35546875,48195.65625,30518.615234375,27840.916015625,25236.46484375,50752.40234375,37096.453125,50913.23046875,47452.6484375,42622.2734375,72323.203125,33018.359375,71623.7890625,67041.2890625,40920.18359375,35905.58203125,24436.7578125,55953.5625,51293.2265625,14139.9833984375,30188.89453125,,47795.03515625,22197.955078125,93698.734375,68494.109375
O95274,LYPD3,LYPD3_HUMAN,10489.3349609375,3096.41040039063,13957.599609375,,8310.5458984375,16625.173828125,6140.42333984375,10456.9873046875,14369.8369140625,11226.591796875,,11019.21484375,,,,4420.890625,,5581.08056640625,,8265.5634765625,7180.044921875,,,,49196.7578125,,,3693.99951171875,,,4917.310546875,,9688.576171875,,,,6440.05908203125,1426.17199707031,,,,32529.33203125
O95428,PAPLN,PPN_HUMAN,,,,15312.173828125,,,13539.2607421875,10575.880859375,,,7255.5712890625,,,,7432.09619140625,,6745.5771484375,12859.23046875,,,,7735.54150390625,,13651.283203125,8990.255859375,,7337.8564453125,8439.5849609375,,,,13199.0751953125,,,12374.1435546875,11648.2587890625,,,,,,
O95445,APOM,APOM_HUMAN,890203.5625,950560.1875,890340.0,1018369.6875,637749.0,353971.5,424492.78125,419450.6875,799175.0,250328.671875,405265.5,351572.46875,302024.34375,225971.34375,589342.4375,372788.40625,766974.25,609716.3125,331759.625,663566.5625,615427.125,601659.3125,317793.875,459553.25,309749.375,463217.40625,341794.9375,719131.5625,380564.28125,795326.0625,639091.4375,314583.6875,441264.03125,595696.25,629388.0625,550045.125,269542.9375,477745.34375,566581.4375,898926.875,709756.4375,698144.8125
O95479,H6PD,G6PE_HUMAN,91396.84375,81238.046875,90750.5859375,63680.390625,74449.921875,66691.6484375,94608.5703125,39580.73046875,120754.359375,40057.5546875,70773.8515625,86410.96875,63082.0546875,95694.46875,37163.1015625,35681.515625,79191.8828125,64669.3203125,107984.84375,93739.5703125,55478.7890625,69728.2734375,32585.04296875,40708.4921875,78319.3125,66803.234375,38601.15625,65303.0703125,52370.79296875,41550.0703125,38750.81640625,40564.546875,70393.203125,130117.5625,56939.33203125,79164.2578125,51215.94921875,69885.984375,67493.09375,53848.2578125,36807.765625,82107.96875
O95497,VNN1,VNN1_HUMAN,384670.03125,103496.7890625,753997.75,692029.75,288903.3125,458394.125,475406.875,230684.84375,299400.75,40418.0859375,479677.9375,174307.03125,380940.75,379519.0625,122832.796875,234310.125,339082.4375,399890.09375,175659.25,175717.9375,461312.5625,261009.234375,93588.953125,32262.26171875,154524.3125,366324.15625,136856.625,85527.5,413906.71875,297073.65625,267489.21875,188981.828125,260919.71875,216462.53125,387016.4375,145007.546875,183881.171875,356464.96875,261109.671875,460548.53125,177694.34375,116323.4921875
O95678,KRT75,K2C75_HUMAN,63883.12109375,97124.1875,491091.46875,,120849.6953125,1103103.625,110618.59375,436402.46875,120744.0078125,797828.625,,134703.234375,205792.3125,185388.03125,141655.96875,907316.4375,357622.65625,392331.09375,176677.3125,221500.515625,325309.09375,179839.25,549326.3125,48343.0703125,580991.75,102821.234375,749481.6875,389506.90625,84047.5390625,133543.578125,279060.84375,520271.65625,154057.125,66800.6796875,124456.3984375,68057.3671875,306924.25,138770.9375,210323.21875,63831.10546875,92710.1015625,669827.3125
O95718;P62508,ESRRB;ESRRG,ERR2_HUMAN;ERR3_HUMAN,,,27004.26171875,,34125.859375,,,,,,36504.3671875,,,,,,39248.27734375,,,,,,,24938.91015625,,,12064.75390625,25883.8515625,,,,16533.62890625,,51009.40234375,,,,,28575.791015625,22621.599609375,30435.12890625,
O95835,LATS1,LATS1_HUMAN,8663751.0,8630218.0,18092756.0,835754.3125,8172936.0,6786586.0,10690624.0,10080663.0,2280629.75,9146160.0,2267780.0,1307646.0,3162822.75,5722168.0,5750154.0,836917.6875,1209725.125,5098128.5,2924867.25,3292645.5,575366.5625,,1357299.125,2052359.25,3222127.5,9484567.0,1763251.625,1229908.125,9896909.0,56610.08203125,4689870.5,9006046.0,5656678.0,1604869.0,5637136.0,5682971.0,6315724.5,6946251.0,4698575.5,8253750.5,2995584.0,5157736.0
O95998,IL18BP,I18BP_HUMAN,89041.6953125,66104.1328125,64790.625,39402.75,81200.828125,45779.62890625,57284.296875,41649.52734375,62086.66015625,42053.109375,62093.984375,63467.41015625,86135.609375,110892.9609375,54378.92578125,37307.921875,56133.97265625,73629.9765625,113903.7734375,109275.9296875,,52941.921875,48127.890625,65700.953125,65166.9609375,83396.421875,36650.11328125,77788.8828125,117525.09375,51568.01171875,,59158.83984375,66050.484375,,75295.0703125,54064.8515625,66579.8515625,54415.6640625,62908.83203125,35561.8046875,63873.3984375,41836.71875
P00338,LDHA,LDHA_HUMAN,184686.65625,117252.265625,120410.0234375,54344.2734375,123574.484375,204666.984375,51160.859375,118001.09375,130969.015625,224331.84375,34638.9765625,117201.265625,103616.6484375,,38189.87109375,59890.828125,154120.96875,58670.66796875,,30596.765625,80883.9375,136537.171875,102567.296875,63447.9921875,454799.0625,54727.5,61739.19140625,64464.0625,,23060.025390625,36456.72265625,131252.328125,67323.71875,52887.26953125,24309.005859375,39589.359375,88528.125,45448.09765625,44659.0390625,,,420782.84375
P00390,GSR,GSHR_HUMAN,,62536.14453125,,,21837.240234375,,,24685.673828125,,,50009.296875,,,,,39721.00390625,,,,,,19008.150390625,,,,,25668.056640625,,,170307.96875,,11133.6845703125,,,,,,,,,,
P00441,SOD1,SODC_HUMAN,73399.2578125,76094.2890625,28317.70703125,,,50645.03515625,11541.5615234375,48865.41796875,,55538.91015625,93253.1796875,42945.1640625,71317.7265625,92770.3046875,60971.9375,,77379.6328125,51390.5859375,68417.328125,72001.125,34516.58984375,35699.20703125,34265.3828125,,50358.640625,33701.16796875,78711.0859375,14402.681640625,43131.56640625,,19235.205078125,27202.048828125,24951.263671875,79619.1015625,51479.65234375,13025.740234375,28460.7890625,61039.4921875,41933.01171875,47690.73828125,35252.7578125,46743.37109375
P00450,CP,CERU_HUMAN,157200672.0,114756016.0,67285472.0,249365984.0,109270440.0,185088672.0,98319856.0,137542272.0,143959072.0,67118240.0,126633672.0,103631592.0,100744568.0,100324888.0,117215392.0,93001776.0,96899296.0,81503344.0,94054688.0,87596144.0,81672880.0,105162912.0,95312280.0,113534104.0,91317200.0,80356720.0,108859008.0,80684384.0,97327832.0,82478992.0,94842208.0,66166884.0,113331528.0,150509936.0,106466632.0,112171928.0,76415720.0,124326616.0,98506400.0,139697440.0,69870992.0,119555256.0
P00451,F8,FA8_HUMAN,,2929.75537109375,,,836.757446289063,12331.9140625,,,,,3596.91430664063,3035.82934570313,2864.03662109375,,2880.87719726563,3107.28173828125,,2724.60888671875,5291.935546875,,,,2849.50854492188,7465.2578125,,3932.294921875,6742.90087890625,6896.7041015625,3059.63842773438,,,,5515.22265625,13047.3154296875,1552.49609375,4803.5546875,,7021.55419921875,2792.86767578125,8161.29296875,10443.5458984375,3639.08325195313
P00488,F13A1,F13A_HUMAN,1824335.75,565968.75,698510.0,297768.6875,564730.5625,697790.5625,341600.71875,826010.5625,1195748.5,347096.9375,142804.859375,235582.46875,187248.46875,153399.234375,137858.375,92097.8671875,93360.1171875,183864.546875,221513.0625,185661.546875,87499.3828125,191779.28125,111898.0625,322129.8125,164467.71875,158802.328125,103883.5703125,80578.296875,104807.546875,372371.3125,368341.125,91962.1171875,270309.6875,139444.390625,161146.5625,160611.734375,93842.4921875,69894.9921875,144866.328125,156502.84375,43547.99609375,80379.8203125
P00491,PNP,PNPH_HUMAN,31666.55859375,63772.3046875,36224.88671875,26552.47265625,,41607.27734375,4572.482421875,25482.400390625,9922.6875,64885.78125,72214.4140625,26486.88671875,36287.13671875,24388.125,29871.892578125,40663.63671875,37911.99609375,31191.451171875,31052.0,35246.4921875,32173.37890625,21813.52734375,35124.9609375,34592.25,48810.28125,31798.8125,35935.37890625,50386.60546875,43594.6171875,23026.060546875,42488.28515625,39428.54296875,12205.0810546875,79170.78125,38026.59765625,16515.966796875,29658.400390625,47046.30859375,26186.134765625,18823.67578125,26121.412109375,26975.43359375
P00533,EGFR,EGFR_HUMAN,41610.6796875,25200.314453125,27295.748046875,30707.443359375,23517.048828125,23194.712890625,29418.02734375,24968.0859375,35067.46875,,14275.6748046875,22072.1015625,22163.22265625,21778.29296875,13715.64453125,17166.1484375,21353.15625,11149.2314453125,21813.76953125,40934.54296875,16933.478515625,17041.572265625,20433.7265625,15037.333984375,24058.515625,14897.755859375,13079.2412109375,12182.388671875,,27043.0625,9132.48046875,14740.6435546875,22962.26953125,20508.26171875,30147.802734375,26572.43359375,17450.87109375,17237.890625,12929.7021484375,29593.396484375,6701.46240234375,18899.9453125
P00558,PGK1,PGK1_HUMAN,15424.451171875,41809.8046875,23918.6640625,,,27873.421875,,15087.2607421875,8720.9921875,90096.140625,15726.7724609375,42463.3359375,20744.73046875,22810.697265625,23667.251953125,42488.33984375,22304.705078125,28333.044921875,17930.376953125,,30974.958984375,25107.625,23583.73828125,,74025.9609375,14545.0546875,23085.02734375,27526.064453125,,10713.1630859375,13178.4853515625,37338.85546875,9841.3349609375,12997.7451171875,10105.8740234375,,23328.908203125,11386.07421875,7972.7099609375,,7304.28955078125,51406.66796875
P00734,F2,THRB_HUMAN,84110632.0,60894408.0,46736368.0,89761512.0,51970560.0,45043788.0,54349536.0,46337052.0,70740464.0,32845624.0,49353632.0,33563536.0,36089192.0,49817876.0,46075320.0,42612240.0,42752540.0,52363664.0,25011822.0,23318568.0,38274652.0,47582736.0,36205344.0,60794432.0,30610232.0,40438792.0,40425312.0,35458312.0,36910136.0,33458382.0,31079914.0,23242920.0,35614184.0,34055568.0,53502384.0,43101156.0,22782454.0,56579108.0,42790084.0,29169784.0,28656270.0,33547970.0
P00736,C1R,C1R_HUMAN,15083986.0,12685958.0,8343943.5,11283095.0,9466198.0,5425481.5,11510226.0,8062582.0,11703190.0,5699155.0,10419458.0,8794569.0,8436143.0,9005931.0,7809375.5,5887431.0,8488391.0,4374648.5,9303675.0,8860046.0,5265085.5,10459248.0,5908258.0,7733332.5,6994679.5,7278130.5,5902874.0,6702357.5,8727643.0,7966573.0,6130100.5,5257581.5,9399335.0,10916713.0,11091108.0,7975894.5,5270568.0,11251259.0,7321221.0,11563092.0,7916119.0,7422019.0
P00738,HP,HPT_HUMAN,1708514.25,677126.5,62644.16015625,92616.8828125,149435.078125,291007.375,836438.0,371550.3125,152416.71875,197817.75,2333397.0,642087.5625,416057.84375,551049.0625,1158849.375,698972.25,1052457.0,174556.546875,647960.4375,606662.5625,663307.75,498462.78125,807970.375,738292.3125,341227.78125,1535042.875,1070400.5,102203.2421875,396760.375,768679.1875,1404017.0,413235.03125,270979.4375,22795352.0,1352418.625,181308.25,1307752.5,3410612.5,283873.6875,5824695.5,1144726.375,369076.6875
P00740,F9,FA9_HUMAN,8327836.0,4993963.0,6074915.0,4813210.0,5528263.0,4406235.5,5273059.0,4223528.0,6628190.0,2751626.75,4863424.5,1044897.625,2763729.25,2770200.75,4407079.0,2319754.75,2669199.0,3847636.75,1329279.125,1367777.375,4416477.0,2594749.5,3402735.75,3722372.25,2942597.75,4828490.5,4027926.75,2625381.5,3128250.0,796354.25,794226.875,1006437.125,3294990.25,3665893.75,5020043.5,3106329.5,1802315.0,6619091.0,3937833.0,471531.78125,665319.6875,3587896.5
P00742,F10,FA10_HUMAN,11935242.0,6446665.5,6498557.0,13443383.0,6484365.0,6582316.0,7947610.5,5127842.5,9017362.0,4923356.5,4465684.0,2362034.0,3634318.25,2691294.5,4028947.0,3636253.75,2468778.75,3314365.25,1788427.25,2101259.0,6346904.5,4715635.5,3219076.5,5898760.5,3438313.0,8728097.0,3873848.25,3950945.0,3047193.25,314282.625,548928.75,1206876.5,4019547.5,3218383.75,5999980.5,4320013.0,2308458.0,7878979.0,5307357.0,553321.4375,1176092.625,5191259.5
P00746,CFD,CFAD_HUMAN,1732483.875,1307455.25,2142279.25,1296046.0,1260914.5,824027.125,1433824.0,1452778.125,1004914.625,961560.1875,2452915.25,990680.125,1844185.0,1637234.0,1361133.625,997090.875,1789970.375,1490113.75,1252089.625,1890806.75,616665.0625,1287758.0,1200594.875,1716637.75,1317628.0,1305322.0,1337700.75,1286035.5,2904282.5,715254.1875,1048885.0,1977694.125,1614465.125,1226099.5,1689288.0,1383782.25,993467.5625,1308005.375,765773.625,1123438.375,925330.375,626687.5625
P00747,PLG,PLMN_HUMAN,115303288.0,83731184.0,69502680.0,90213536.0,102277512.0,90916440.0,85479296.0,70210592.0,118127312.0,45809464.0,58884792.0,70565584.0,67702344.0,84850952.0,67923112.0,67842248.0,69096688.0,63218556.0,77846368.0,83760848.0,59175812.0,56477856.0,51718240.0,65480316.0,49637044.0,61903968.0,62756012.0,51811072.0,79179728.0,49489716.0,59604808.0,40332556.0,72185880.0,85932240.0,81174056.0,90083104.0,40878628.0,65458224.0,69885048.0,46825872.0,64745328.0,56024504.0
P00748,F12,FA12_HUMAN,23252332.0,22571852.0,17855224.0,41606840.0,26671416.0,13844484.0,20849378.0,17630690.0,29290746.0,8798377.0,17320336.0,14281244.0,13207786.0,15179841.0,12265476.0,6715255.5,12999111.0,12140722.0,15564315.0,16331077.0,17640758.0,9954135.0,10719632.0,12366735.0,8200517.0,16857010.0,11539704.0,15167584.0,15606071.0,22357280.0,17602972.0,11574188.0,10679444.0,16160777.0,22183354.0,13332551.0,11811782.0,20726906.0,19003704.0,18970096.0,13344071.0,14789834.0
P00751,CFB,CFAB_HUMAN,107981424.0,82211288.0,67966536.0,92012160.0,99538992.0,63345492.0,84123944.0,69076248.0,87739216.0,39660328.0,98199712.0,62085968.0,80140384.0,87335992.0,86252176.0,81815128.0,76809448.0,76538024.0,90572344.0,96251576.0,78460560.0,77157856.0,64055232.0,82665032.0,56820432.0,93002568.0,77735808.0,65801544.0,98383112.0,51743924.0,73628320.0,61942436.0,60810592.0,133831880.0,106061976.0,72765008.0,73308064.0,97192768.0,57099284.0,75336424.0,75727664.0,73041272.0
P00915,CA1,CAH1_HUMAN,1163946.125,440326.71875,186981.328125,437092.75,421821.8125,148508.9375,470760.90625,939228.375,157382.796875,138478.046875,6705695.5,750699.625,1629322.0,2163406.0,840346.75,423845.46875,1116857.75,1928602.5,1090331.5,1114277.0,861992.3125,506495.0625,722483.8125,707581.75,1049904.75,1623679.0,989192.875,495296.0,1397964.75,1098322.875,1245993.375,821689.0,315232.46875,3894728.0,1265412.0,1463920.625,1567396.625,1837326.5,3789104.75,2169199.5,742054.625,910516.1875
P00918,CA2,CAH2_HUMAN,233444.53125,142639.109375,21488.7734375,67577.2265625,69729.2578125,17748.5078125,49240.5390625,139515.15625,15412.10546875,32388.1328125,1438534.625,193427.84375,365308.625,312309.15625,187593.53125,115125.3671875,254818.40625,377008.375,250513.734375,233524.0625,172385.46875,92666.453125,155676.515625,159446.765625,230055.375,340660.09375,234862.640625,101862.3125,322376.0625,173714.625,192222.515625,212464.09375,23388.16796875,854745.3125,220332.28125,201331.53125,308755.6875,382430.5625,662595.625,348754.25,121306.859375,195400.6875
P01008,SERPINC1,ANT3_HUMAN,124091112.0,97355584.0,65748292.0,80308168.0,126550816.0,59505164.0,89273424.0,82568224.0,106682968.0,55802844.0,78441944.0,82209512.0,72965568.0,80327984.0,74185168.0,66307852.0,69005128.0,71474208.0,86108888.0,78856952.0,66047860.0,51042132.0,64342452.0,60739596.0,53182652.0,67292008.0,64092548.0,63770208.0,72937984.0,80167536.0,68126320.0,59073144.0,69637856.0,65124552.0,89903352.0,78594168.0,61206112.0,82157496.0,69957488.0,76466208.0,65000424.0,77936232.0
P01009,SERPINA1,A1AT_HUMAN,308706.875,1137963.5,414415.0625,2700967.75,394963.21875,567901.5625,521486.5625,212932.640625,142689.3125,276272.6875,272299.0625,790837.625,877948.625,491204.5625,499019.46875,1810927.875,457227.09375,777671.3125,783179.3125,437685.90625,127748.8984375,2619822.75,165297.703125,1337161.75,403859.65625,290728.15625,195517.71875,140389.53125,241824.0,747383.375,731034.875,171395.75,236521.203125,1650562.0,767516.625,496253.3125,482224.21875,363326.5,157720.859375,503600.5625,1505877.375,815781.5
P01011,SERPINA3,AACT_HUMAN,321509088.0,187775344.0,143951760.0,186187984.0,247037744.0,191525984.0,226427024.0,209498384.0,252556736.0,124534344.0,235209216.0,206677904.0,222979808.0,164308864.0,176744192.0,170459088.0,191296624.0,158208160.0,253996768.0,257653536.0,158818080.0,159585664.0,142178784.0,159285888.0,155965056.0,211937808.0,163571264.0,160210384.0,177422912.0,212002528.0,206291680.0,120280584.0,179464144.0,381889984.0,172018432.0,210877008.0,124087816.0,208351152.0,196798080.0,239333952.0,183344560.0,213374352.0
P01019,AGT,ANGT_HUMAN,19998046.0,6285109.0,10014409.0,19218946.0,17204708.0,38669380.0,7201667.5,12431851.0,13464137.0,6027103.0,12507383.0,8475317.0,4404453.5,5319094.5,8710366.0,6288664.0,6433136.5,4979842.0,4799300.0,5480161.5,10110891.0,4918089.0,7269199.0,5071696.0,4739911.0,8254944.5,7727128.5,7313301.0,11033760.0,5275277.0,5536736.0,5657561.5,10127657.0,6568844.0,3917258.75,4161131.5,8308590.0,8799250.0,9235729.0,5530201.0,5096002.5,8537683.0
P01023,A2M,A2MG_HUMAN,2137532.25,4598822.5,1090630.375,4918608.5,3895200.0,5947948.5,1694371.125,1634281.0,1161211.25,1285458.75,325715.90625,2665548.5,1314239.875,1870532.625,2541299.25,667669.0625,954204.75,1836364.125,1592655.125,1844015.5,1536708.625,2001296.25,1437441.125,4193883.25,1155213.75,871727.75,1852636.0,1593563.75,1812447.25,1192446.25,1860564.25,1168548.0,2435188.25,2633900.5,1006178.25,1656400.25,349585.0,2120819.75,973728.125,3698897.0,667032.875,2323716.25
P01024,C3,CO3_HUMAN,11291768.0,62229976.0,5459722.0,53528336.0,18282704.0,8353124.5,42903724.0,5012822.0,5517144.0,14765435.0,49576200.0,10309379.0,44161120.0,80753248.0,36954396.0,56147276.0,39077408.0,66090764.0,26711464.0,27522032.0,14148185.0,54392976.0,18278692.0,41539720.0,36957368.0,23405276.0,22101808.0,6112730.0,36371600.0,58969580.0,49831088.0,6838559.0,14752377.0,49537880.0,50856160.0,43286352.0,37076268.0,44468288.0,11050680.0,56929072.0,71532536.0,7068551.5
P01031,C5,CO5_HUMAN,19874576.0,12709424.0,12477357.0,9588415.0,13219405.0,12433972.0,12522002.0,13757259.0,17531960.0,7468626.0,19613482.0,14993133.0,14167122.0,12374532.0,18343688.0,10951877.0,14908214.0,9844442.0,14568324.0,16847296.0,14005756.0,9716510.0,13656732.0,10207438.0,8126383.5,13606670.0,15506628.0,11696623.0,16681426.0,11281265.0,10697404.0,8418330.0,15783624.0,20693360.0,17049806.0,16883258.0,11567637.0,17342116.0,16646929.0,16474216.0,15461443.0,16726924.0
P01033,TIMP1,TIMP1_HUMAN,129737.984375,121438.046875,91820.1640625,104618.859375,101891.1953125,82623.7734375,77309.3046875,68847.4609375,88721.4765625,48902.203125,117096.234375,73918.96875,68113.6796875,61997.09765625,130318.9140625,96386.5859375,82014.3359375,91919.953125,97661.265625,83481.1875,21017.21484375,85320.4765625,57347.89453125,103889.1171875,91290.4375,81356.859375,59476.875,68956.890625,117246.7890625,49640.1875,51200.48046875,89909.7109375,93339.671875,100585.7109375,149646.71875,128347.3828125,74951.515625,86931.3046875,99546.6953125,189214.75,69884.140625,111394.375
P01034,CST3,CYTC_HUMAN,175374.109375,131986.609375,125554.3515625,75796.5234375,121851.2578125,82688.28125,149783.046875,113219.953125,126486.3046875,102194.1875,263453.59375,118037.96875,215219.21875,144999.28125,126468.9765625,143190.15625,112246.859375,173176.171875,189519.1875,174705.75,99132.7421875,134160.265625,88641.1328125,204824.71875,163487.765625,197893.640625,143376.03125,126025.9375,327923.625,54877.28125,98422.53125,179110.09375,168173.84375,147119.84375,123301.1953125,142630.6875,121402.734375,134762.15625,105175.703125,162951.328125,101020.015625,100720.0546875
P01036;P01037,CST4;CST1,CYTS_HUMAN;CYTN_HUMAN,,,,,,,,,,52090.6328125,,,,,,,,,,22035.96875,28770.501953125,,,30906.859375,,,,,,,,,,,,,,,,,,
P01040,CSTA,CYTA_HUMAN,77523.125,93363.515625,339678.875,52665.3984375,162938.40625,639439.8125,121584.890625,191259.34375,124118.1328125,879473.625,72646.578125,229332.203125,224146.859375,166409.71875,87914.9453125,307445.625,483130.96875,184420.546875,112220.234375,106308.5390625,152262.25,212274.171875,253783.03125,148279.59375,477218.28125,67902.765625,195261.890625,268358.5,88355.984375,99310.1171875,117463.75,392042.59375,261662.0,40558.55859375,72972.7890625,47609.046875,371130.15625,61081.64453125,86396.890625,50891.171875,58504.82421875,193253.046875
P01042,KNG1,KNG1_HUMAN,97099648.0,70331192.0,81330016.0,152909696.0,100374240.0,112488304.0,63897688.0,65279560.0,77568784.0,49222400.0,70859304.0,55499144.0,57920272.0,91862568.0,65087964.0,61514640.0,60114680.0,69856112.0,55753188.0,56887052.0,62132568.0,66547320.0,57768636.0,67117720.0,44181484.0,70708992.0,51105244.0,56006872.0,72567232.0,70882632.0,62811616.0,49408584.0,60600396.0,74815200.0,89996480.0,76975912.0,58355284.0,66760732.0,54156936.0,66365680.0,70740688.0,57723668.0
P01344,IGF2,IGF2_HUMAN,3448301.75,3271118.25,2522057.0,3307622.5,2676171.25,2565820.0,2576840.75,2129510.0,4425892.0,2052040.5,2198483.0,1146864.25,1767193.625,2887049.75,1300829.25,1819303.25,1557669.75,1319450.75,2249507.25,1938924.25,1058174.0,1413633.5,1103111.625,2019114.0,1457075.375,1672734.0,1274610.25,2077712.75,1544899.5,1123256.375,3255447.75,2042192.25,1469063.375,1953272.75,1707753.875,1803815.75,1178671.75,2138333.25,2131206.5,1808540.0,2556969.0,2782250.75
P01591,JCHAIN,IGJ_HUMAN,51211.6640625,230869.59375,148686.171875,184271.984375,408556.5,110233.46875,147611.03125,222899.828125,872906.0,194807.5625,158228.75,173706.5625,165214.796875,136179.515625,114767.9921875,143865.03125,111991.9375,188164.40625,189629.375,165529.359375,97157.21875,81817.109375,104438.359375,166536.84375,97241.1328125,210149.65625,144757.296875,166655.40625,131559.75,143040.765625,146376.828125,118429.15625,131320.71875,180464.203125,158995.59375,154998.484375,118695.3828125,142037.921875,132301.4375,142765.03125,118731.0,119354.0
P01834,IGKC,IGKC_HUMAN,107909.140625,259557.9375,276661.6875,115116.9375,309091.0,188757.71875,266475.96875,193783.46875,328899.3125,216976.078125,186971.203125,278424.375,182302.96875,166101.84375,154966.59375,135845.75,208746.59375,152251.328125,385277.15625,206885.09375,106978.140625,173811.59375,148248.015625,171987.109375,508600.46875,227676.921875,246087.328125,207694.9375,179649.21875,100779.40625,126057.8125,188603.734375,269719.1875,230253.34375,241993.1875,291468.0625,198119.359375,238544.46875,134537.484375,221715.03125,122614.765625,207588.078125
P01857,IGHG1,IGHG1_HUMAN,185559.875,329964.1875,375399.59375,402276.75,377817.40625,369679.65625,169319.78125,332903.5,544735.5,452807.6875,76519.1953125,199951.390625,169110.875,205898.0625,41559.31640625,168321.234375,404158.28125,156555.21875,238121.34375,233100.109375,215147.296875,159065.921875,184811.3125,157919.34375,1416357.0,118585.640625,132531.96875,169927.90625,152257.328125,67228.8984375,50252.6875,174694.0,161136.5,132302.203125,35729.8828125,54463.3359375,211471.625,105329.90625,80631.8046875,97214.5,93706.0234375,179205.046875
P01859,IGHG2,IGHG2_HUMAN,20413.978515625,45227.32421875,57103.5859375,44322.703125,78884.6953125,99787.96875,27300.341796875,38998.34375,93841.921875,59192.0234375,,169643.34375,69253.8828125,68298.0703125,71099.8671875,65274.875,64272.19140625,76382.3515625,68476.3515625,68798.8125,95392.6796875,31740.54296875,72987.5703125,74982.7265625,372047.28125,48806.80078125,122650.96875,56490.57421875,43046.93359375,69814.9375,51465.30078125,28393.052734375,31271.66796875,,35544.53515625,94362.515625,80263.2734375,34815.0703125,21739.30859375,,66073.1796875,32561.92578125
P01860,IGHG3,IGHG3_HUMAN,1553903.5,2148022.5,5595414.5,1002370.8125,3478127.0,1334784.875,2643249.75,1164117.125,3147992.25,3021998.25,2792323.0,2747933.0,2743363.5,1053287.0,1217104.75,3952034.5,1875645.0,1924714.0,1706715.5,1757967.125,853613.25,1405088.0,1055937.625,1859602.375,2984436.25,1867501.0,1616415.5,2138054.25,4921228.0,933854.5,1086579.625,2551072.5,3820082.25,1239595.75,1727412.0,2820783.25,1044306.1875,2623605.75,558008.375,1719325.875,586848.125,1043769.0
P01871,IGHM,IGHM_HUMAN,868571.5625,4487065.5,2947330.25,1738596.125,2992135.25,855303.8125,2110058.0,1685952.375,5831198.5,1772757.875,1148939.5,2133227.75,1273446.375,634762.75,769979.25,336643.6875,1316393.5,888329.75,1473500.875,1459344.0,590850.25,1662200.25,647831.5,1554298.25,1132303.0,1455806.875,1832406.125,2096360.875,937187.3125,700227.375,1183649.5,1233989.25,809468.0,4127764.75,800329.6875,1955454.125,719029.875,633162.875,1503330.0,1574403.375,789318.625,1756347.375
P01876,IGHA1,IGHA1_HUMAN,113493.96875,158271.28125,270057.28125,121277.859375,307398.6875,366853.375,204333.375,180903.875,100557.7109375,165730.265625,136146.171875,352409.96875,172267.96875,572820.8125,295575.1875,114577.6796875,301000.375,220483.5,143692.8125,106341.890625,112386.4453125,192902.59375,144125.84375,167021.203125,304010.0,265257.5,183885.90625,186159.578125,164325.328125,131288.8125,94514.859375,150003.265625,518707.28125,190150.53125,275192.625,141262.046875,225257.9375,357446.6875,94071.78125,205823.96875,219158.875,76871.90625
P01877,IGHA2,IGHA2_HUMAN,77451.5546875,96446.3359375,139027.453125,30936.3984375,132288.21875,166865.171875,99528.8125,92689.1015625,64975.2421875,134028.015625,132273.625,270169.65625,121405.5234375,335915.15625,82212.3046875,84206.953125,215914.890625,117568.4296875,62105.765625,38075.3984375,57137.7734375,80520.6328125,66896.5625,88537.15625,154153.09375,61593.96875,105610.609375,128548.625,157954.40625,65458.734375,52632.125,123884.1484375,452314.625,210483.578125,247031.453125,180149.9375,117292.9921875,377575.1875,90265.640625,205798.984375,78062.578125,60857.73828125
P01880,IGHD,IGHD_HUMAN,29968.271484375,,17317.458984375,,159050.390625,,232008.59375,23154.26171875,61448.87890625,30108.5078125,38696.1171875,,64914.4609375,188317.90625,5792.3056640625,6138.173828125,42386.83984375,,63243.4140625,64171.86328125,12802.2294921875,21850.05078125,,,14102.458984375,48383.88671875,4440.88818359375,5790.75732421875,92895.34375,29883.55859375,16013.40625,,219635.96875,,151353.078125,6259.46875,,919629.0625,328241.03125,10262.240234375,10970.4189453125,
P01889;P30460;P30480,HLA-B,1B07_HUMAN;1B08_HUMAN;1B42_HUMAN,11900.7490234375,,71596.96875,,,,,,,,,,17145.75390625,,,,,,,,,,,40799.38671875,17860.072265625,,,,,,,,13303.251953125,,78848.9609375,,58194.9609375,,,,,
P02042,HBD,HBD_HUMAN,,,,,,,,,,,214117.234375,,,28312.45703125,,,,,,33908.46875,,,,,,64253.84375,,,,,,,,1051922.625,72370.6328125,,,107067.640625,,60891.15625,,
P02144,MB,MYG_HUMAN,,,64947.984375,,23059.708984375,,,,,,76633.2890625,15935.3662109375,,,34441.50390625,15800.0283203125,62335.6484375,20579.0,,,,,,270221.3125,,,29920.98046875,28175.06640625,190731.9375,,,,,,42997.953125,28001.0859375,,,,24747.73046875,18579.919921875,
P02452,COL1A1,CO1A1_HUMAN,45171.9140625,70859.0,50925.35546875,26944.12109375,88664.65625,71622.390625,53213.01953125,41249.140625,44566.96484375,49560.48828125,29066.724609375,19054.416015625,55024.25390625,38191.90234375,46736.24609375,15542.7734375,22034.509765625,43937.8125,35563.9296875,,58253.7578125,31988.365234375,33857.015625,39103.64453125,24882.37109375,23599.91015625,59818.984375,43160.6171875,40866.515625,33069.203125,16406.564453125,42027.9453125,70346.390625,22986.81640625,38350.4296875,62568.2421875,26957.216796875,36631.46484375,21817.3046875,37089.90625,52536.375,48006.33984375
P02533,KRT14,K1C14_HUMAN,11196309.0,14802511.0,89836432.0,7088221.5,21437702.0,189320928.0,9998403.0,34720300.0,18202054.0,214524416.0,6804559.0,39865912.0,36414852.0,30734936.0,13591968.0,48992432.0,52346256.0,42948576.0,25725700.0,27602176.0,59213224.0,49842332.0,87378176.0,23137036.0,79900512.0,18438954.0,44280448.0,55347140.0,14403475.0,21761056.0,19469440.0,67608528.0,30469394.0,13075359.0,9989857.0,5652281.0,56362496.0,9810444.0,10549532.0,4832954.0,8527878.0,20303578.0
P02538,KRT6A,K2C6A_HUMAN,282017.28125,256977.0625,1207372.0,398967.9375,791971.875,2432410.0,616141.8125,847655.5,708695.5625,3083162.0,185068.703125,929701.25,858859.5625,733452.625,747043.8125,972665.0625,607759.6875,413146.5625,639260.875,1234624.5,1107212.25,792856.125,3803545.0,416159.78125,2297799.75,220640.453125,1270253.0,1521760.375,427989.625,1475519.25,676414.9375,1289891.75,886253.25,465769.4375,251426.515625,143685.09375,1136901.75,578135.5625,330536.0625,256299.421875,315321.625,864127.6875
P02545,LMNA,LMNA_HUMAN,,,52485.1640625,,,85710.109375,,15921.5888671875,,76821.625,,46667.68359375,21852.765625,,,26296.421875,85094.3203125,,,,74271.234375,30258.8359375,43911.22265625,20081.26953125,248480.296875,,25424.982421875,36076.41015625,10224.5791015625,,,112053.453125,20286.51953125,10378.6962890625,,,26007.1640625,,,,,195859.828125
P02647,APOA1,APOA1_HUMAN,200810.59375,374069.75,458639.75,739975.8125,622880.4375,405193.53125,283422.5625,589454.8125,509646.1875,420536.875,170985.890625,331952.53125,445983.46875,399825.28125,421031.6875,334501.96875,512134.125,635543.6875,921046.625,548678.125,439023.75,208456.171875,175771.75,459886.21875,380299.53125,672415.0625,300871.4375,249768.546875,303161.03125,703498.5,657378.625,210818.078125,389847.875,268742.96875,175490.21875,194637.875,570331.125,671136.75,578287.625,697729.125,475706.4375,501703.40625
P02649,APOE,APOE_HUMAN,15228872.0,19671612.0,14027563.0,24160316.0,14645714.0,5065001.0,17206924.0,5988516.0,5783092.0,12801202.0,13563386.0,5557935.0,15520563.0,51729472.0,24787334.0,50497872.0,11363306.0,44316072.0,13920406.0,16719838.0,8223349.5,24470266.0,13755630.0,29469858.0,19609852.0,27600572.0,12546983.0,10499424.0,20737516.0,38955784.0,36871172.0,7171870.5,8531414.0,12394285.0,13099652.0,14064101.0,16950624.0,18526412.0,14006806.0,15306043.0,28476364.0,7825868.0
P02652,APOA2,APOA2_HUMAN,63307128.0,7088779.0,55955676.0,17321712.0,13536563.0,28139820.0,13495224.0,4360350.0,9952472.0,3615308.0,6733778.5,9612988.0,4606439.5,9431684.0,3495860.25,17250162.0,2514966.75,13165863.0,2617510.5,3092407.25,4851057.5,5319701.5,3663322.0,4790081.0,2706419.75,13534545.0,3144337.5,2905344.5,3638967.25,5133617.5,4334841.5,2565269.5,4801832.5,5270431.0,12075192.0,14165016.0,3327155.5,4649875.5,2983331.0,2749110.75,3510440.75,1867508.875
P02654,APOC1,APOC1_HUMAN,17150176.0,3199918.5,8290134.5,2066787.125,3671617.75,4815752.0,4293938.0,2349461.75,5152484.0,4027015.25,4871339.5,4508312.0,13951755.0,22799108.0,10147322.0,14789481.0,4692825.0,9642127.0,4477039.5,4949704.0,2646579.0,16267027.0,12898974.0,15501294.0,6391911.5,8118152.5,11191990.0,4570499.5,7427939.5,4161378.0,3411306.0,2283375.75,5785066.0,7917797.5,10414753.0,8563749.0,3563612.0,3933856.25,3930894.25,1471782.375,3446863.25,1519884.375
P02655,APOC2,APOC2_HUMAN,983239.8125,621348.125,1932485.0,945499.375,312705.75,277628.25,385000.8125,411285.53125,624582.125,424465.8125,685514.875,368581.4375,1505384.0,2741626.25,834418.4375,2401027.75,556582.25,1614288.25,761830.3125,752912.5,583792.0625,1244315.375,1100222.625,2414569.75,898515.375,2060223.75,1475274.375,589368.0,1244398.625,3354218.25,5113947.0,465472.875,776469.8125,1876099.875,1613164.625,1226685.375,1426301.5,683508.0,1957646.0,941910.8125,1507501.875,445291.75
P02656,APOC3,APOC3_HUMAN,50961964.0,6888647.0,23733580.0,3913740.75,19607132.0,21481682.0,21964720.0,10025515.0,27503504.0,19385782.0,20708648.0,20031826.0,54917660.0,64605764.0,28775126.0,43171000.0,16735153.0,40439448.0,30451778.0,25816096.0,18903724.0,13620795.0,20798454.0,43209104.0,26497794.0,54737092.0,23937406.0,22823036.0,37461464.0,7276507.5,11948125.0,21451732.0,27458768.0,23472942.0,35186724.0,22749268.0,31308204.0,27125658.0,23329068.0,11572567.0,20549682.0,14536615.0
P02671,FGA,FIBA_HUMAN,3324407.75,87009472.0,4217300.5,77340080.0,26128398.0,3104691.75,68279632.0,14909862.0,51330924.0,8799988.0,71303080.0,7537030.0,107222960.0,22843110.0,8648672.0,47774564.0,40599288.0,39648512.0,20035010.0,22931384.0,15595086.0,89565072.0,11813168.0,104734688.0,84325960.0,19620546.0,15842056.0,8750378.0,64194784.0,152185728.0,142492288.0,6296840.5,8233594.0,47066336.0,37929832.0,31343278.0,71603952.0,48945612.0,4737915.5,64798556.0,55422696.0,3287276.0
P02675,FGB,FIBB_HUMAN,115596.546875,1552391.25,311695.5,1756564.75,1188153.25,126322.671875,664920.3125,890813.375,2656120.25,452654.375,812901.25,593303.3125,1236773.625,500174.625,399382.84375,503128.0,499133.3125,809317.8125,478590.25,492203.46875,551658.5625,224284.265625,347560.75,1382243.125,1411536.625,962555.75,1846258.0,853485.875,1128824.75,397218.25,925434.875,453885.4375,233220.90625,683503.5625,392754.03125,289381.03125,146347.3125,240612.0625,629114.5625,445427.71875,394093.03125,276862.5625
P02679,FGG,FIBG_HUMAN,113055.4296875,1156124.25,321036.25,1376247.0,741799.875,157917.921875,259090.0625,803884.9375,2159187.25,196532.390625,417867.28125,422777.375,768521.25,408745.34375,191100.59375,195813.953125,411154.4375,172250.359375,358541.8125,358057.625,377148.59375,185280.28125,266140.03125,616907.6875,502050.46875,223554.6875,1114980.0,583007.0,426227.34375,494615.5,395910.4375,368743.0,287038.84375,613587.0,371558.8125,288791.25,128117.65625,238878.90625,627796.4375,364411.78125,377258.34375,403589.21875
P02741,CRP,CRP_HUMAN,4132814.75,1203168.0,252914.8125,1051919.375,112383.09375,2165619.0,3718730.75,211637.75,142216.203125,102823.984375,2497391.75,383332.09375,271706.59375,257102.6875,979641.375,247497.578125,832002.1875,352016.9375,352661.75,331905.5625,224207.46875,538692.9375,710838.0,115710.40625,60781.44921875,299012.0625,890276.875,412252.90625,1044913.375,133559.40625,115192.5546875,415476.03125,834521.75,19030612.0,971300.875,113246.53125,373292.1875,476917.28125,222192.125,534045.5625,4450731.5,133749.59375
P02743,APCS,SAMP_HUMAN,82605616.0,46953908.0,53742672.0,46257072.0,32197000.0,34896528.0,60255008.0,23793416.0,48909016.0,20285660.0,74631752.0,38413212.0,42368152.0,49949236.0,50003200.0,38483672.0,58196824.0,35319320.0,48301708.0,41236376.0,36037476.0,40846068.0,38535656.0,36946424.0,35151692.0,54128792.0,42285472.0,29257296.0,64069636.0,36646784.0,33671236.0,32892914.0,45155104.0,88278448.0,64073644.0,52090984.0,40786444.0,68524568.0,36831516.0,54895280.0,57665592.0,29174084.0
P02745,C1QA,C1QA_HUMAN,17654524.0,12523240.0,11703370.0,12429108.0,13964217.0,7828370.5,14277347.0,9981862.0,16086238.0,7944693.0,16599212.0,10916294.0,13506664.0,9512486.0,9890492.0,7308126.5,10128042.0,5895039.0,14129912.0,16784238.0,9093907.0,13514429.0,7600265.0,11178154.0,9916020.0,13367569.0,7719467.0,11921763.0,14800712.0,8371099.5,9159928.0,7423913.5,10802552.0,12203340.0,12432210.0,12108206.0,6922425.0,9754580.0,8405064.0,10269913.0,6331641.5,8557718.0
P02746,C1QB,C1QB_HUMAN,36683196.0,26661546.0,27430108.0,27215752.0,26110224.0,20522050.0,31531424.0,18737988.0,32343882.0,17351546.0,33074888.0,21961602.0,26092446.0,19952596.0,17810032.0,16135329.0,22294608.0,11830565.0,28002308.0,29439820.0,19612504.0,27443538.0,16261381.0,18733968.0,18126090.0,20379906.0,14235393.0,23086624.0,29260894.0,19035864.0,18258542.0,17482718.0,25578352.0,28336702.0,27506718.0,27839748.0,17418516.0,24149800.0,19730262.0,25249536.0,15686302.0,21423102.0
P02747,C1QC,C1QC_HUMAN,80391504.0,61380072.0,58505764.0,65314756.0,52923316.0,37489704.0,60323624.0,41343116.0,68848048.0,31771146.0,79861272.0,43795300.0,50006444.0,38343388.0,40775268.0,34542324.0,47685888.0,25481300.0,61575876.0,56418668.0,34650192.0,56451460.0,32129632.0,42846656.0,38376000.0,40701288.0,30680442.0,46131092.0,56314480.0,35449384.0,36374256.0,34112056.0,47996300.0,55531632.0,63688764.0,50285568.0,30448346.0,51606868.0,40921480.0,48801828.0,32207372.0,40998616.0
P02748,C9,CO9_HUMAN,37428664.0,47780016.0,12371865.0,19515458.0,27828464.0,24714944.0,32832680.0,22365408.0,32586918.0,6964429.5,35199628.0,29447040.0,34440476.0,24646796.0,27886802.0,21152886.0,28081858.0,17263598.0,30567048.0,27847288.0,19551692.0,32301372.0,23679470.0,29752888.0,20680248.0,15480946.0,26452940.0,23261092.0,33549838.0,25949176.0,24609016.0,17627688.0,30211908.0,60691528.0,29118930.0,31329748.0,21679926.0,37604372.0,27943872.0,44950584.0,44497400.0,33067724.0
P02749,APOH,APOH_HUMAN,104380176.0,68868848.0,73489936.0,55280220.0,74621376.0,71931920.0,41400688.0,67764672.0,83935976.0,66740408.0,61106148.0,68494088.0,86365424.0,103295232.0,58996796.0,64431560.0,65522420.0,84093632.0,93062784.0,78218352.0,63048364.0,66537724.0,51064288.0,97490608.0,70298424.0,93581160.0,54249884.0,58620208.0,105745536.0,82331368.0,77441512.0,60814836.0,75323824.0,69379616.0,82222144.0,80559192.0,78163520.0,81276688.0,78736208.0,93249352.0,66452348.0,71171544.0
P02750,LRG1,A2GL_HUMAN,51031392.0,56472920.0,27574226.0,44060360.0,30263506.0,36146188.0,33547800.0,39606492.0,42770092.0,23196092.0,37204016.0,30688432.0,26837538.0,37124648.0,29110804.0,18415216.0,32079330.0,26628320.0,33086454.0,37935124.0,24192690.0,48355044.0,24992796.0,37847712.0,25815854.0,26078916.0,27178556.0,27394180.0,44166384.0,29306908.0,24859536.0,30544012.0,36206292.0,62419820.0,36818516.0,31447902.0,22726474.0,30097086.0,54663052.0,59765544.0,45836964.0,48794612.0
P02751,FN1,FINC_HUMAN,443473.84375,1994610.125,468609.65625,4849282.0,1031324.1875,304617.65625,1037975.625,1403484.75,2704837.25,254171.84375,5183371.5,2093292.875,9570992.0,1113774.25,566355.125,1812555.25,2371697.0,2685730.0,908086.0625,941290.75,779407.1875,19560078.0,508613.90625,7948557.0,11424517.0,3673252.75,1404786.875,2257999.5,2841848.75,9985232.0,8711005.0,432011.375,615958.125,1274247.375,2892203.5,2349064.75,6111420.0,4287009.0,588789.3125,3631546.75,1504412.75,506652.21875
P02753,RBP4,RET4_HUMAN,77671408.0,33126972.0,53678744.0,52593280.0,53995888.0,42121980.0,46294192.0,38905296.0,58809352.0,34782392.0,47265092.0,35630088.0,41080612.0,60552492.0,31696968.0,70377424.0,38034632.0,45549564.0,75701208.0,69906344.0,26803510.0,31074660.0,25365684.0,53532140.0,42401232.0,70634400.0,28876658.0,27860026.0,87434096.0,46974048.0,44388012.0,40365752.0,44492916.0,29094392.0,55633972.0,40496132.0,37603856.0,46562312.0,35862248.0,40517200.0,35182356.0,35010840.0
P02760,AMBP,AMBP_HUMAN,104744552.0,98909480.0,72123968.0,85145696.0,97125112.0,63303072.0,93383440.0,80081760.0,132784040.0,53427252.0,87299656.0,71500168.0,61573444.0,81446624.0,69936472.0,53798836.0,64428024.0,77978520.0,72326808.0,60998012.0,56802444.0,58018504.0,54884952.0,66264160.0,54787388.0,75219128.0,65223124.0,70228704.0,78093896.0,85222384.0,67727112.0,52742564.0,80210696.0,75753760.0,90243360.0,79329016.0,47354704.0,79042928.0,93226304.0,70014056.0,49638016.0,76875488.0
P02763,ORM1,A1AG1_HUMAN,61028.4765625,39854.0,36837.9140625,,43579.83203125,50067.83203125,18460.095703125,35881.0078125,,27960.080078125,45367.5859375,60466.1640625,53986.94140625,41313.3125,41673.28515625,39720.8515625,27113.98828125,36554.88671875,,41136.4609375,39739.4765625,38720.140625,25666.41796875,24984.75390625,22123.953125,55691.16796875,27023.796875,27006.373046875,27851.39453125,31229.0,61897.6640625,26398.16015625,22370.224609375,435216.40625,37956.21484375,32342.236328125,51805.7265625,27355.45703125,49871.62890625,73389.828125,185998.53125,89345.5625
P02765,AHSG,FETUA_HUMAN,145789296.0,132057976.0,73118688.0,183026944.0,128048760.0,114824816.0,130948200.0,78394128.0,181219616.0,74404344.0,72204968.0,102138952.0,85962600.0,113726104.0,84963768.0,76378696.0,72368760.0,139907280.0,109180656.0,109909672.0,73782376.0,92694528.0,68667768.0,107176208.0,49706808.0,92070712.0,71894632.0,79563240.0,90737464.0,49443916.0,98144768.0,77716016.0,124567720.0,66757092.0,158592880.0,112438352.0,83612080.0,120656544.0,74908832.0,101391064.0,85427456.0,98626440.0
P02766,TTR,TTHY_HUMAN,11840925.0,21273250.0,8168957.0,19143846.0,11569040.0,8575456.0,21874930.0,10173534.0,12514924.0,12588441.0,9706600.0,13486537.0,15745551.0,23325488.0,13321460.0,28112270.0,11566531.0,35994324.0,15793038.0,15255208.0,9126333.0,12936467.0,8305144.0,27628860.0,24637368.0,16994508.0,14235969.0,10723634.0,17084704.0,35971396.0,49251184.0,8668093.0,6376723.0,11666570.0,16373163.0,17142310.0,11466970.0,10195479.0,12548675.0,29704498.0,27107316.0,7968637.0
P02768,ALB,ALBU_HUMAN,448842.46875,1834315.375,1942077.75,1686135.875,1815096.25,1180100.25,553347.875,894707.375,2508344.5,1127035.375,753061.875,4041092.75,877832.125,1324782.375,863000.375,764345.375,1401888.375,1158286.125,1080740.25,1247311.5,917904.3125,504545.09375,814763.5,985532.1875,1925047.125,1162030.375,814118.3125,730900.6875,602820.8125,578088.8125,656278.5625,656819.3125,1134789.375,1193751.875,1211722.75,1117299.375,1399697.0,746752.375,607922.4375,461413.28125,517982.875,339574.8125
P02774,GC,VTDB_HUMAN,212493216.0,191419984.0,110807056.0,301932288.0,180982656.0,158632544.0,159782288.0,144281152.0,209946992.0,96393128.0,153546880.0,124462192.0,146475232.0,139999552.0,133212536.0,134046208.0,129445248.0,121927352.0,159659536.0,178361248.0,118969320.0,122331280.0,111575984.0,153298944.0,103457448.0,156044720.0,114169560.0,118998760.0,140781856.0,207673920.0,173252752.0,87154640.0,148510464.0,140786896.0,167434112.0,180915440.0,105158912.0,153162080.0,133887632.0,147144912.0,153884592.0,117442568.0
P02775,PPBP,CXCL7_HUMAN,9745364.0,21611240.0,4585253.5,4875102.0,8300355.0,5079852.5,7521214.0,10462744.0,7728460.0,2302200.25,6749778.0,19871112.0,7171996.5,7422456.0,12344897.0,16573919.0,6207544.5,12005685.0,24686846.0,25851640.0,4314058.5,5160213.0,10638007.0,11251217.0,15138032.0,7875108.5,7625603.5,5419284.0,9102186.0,4139167.5,7734875.5,11675570.0,3729093.25,9146444.0,22355936.0,41944720.0,8134774.5,11269648.0,17141888.0,27941652.0,3143237.0,16887096.0
P02776,PF4,PLF4_HUMAN,1190435.75,2467627.25,744196.5625,570115.875,603816.875,481975.28125,443488.75,805400.5625,883040.625,271265.0625,505968.65625,1408658.75,913560.5,644774.1875,638748.5625,1561407.0,684584.1875,937644.375,2936105.0,2078474.0,531894.125,537319.25,625336.5625,870483.4375,1392433.25,584999.75,440390.90625,408339.34375,1045648.875,719626.8125,664841.25,1026856.375,413608.0,848288.25,1818513.75,3406709.0,960968.5,1266910.875,1532666.625,1975260.0,331559.625,1437671.625
P02786,TFRC,TFR1_HUMAN,37411.921875,74418.1953125,22016.6171875,63117.57421875,61744.9375,33116.32421875,22772.462890625,26167.046875,28935.763671875,13727.7490234375,217492.046875,141712.03125,113512.2109375,82767.71875,92989.484375,70955.6171875,116785.828125,125143.296875,165704.984375,166388.046875,102091.28125,146324.375,76360.78125,83782.7421875,114265.625,144225.328125,111531.84375,142171.71875,212710.53125,45529.53515625,58693.2734375,83003.6875,122734.375,174325.171875,196774.40625,244957.65625,129251.6015625,154972.421875,183575.796875,147510.671875,169025.03125,387088.09375
P02787,TF,TRFE_HUMAN,1125184.75,1965111.625,1468462.5,7847394.5,2920762.75,1655493.625,404462.8125,1064707.25,805572.625,687541.25,186220.171875,875839.3125,705865.3125,2501925.25,633319.875,272454.9375,314782.5625,241512.234375,285854.34375,295831.8125,693447.375,605108.9375,436323.65625,599505.625,188433.03125,689209.375,379304.90625,225238.1875,211198.890625,726202.375,888710.375,199904.484375,650072.0625,617248.9375,3792607.0,459760.5,677277.0625,701658.125,500828.28125,1974595.75,2026215.375,332330.59375
P02788,LTF,TRFL_HUMAN,99959.6015625,82675.0625,84626.1015625,87347.890625,44487.84375,127356.09375,11004.599609375,61883.578125,68755.0625,83892.03125,101391.109375,87394.140625,41214.00390625,33425.640625,43777.4921875,38369.16015625,82336.1875,50745.6484375,57911.390625,47560.0390625,37061.2734375,37981.10546875,63047.2578125,35866.98046875,83419.7578125,24944.001953125,94247.234375,44765.8515625,36938.98046875,18368.349609375,38268.1171875,47266.4140625,37746.85546875,28786.48046875,56759.21875,35084.70703125,80172.9140625,43459.453125,39796.9140625,4680.61083984375,36657.3828125,17094.890625
P02790,HPX,HEMO_HUMAN,434237824.0,342474080.0,286508960.0,441867744.0,343451424.0,310977632.0,284685504.0,261730544.0,376263648.0,195438672.0,382021440.0,245149376.0,277757792.0,374190912.0,264909728.0,239580048.0,278332608.0,293095264.0,313892544.0,266854160.0,180669616.0,282034880.0,217209280.0,330514560.0,238649184.0,276351104.0,245349008.0,218706736.0,312174880.0,144164544.0,206072608.0,185619984.0,277681632.0,371553312.0,384447328.0,250306960.0,193037920.0,336983104.0,224300816.0,310541184.0,215541328.0,271387360.0
P02792,FTL,FRIL_HUMAN,101296.203125,,324548.65625,,35219.484375,,172344.203125,42763.1484375,30501.890625,,300342.90625,39301.0703125,78504.875,70436.6328125,21460.45703125,562238.5,154833.640625,70380.15625,84202.0859375,90263.9375,59964.2421875,,22189.34375,97452.984375,106401.953125,60279.7421875,31343.34375,44451.90625,83313.2890625,68481.4609375,61710.21484375,40842.94140625,57358.140625,349433.25,,35170.9609375,,,88116.1796875,,50428.1171875,144705.546875
P02814,SMR3B,SMR3B_HUMAN,29309.248046875,20986.484375,94999.96875,27011.89453125,52144.9296875,138152.25,29729.494140625,55228.6328125,39367.9296875,116343.359375,16531.451171875,51430.1171875,29895.21484375,47762.67578125,20330.890625,50686.61328125,17314.76171875,40592.87890625,53996.51171875,,67987.25,29021.265625,94133.1640625,33959.0546875,52563.5390625,24287.37890625,57299.87890625,30973.140625,16761.142578125,43385.5625,,54420.921875,39681.3515625,,,,59861.6953125,17666.6875,23605.455078125,30560.30859375,23396.28515625,29466.984375
P03950,ANG,ANGI_HUMAN,201411.578125,128411.203125,104803.734375,64378.74609375,195059.40625,111398.1328125,275979.1875,129269.6875,227885.53125,104877.5,194470.359375,167186.515625,254701.71875,131332.84375,173176.15625,290782.0625,115114.7890625,97916.625,255191.828125,180773.578125,148786.59375,128003.0703125,99868.5625,122931.703125,112663.0390625,260824.171875,169285.265625,87150.0234375,318366.5,96262.1875,103292.6953125,128991.578125,239205.859375,245500.734375,197711.1875,280485.125,227639.890625,288241.71875,277626.21875,269595.625,142319.71875,230483.84375
P03951,F11,FA11_HUMAN,3838269.5,2325475.5,2488917.0,3762258.5,2471143.0,2465059.5,2105217.25,2621159.25,3138434.0,1743042.75,3440237.75,2557877.0,3288858.5,3335165.5,2727953.75,2836585.25,2977119.25,1993732.75,1875693.0,1844803.25,1999186.625,3185574.0,2216796.5,2229666.75,1635622.5,2183122.25,2469049.75,1770389.75,2767747.25,3663381.25,3070744.0,2134513.5,2437232.25,3620969.0,2936187.5,3095309.5,2621547.5,3953018.0,1611810.875,2285762.5,2777937.75,2186826.5
P03952,KLKB1,KLKB1_HUMAN,26643658.0,9169345.0,14917052.0,20600592.0,14362341.0,22941850.0,10998028.0,14743501.0,17115016.0,9968022.0,11337299.0,12899259.0,12368875.0,16336053.0,14134864.0,13871984.0,12292790.0,7725570.5,10087819.0,10295224.0,14864696.0,9551108.0,12944766.0,9442604.0,4502863.0,12678459.0,13495029.0,10326981.0,12645950.0,5765141.0,8169453.5,9138578.0,10976070.0,14691414.0,14456515.0,9391956.0,9553147.0,13792763.0,9091013.0,7126968.5,8111726.5,11834429.0
P03973,SLPI,SLPI_HUMAN,6510.5947265625,4262.5078125,23063.470703125,2047.47875976563,5226.3115234375,27911.46484375,14839.14453125,16453.29296875,10189.951171875,38463.0390625,7258.3076171875,23426.296875,17368.685546875,10499.462890625,5400.5341796875,11730.89453125,19214.58984375,9290.5322265625,6151.51611328125,7066.88427734375,12441.826171875,11075.12109375,34085.609375,3419.02685546875,14564.5419921875,4860.39013671875,11870.69140625,9210.859375,12538.31640625,12428.1513671875,10154.849609375,15519.3125,22543.18359375,17595.8515625,5228.23095703125,12116.62890625,13150.5859375,9847.60546875,7343.5615234375,12212.3076171875,8874.5009765625,14971.1025390625
P04003,C4BPA,C4BPA_HUMAN,186893.421875,281664.40625,125282.9296875,760019.0,251017.15625,133764.8125,156102.0,291677.25,683179.5625,128319.2890625,324386.09375,163850.21875,280569.28125,177522.421875,240334.984375,240130.90625,240965.265625,197866.09375,38917.1953125,67041.5078125,167405.953125,385888.875,236490.625,630914.5625,137583.5,165153.703125,804668.3125,129045.5703125,248199.296875,90586.640625,119865.2734375,119037.53125,138587.265625,626266.4375,33467.546875,141187.84375,126470.6640625,363000.75,545117.375,255890.5625,453602.34375,389029.1875
P04004,VTN,VTNC_HUMAN,91125880.0,61198732.0,81552536.0,62696532.0,65044176.0,79032400.0,58858260.0,52711088.0,71962088.0,41109272.0,48209580.0,39271084.0,46657032.0,70054200.0,54502456.0,42294572.0,41302152.0,46328632.0,53539860.0,53877508.0,51632960.0,36448560.0,39476180.0,39503572.0,29351626.0,61341196.0,44780504.0,48509100.0,46354120.0,34640912.0,28802012.0,32236716.0,50322672.0,68559856.0,83202816.0,45192672.0,26201948.0,47369028.0,46543640.0,43014484.0,43569288.0,48573212.0
P04040,CAT,CATA_HUMAN,134804.484375,75887.25,162082.578125,48430.2421875,62950.43359375,315191.6875,84387.96875,151578.9375,59817.8359375,456057.375,510650.75,145172.5625,201419.703125,168535.71875,81027.5390625,165295.21875,193734.609375,198281.609375,157339.71875,143531.96875,194886.28125,127427.390625,184178.28125,130695.4140625,234386.109375,186500.015625,143256.28125,167425.625,163913.78125,128574.59375,143960.890625,226969.90625,77319.140625,324522.90625,114953.109375,104417.75,182274.3125,161245.25,252232.625,145531.78125,84029.296875,148417.40625
P04066,FUCA1,FUCO_HUMAN,49070.3828125,108750.734375,65735.7265625,19597.720703125,66275.3515625,,15293.2919921875,81744.8984375,,45497.9609375,,37307.33984375,14172.94921875,36255.9453125,40826.98828125,32340.47265625,47587.44921875,51550.16015625,,10272.53515625,17574.5,8685.1513671875,38886.25,8671.9462890625,28701.94921875,26525.4296875,47170.71875,31845.8046875,22533.1171875,,,9411.8154296875,16611.06640625,,35730.77734375,73653.921875,27264.923828125,19544.462890625,44850.04296875,12667.833984375,14456.2216796875,12126.0029296875
P04070,PROC,PROC_HUMAN,1152202.25,930434.5,960022.3125,1653007.5,1259621.5,599974.8125,900389.75,827531.5,886874.125,471237.21875,709288.5,396201.625,568273.875,729497.125,960785.0,740808.75,798135.375,795653.8125,329142.3125,300629.40625,616755.875,893849.25,864894.8125,949532.625,515677.84375,654620.125,759315.25,859193.1875,583831.25,225158.703125,184642.40625,254265.3125,384137.21875,274038.375,1120203.875,446802.96875,329398.8125,884811.75,594606.0,197760.234375,472930.625,439423.65625
P04075,ALDOA,ALDOA_HUMAN,189776.296875,427540.09375,121557.0234375,113299.046875,104487.9375,96508.53125,117917.890625,102107.0625,80587.9375,130439.15625,193809.390625,207108.4375,115358.6484375,50979.38671875,117552.6796875,71398.3125,243057.71875,134253.234375,123796.46875,129650.9765625,102151.484375,73997.1875,88909.171875,108306.125,316520.1875,187777.25,122888.1640625,99871.5625,90865.234375,57559.9453125,108005.84375,143013.25,74719.0390625,185591.453125,102857.84375,139657.875,115406.3984375,128857.015625,116256.046875,141470.4375,75609.734375,341130.21875
P04080,CSTB,CYTB_HUMAN,197119.625,12423.7744140625,40380.84765625,,,86092.9375,,11025.455078125,,51681.6328125,,29923.376953125,,,26828.5234375,32455.845703125,59641.89453125,13599.9619140625,9800.8740234375,,,14552.8154296875,30145.28515625,14287.697265625,190114.75,,21717.341796875,36852.84375,9278.146484375,,,39638.515625,29063.708984375,7490.2529296875,,,1.0,7534.8583984375,8666.2880859375,,25541.5390625,22740.603515625
P04083,ANXA1,ANXA1_HUMAN,,,43957.95703125,,9820.1181640625,108209.734375,,28042.48046875,,116046.4453125,,78076.8046875,32314.201171875,34751.91015625,,42057.3046875,22846.955078125,24962.75,41596.70703125,27544.078125,100025.828125,,48372.37109375,10016.7880859375,174738.59375,46043.19140625,44249.0234375,61971.984375,,10991.2978515625,12000.5966796875,53575.5390625,43125.59765625,,,,30346.669921875,,4856.51708984375,841.030456542969,7767.2001953125,26667.96484375
P04114,APOB,APOB_HUMAN,10278133.0,23747250.0,20176000.0,39984576.0,9355865.0,6253976.5,12175640.0,28414292.0,13188814.0,8827356.0,23249014.0,14003431.0,4899082.5,5840433.0,29213556.0,12115470.0,9516624.0,31723546.0,29937688.0,21985716.0,26501782.0,12141493.0,15444783.0,27434926.0,8111690.0,17287400.0,13766831.0,16060941.0,19836238.0,21710308.0,36444616.0,17119652.0,33038590.0,16420619.0,8095021.5,16955904.0,17719058.0,10189081.0,28540114.0,30261110.0,33713400.0,18759524.0
P04180,LCAT,LCAT_HUMAN,4041298.5,1683686.75,1488925.375,796617.5,1973517.25,1574787.25,1932873.875,1523306.0,2785604.5,1353470.25,2942585.0,2066382.375,2484765.0,3496667.0,2822103.75,2778234.5,2447159.25,2539066.25,2083909.0,1741029.5,1821219.125,2976789.25,2384277.0,2713505.5,2098198.5,1949887.25,2918000.0,1809010.75,3227383.0,439597.78125,768060.6875,1345493.625,2137696.5,2895424.0,2930274.0,2877395.25,1428411.0,2950541.0,1679559.75,1098379.25,2224971.75,1754868.375
P04196,HRG,HRG_HUMAN,56268148.0,65781788.0,29796834.0,22223906.0,28698392.0,10865131.0,28424982.0,43041076.0,36370752.0,19734130.0,16506108.0,33262328.0,29149232.0,51468224.0,43210944.0,42087176.0,20997208.0,22618610.0,30332742.0,23898106.0,42418096.0,32564314.0,32991236.0,46551632.0,17594978.0,15079666.0,39563132.0,20230610.0,39211264.0,28429630.0,23089590.0,14415752.0,34459852.0,17294380.0,50777344.0,26293322.0,21634446.0,32376882.0,19690406.0,25815364.0,24205682.0,43172964.0
P04217,A1BG,A1BG_HUMAN,235480528.0,237789456.0,141544448.0,285605216.0,266775408.0,203948224.0,206623824.0,186986064.0,267890304.0,100934688.0,194922656.0,161525120.0,178279008.0,196469760.0,198396912.0,170207136.0,139596048.0,208061728.0,177060768.0,176238912.0,167565632.0,160023632.0,170619648.0,193763536.0,134669456.0,151122736.0,177458384.0,151816656.0,199198464.0,88370160.0,160176976.0,108984368.0,182928960.0,186125328.0,206176080.0,192399472.0,142278208.0,216118144.0,197728480.0,201667696.0,176276976.0,158898064.0
P04259,KRT6B,K2C6B_HUMAN,9856825.0,14178166.0,689806.5,9876687.0,341587.53125,1668257.5,165910.8125,556584.4375,277296.25,3223471.5,9380861.0,274637.71875,529066.25,721662.3125,207745.359375,959614.6875,617649.6875,56514656.0,741205.625,432860.96875,1216586.875,306422.84375,3473818.5,307237.03125,1426580.75,126775.7734375,1234472.75,1333069.625,18841788.0,15414902.0,597264.5,1130045.875,270156.96875,141836.8125,13690425.0,7381345.0,1208211.75,15019191.0,17018976.0,7177332.5,13555050.0,494820.0
P04264,KRT1,K2C1_HUMAN,22310950.0,30214262.0,185194848.0,20880734.0,44119384.0,383198624.0,19887060.0,85563312.0,28741442.0,442695136.0,15224286.0,75332392.0,93081992.0,83064424.0,30695972.0,134925104.0,100944952.0,89568952.0,70936872.0,75473488.0,157950144.0,112416848.0,201236624.0,43428400.0,144322448.0,34669728.0,126373088.0,139318816.0,36096000.0,52114240.0,58132568.0,182029616.0,58065356.0,25102548.0,25959810.0,13763479.0,107166576.0,23286294.0,28381162.0,12837437.0,20255758.0,41138668.0
P04275,VWF,VWF_HUMAN,396985.78125,1163407.0,371501.0625,497957.03125,392266.84375,380914.71875,405997.03125,458540.3125,694617.4375,248821.203125,651368.4375,570514.6875,586932.125,326363.59375,469875.375,341606.0625,305058.8125,496801.3125,840767.25,865169.625,278058.625,318323.40625,378822.65625,759218.8125,534527.3125,502724.3125,475864.03125,426778.90625,516173.9375,227394.3125,318867.4375,428918.71875,413743.78125,1503018.75,448076.125,830738.75,559232.5,566090.5625,425813.1875,519939.0625,727197.1875,407293.34375
P04278,SHBG,SHBG_HUMAN,844073.5625,3146362.25,1488734.625,9719639.0,1346487.125,6730469.5,830155.0625,2026401.125,2488142.25,1572596.375,482592.0625,2028510.375,2235749.0,587106.9375,1320730.5,1013562.375,929133.8125,820055.9375,2360536.75,2081173.0,548591.75,2162400.25,1197403.75,3181907.0,882486.75,712208.25,1373014.625,1500476.625,1507001.875,1638935.125,2086720.75,883785.5,3152994.25,1508925.5,698931.625,1250543.625,914795.25,1142901.0,3463068.0,2424884.5,1924699.5,3245480.0
P04406,GAPDH,G3P_HUMAN,164493.859375,521535.03125,1016577.0,474248.5625,208855.75,1652831.5,146224.421875,365784.71875,202407.65625,2063417.5,373645.125,534204.0625,427967.125,385084.0,220594.125,569452.0625,1027992.25,556000.4375,339904.71875,278791.53125,551428.375,584579.0,1078182.625,293076.75,1403350.0,300784.4375,613064.3125,687377.625,100819.484375,156327.75,373800.6875,1039119.4375,388653.96875,277563.59375,198274.15625,144817.4375,623634.3125,181133.4375,170928.671875,236516.0625,171101.203125,916215.625
P04746,AMY2A,AMYP_HUMAN,23734.380859375,37430.12109375,40215.35546875,44746.5078125,46429.23828125,84361.953125,31047.912109375,31038.146484375,37719.11328125,82145.7109375,23647.80859375,32299.6953125,63598.61328125,37232.62890625,40315.359375,68252.2578125,51086.828125,40507.84375,60655.1328125,46312.828125,35019.48046875,60412.73828125,61259.62890625,53336.875,64104.74609375,33005.6328125,68240.15625,40377.28515625,59257.671875,44616.3046875,41284.62890625,44253.9375,42483.4296875,12541.576171875,41751.921875,62003.4765625,49980.4765625,49836.734375,30370.212890625,26258.69140625,34879.0625,64520.9453125
P04792,HSPB1,HSPB1_HUMAN,,49005.34375,116263.7734375,,21466.328125,194427.9375,,46365.72265625,,192223.6875,15310.826171875,51381.36328125,66430.0,33581.8359375,21741.876953125,25336.025390625,193609.375,25288.7734375,33374.2890625,52121.96875,61773.42578125,36916.7421875,97278.953125,38075.84375,494940.0,,61315.1875,74458.671875,35435.546875,32565.7421875,27923.4296875,153638.359375,58172.28515625,28018.990234375,,,49671.24609375,25898.669921875,46010.046875,,20804.275390625,279412.21875
P04908;P0C0S8;P20671;Q16777;Q6FI13;Q7L7L0;Q93077;Q96KK5;Q99878;Q9BTM1,HIST1H2AB;HIST1H2AG;HIST1H2AD;HIST2H2AC;HIST2H2AA3;HIST3H2A;HIST1H2AC;HIST1H2AH;HIST1H2AJ;H2AFJ,H2A1B_HUMAN;H2A1_HUMAN;H2A1D_HUMAN;H2A2C_HUMAN;H2A2A_HUMAN;H2A3_HUMAN;H2A1C_HUMAN;H2A1H_HUMAN;H2A1J_HUMAN;H2AJ_HUMAN,151760.46875,105213.65625,191606.09375,298480.0625,178422.40625,268756.3125,109103.0703125,189671.578125,,211432.953125,140289.65625,1474852.625,146693.625,104273.7421875,414397.6875,171388.546875,422699.84375,274655.6875,130013.90625,156267.90625,147039.296875,136671.53125,175706.859375,146477.09375,1743237.5,138108.046875,323501.0625,159590.1875,62367.9609375,99509.5078125,99902.484375,343769.90625,95651.6171875,145388.875,,55354.6875,82014.9609375,68257.8359375,,99375.109375,86360.5703125,479006.375
P05019,IGF1,IGF1_HUMAN,209217.890625,341694.65625,101737.484375,140360.046875,282669.84375,168073.34375,216912.671875,131924.734375,340777.25,157746.390625,151756.53125,84673.5,61819.28125,133459.1875,120778.265625,79738.5546875,95436.2265625,93491.5859375,127354.7421875,159940.890625,44283.09765625,26320.759765625,67055.4609375,96760.0625,70623.65625,259561.53125,89121.5390625,44393.1484375,38170.9921875,81115.1015625,127973.3046875,73006.1796875,137380.359375,125893.40625,133603.71875,280130.0,72923.28125,154009.046875,132698.546875,179697.234375,107744.375,54901.83984375
P05062,ALDOB,ALDOB_HUMAN,136576.5625,17645.99609375,31706.81640625,24063.7421875,44372.4609375,9889.9541015625,39788.26171875,38506.38671875,91514.953125,11564.193359375,52989.6015625,27548.95703125,77099.1875,97582.59375,27534.185546875,22230.474609375,68540.8671875,31873.892578125,35720.0625,41335.0390625,71019.9609375,5307.7919921875,5782.1640625,48014.671875,18866.265625,131346.203125,11975.5087890625,24996.220703125,61645.95703125,23465.56640625,31606.87890625,21308.390625,15256.294921875,11211.4794921875,94932.0390625,27949.8359375,38301.53515625,60230.46484375,24548.13671875,50065.671875,110356.578125,26374.578125
P05067,APP,A4_HUMAN,,67004.953125,,44208.20703125,65015.80859375,,,35948.1015625,36902.86328125,,58903.75390625,27484.904296875,,4340.68212890625,25361.369140625,52460.875,38486.796875,18940.748046875,34751.3828125,42427.984375,27105.29296875,49694.83984375,,63856.81640625,24850.3671875,33373.11328125,51157.7109375,23247.130859375,,,5063.7177734375,38383.1875,14698.1728515625,23562.529296875,65919.4296875,77346.78125,11923.3125,97164.265625,21276.169921875,55566.8515625,29265.373046875,31382.1875
P05089,ARG1,ARGI1_HUMAN,54369.5625,124424.78125,572057.5,63856.04296875,109502.40625,951975.875,47567.60546875,235947.578125,100016.546875,996312.375,39630.12109375,204421.90625,194114.703125,190274.390625,74803.7421875,297631.3125,389360.0,253642.875,158854.328125,173971.46875,308394.59375,332878.75,573179.375,152313.359375,456783.875,98486.8515625,337734.5,386730.40625,78605.5546875,117522.0390625,132085.3125,544022.25,193541.640625,61779.54296875,77760.8359375,32235.8984375,317970.59375,40800.88671875,57318.734375,24499.90234375,56305.75,228013.484375
P05090,APOD,APOD_HUMAN,987044.625,908667.25,873146.3125,460404.71875,620397.5625,744709.75,729980.4375,836858.75,420782.25,638258.125,878307.375,1232755.625,831401.625,515813.6875,851564.1875,566925.25,975739.5,730953.8125,786879.1875,914249.0625,695652.0625,723736.6875,598650.0625,896261.625,758994.4375,1094458.125,769165.5625,669364.8125,605648.5625,1239230.375,1676503.875,477968.0625,1140875.25,1101282.75,450162.71875,1051023.375,1095299.375,612964.9375,1604074.375,897629.3125,906025.75,583755.1875
P05109,S100A8,S10A8_HUMAN,318146.8125,543467.875,1256990.75,195661.03125,270476.65625,2455085.5,199469.375,487384.90625,395171.5625,1715613.75,283967.65625,784143.625,368761.34375,218855.453125,232219.828125,453820.3125,3114805.0,410961.625,209249.625,208086.65625,732037.25,457932.4375,945034.875,424885.03125,1996069.5,222475.078125,610645.5,672706.875,219083.390625,194708.84375,266704.3125,694212.5625,945548.375,426845.21875,368631.59375,92068.484375,1305546.75,323279.5625,126243.875,238445.359375,202451.828125,618225.8125
P05121,SERPINE1,PAI1_HUMAN,18684.009765625,15397.08203125,19551.970703125,,,,10472.6337890625,6628.32568359375,,,18647.791015625,7574.65673828125,6468.77294921875,5579.49365234375,,10637.7900390625,9526.251953125,14407.2294921875,,12036.0556640625,,7123.4521484375,,14930.880859375,9098.3330078125,9703.90625,,,,,6449.98388671875,7387.21630859375,7165.95458984375,18591.1875,26055.51171875,18948.80078125,7831.39453125,10137.791015625,10782.060546875,17876.998046875,,11270.330078125
P05154,SERPINA5,IPSP_HUMAN,5476186.0,3488987.0,3197278.75,6578790.0,4210588.0,3632089.75,4357743.0,2671707.5,4548160.5,3185251.75,5729968.5,4078763.25,4311811.5,4230729.5,3961663.0,4931321.0,2824161.0,4329382.0,4699625.0,4992379.0,2660093.5,2537239.75,2820175.75,3869354.0,3236937.0,5487387.5,3507529.75,2933219.5,4977147.5,4042978.75,3881242.75,2624572.0,2749015.5,2722152.5,5066959.5,5370604.5,3043361.0,4444678.0,2980778.25,2863242.0,2483838.25,2306886.5
P05155,SERPING1,IC1_HUMAN,62725840.0,25055724.0,24466400.0,7042127.0,24821156.0,26136148.0,20403038.0,35354536.0,33700220.0,16391286.0,14083903.0,22430772.0,10851549.0,14295899.0,19410480.0,7933864.0,11226840.0,9088226.0,14627538.0,14430123.0,21236576.0,12994972.0,17626756.0,11920928.0,7507907.0,28460848.0,15128246.0,17937612.0,12713382.0,19194808.0,17723908.0,17304828.0,20473976.0,27754034.0,12178580.0,17373596.0,7015950.0,16815054.0,33316604.0,27919750.0,20089652.0,49084352.0
P05156,CFI,CFAI_HUMAN,48549408.0,28417960.0,20699592.0,30839356.0,25779772.0,26993260.0,27569028.0,22078636.0,32872286.0,13935201.0,32918324.0,21960468.0,26145294.0,32061666.0,29625936.0,23170378.0,26085172.0,28476716.0,21364580.0,20962692.0,25670534.0,23302066.0,22351428.0,26735642.0,17188164.0,21954948.0,23763126.0,21400062.0,33859372.0,17113334.0,22356012.0,17205462.0,22635024.0,37849396.0,39353512.0,29139614.0,20033352.0,29721434.0,23687198.0,29898500.0,31095408.0,19861668.0
P05160,F13B,F13B_HUMAN,5067788.0,2693077.5,2379924.5,2693386.75,2643800.75,2360993.0,2909946.75,2815396.75,3266130.75,1499428.0,3346085.0,2513903.75,3490615.0,2639226.25,2507434.75,2657894.5,3393003.75,3288792.25,2848899.5,2886970.0,2229604.5,2672017.25,1924430.0,3542109.5,2559905.5,3173751.5,2325796.5,2644713.0,3327435.5,3352344.25,2830336.5,2454689.75,3545562.5,2917156.0,2606270.0,2600392.5,1962975.375,2838034.25,2325486.75,3963864.75,2393791.25,2525712.5
P05164,MPO,PERM_HUMAN,35545.98828125,59268.17578125,23982.11328125,,12994.29296875,49928.375,41902.72265625,34976.91015625,57912.3046875,48588.3828125,47173.09375,79550.359375,39957.80859375,40048.8671875,27847.24609375,24133.37109375,27652.982421875,59399.8515625,11426.505859375,51040.61328125,24559.625,26267.13671875,9674.4189453125,25221.35546875,42882.171875,34188.9296875,31797.00390625,16710.75390625,32063.11328125,28812.16796875,28719.416015625,27609.845703125,34163.4921875,44956.89453125,36874.1015625,,36386.6640625,36540.92578125,27009.01171875,33681.359375,51937.44921875,6368.2138671875
P05362,ICAM1,ICAM1_HUMAN,180625.0625,179773.453125,145900.46875,145085.46875,142042.484375,123350.4296875,130020.1484375,171545.828125,198018.890625,115151.0390625,186341.09375,180753.796875,127570.21875,171829.265625,115206.109375,99124.0625,71989.53125,133189.265625,194547.0625,185128.8125,120765.3359375,121897.8984375,79676.859375,132077.09375,128185.3203125,156417.53125,108420.171875,114399.8671875,132695.0625,160833.359375,148833.4375,116093.8671875,234912.21875,144876.78125,208676.109375,184819.703125,135047.6875,206457.46875,182459.859375,147947.59375,149593.5625,133457.578125
P05451;P48304,REG1A;REG1B,REG1A_HUMAN;REG1B_HUMAN,195543.3125,118002.3515625,132086.375,82320.625,130710.75,51481.8515625,132912.6875,84863.3046875,228145.921875,63000.953125,183986.4375,134761.75,146995.96875,117181.03125,151115.15625,109243.84375,148360.234375,120164.1796875,186767.578125,199324.265625,70797.75,140530.734375,101495.9453125,146717.125,71295.546875,177044.265625,154292.953125,150776.671875,381242.71875,137635.75,169252.46875,149818.375,197371.953125,89241.84375,225553.734375,117358.4375,152802.90625,81145.5859375,142846.96875,89345.78125,97145.3671875,99099.046875
P05452,CLEC3B,TETN_HUMAN,8779771.0,7524543.5,5156682.0,5643750.5,7161908.0,3701951.5,7406560.0,6415544.0,8108218.5,4181470.75,5746306.0,5080581.0,6019854.0,4922984.0,6298967.5,5849301.0,5379833.0,6392525.0,8253127.0,6973034.0,4435241.0,6133175.5,4678996.0,7230950.0,4989033.5,7182884.5,5166324.0,4783372.0,5226467.5,5417378.0,6889562.0,4656070.0,4602085.0,3331208.5,4650173.0,6769206.5,4669963.5,5212663.0,3368097.25,6069977.5,4515020.5,5345877.0
P05543,SERPINA7,THBG_HUMAN,4328508.0,4848256.0,2724158.75,6547887.5,2997166.0,1323070.75,3652721.75,3041845.25,4760798.0,2781175.5,4398581.0,3065601.0,2759716.75,3966077.25,2740906.0,3276011.5,2699910.25,3727014.75,5388148.0,4376439.0,3064325.25,3481461.5,2291753.75,3690593.25,2613413.25,2339201.25,2829679.5,3275886.0,3836844.0,3540989.0,3392103.0,2077494.75,3539360.75,2962684.75,,5395730.0,3118783.0,3822117.5,4049563.25,3590623.25,5479870.0,3780255.5
P05546,SERPIND1,HEP2_HUMAN,64932736.0,49523692.0,24541646.0,63730256.0,33290754.0,48362524.0,36847792.0,32653566.0,45281128.0,23119020.0,43399400.0,30079974.0,28115910.0,38901992.0,37802992.0,38673932.0,38312156.0,25363908.0,41822184.0,39297896.0,28490418.0,33435268.0,32250308.0,47554188.0,26243660.0,40838180.0,31920748.0,24093220.0,36152804.0,46688392.0,40904240.0,22605564.0,29276414.0,58134716.0,56180632.0,33953404.0,25821966.0,48250988.0,26738630.0,38135796.0,39852736.0,30710374.0
P05556,ITGB1,ITB1_HUMAN,16082.3681640625,17642.015625,8872.927734375,18225.90234375,27823.958984375,3208.02270507813,19885.37890625,18601.59375,13640.8642578125,5754.45068359375,8858.1123046875,6672.755859375,24305.423828125,4281.048828125,16640.1015625,10998.560546875,9455.7158203125,7078.515625,22497.259765625,17217.44921875,9640.9541015625,20149.9140625,8776.9453125,16940.28515625,11211.7919921875,22570.26171875,6816.87109375,11950.76171875,13412.2646484375,10614.9521484375,11283.033203125,8245.546875,10475.36328125,5878.96240234375,19827.69140625,9938.9892578125,,16686.22265625,21644.490234375,13642.478515625,17924.67578125,9046.361328125
P06276,BCHE,CHLE_HUMAN,4022903.0,3008881.25,3010626.5,3316137.25,2791275.75,1990588.25,2810632.0,2283860.5,3806708.0,1927253.25,1932210.5,2024941.0,2745865.0,3008095.0,1697911.25,2341305.75,2067870.125,2581458.75,3176001.75,2895629.75,2863511.5,2270400.5,1594594.375,1969865.0,1649316.625,2245874.75,1700610.5,2068350.75,2625269.5,3084689.25,2966087.25,1875405.375,2091764.375,2360640.75,3681452.5,1866098.25,1548186.75,3087348.25,1138162.25,5974823.0,1303060.875,1488984.25
P06396,GSN,GELS_HUMAN,55416924.0,46609528.0,35814900.0,45382148.0,43175948.0,32175878.0,49582100.0,39661360.0,42790120.0,30162648.0,27736914.0,31666256.0,43224096.0,33824288.0,34433500.0,36288736.0,39108884.0,31862370.0,37235204.0,44494048.0,18074182.0,26093812.0,28150152.0,37986240.0,25591600.0,39673576.0,27194254.0,29286932.0,36506088.0,37093528.0,38902332.0,34131784.0,30444082.0,21237928.0,29237192.0,46100784.0,31295422.0,39038100.0,24261184.0,28902312.0,29483376.0,26101316.0
P06681,C2,CO2_HUMAN,8958368.0,7510483.5,6300943.0,8236390.5,8190430.5,5843941.5,7676119.0,5396391.5,8209211.0,3972124.75,7217054.0,5908650.5,6360123.0,6568977.0,8018972.5,8039211.0,5849079.0,6235354.5,7182354.5,6741885.0,5846730.5,6102845.0,5734131.0,6478725.5,4847893.0,6003738.0,6324481.0,5887729.5,9121789.0,7180866.5,6604854.5,6412501.0,6374403.0,8390215.0,8527645.0,5913991.5,4887537.0,7639230.0,2991144.0,6043176.0,6962113.5,5080890.0
P06702,S100A9,S10A9_HUMAN,244871.75,371231.6875,878273.8125,187053.375,263474.46875,1921593.75,215537.84375,401710.84375,267485.21875,1633400.25,245252.3125,803099.75,379949.9375,189619.484375,220924.546875,378001.3125,2122546.75,341457.28125,184088.09375,230565.703125,705194.875,418092.40625,736751.1875,383327.5,1389054.5,239518.5,490846.53125,586345.125,187646.34375,307912.1875,262580.96875,595996.75,731671.4375,355039.4375,332928.8125,93696.6796875,1027772.875,248964.25,118663.765625,148722.9375,158112.875,419597.125
P06727,APOA4,APOA4_HUMAN,66203348.0,91142384.0,109618512.0,38937108.0,51254152.0,39940852.0,69442544.0,72915392.0,17878628.0,51969564.0,14703680.0,6826964.5,43289364.0,76762376.0,28746948.0,38959176.0,14514549.0,57923592.0,28534762.0,30975656.0,4001713.75,6869940.0,8216965.5,28442918.0,47973212.0,63327984.0,8062838.0,6946630.0,78292064.0,83596776.0,77894920.0,41052568.0,38123936.0,11989281.0,43153708.0,39247292.0,70802616.0,41338644.0,21555562.0,81122400.0,33566524.0,25215126.0
P06733,ENO1,ENOA_HUMAN,35013.546875,84022.7890625,59630.16796875,21651.439453125,23471.90234375,104401.046875,22391.52734375,49464.6328125,24872.853515625,182602.671875,43902.0234375,75650.0078125,43006.40234375,37576.46875,38806.765625,56887.26953125,103412.3828125,50763.5234375,41703.41796875,41530.90625,65282.25,47913.625,74867.671875,24341.33203125,206913.484375,57357.06640625,79032.015625,62995.83984375,27888.982421875,40522.49609375,48941.48046875,119379.921875,35622.2734375,46706.52734375,24035.822265625,19092.05859375,57620.0546875,44148.55078125,37365.87890625,24712.541015625,23444.13671875,179046.359375
P06744,GPI,G6PI_HUMAN,360817.34375,111399.859375,,,,69722.7109375,126380.296875,162937.359375,,168805.265625,150182.75,17236.125,7738.43359375,288399.09375,13246.4990234375,134922.109375,56007.0078125,91344.3046875,13257.814453125,107814.4921875,66328.359375,,53959.6875,15977.66015625,115569.53125,103890.4765625,11243.931640625,84147.609375,7377.50927734375,108587.046875,97847.34375,81782.046875,,206636.640625,14433.78515625,107974.375,91733.171875,,6664.751953125,262861.96875,71525.5546875,88738.90625
P06753,TPM3,TPM3_HUMAN,,71093.296875,21110.115234375,,,,,,,102004.75,62198.86328125,71936.796875,,,,,76109.59375,36010.07421875,,,,,50761.4765625,,39474.0703125,92766.765625,58322.87109375,29254.990234375,,,,55042.1796875,,50176.171875,23130.439453125,,,55052.671875,38621.1640625,,,
P06858,LPL,LIPL_HUMAN,,20626.5625,,,21771.701171875,,,,,,9008.8896484375,,,,,,,,,,,19682.591796875,10352.4912109375,17304.21484375,,,,,,,,,,,,,,,10088.2109375,,12982.482421875,
P07195,LDHB,LDHB_HUMAN,400529.4375,352262.875,249854.84375,105676.53125,366452.375,260662.703125,210562.828125,300543.375,345636.28125,189844.078125,200837.0625,268176.40625,104879.359375,116956.25,166789.015625,79310.640625,195400.921875,126241.0078125,72466.2421875,112500.375,81917.734375,77719.3359375,79389.4296875,147312.515625,245169.359375,163478.390625,123613.515625,72655.3359375,113655.6796875,116114.5703125,104567.6328125,103271.46875,152291.984375,170794.921875,156923.296875,156705.046875,121288.1015625,95292.8515625,70708.859375,93977.4296875,53270.60546875,268716.875
P07225,PROS1,PROS_HUMAN,7548399.0,4367298.5,5254616.0,4201202.5,4786322.5,2274371.75,5340259.5,4061869.75,6014565.0,3108738.25,3761723.75,1981607.0,4270180.0,3924890.25,3010868.5,2999041.0,4033154.75,3508864.75,992480.5625,965759.5625,3690871.25,2578677.0,2694385.5,3602736.25,2508930.5,6250553.5,2781706.5,3434826.75,2957998.5,1856782.625,3498937.5,2378881.5,3573614.5,1753515.0,4615268.5,4532610.0,2092890.75,4953224.0,2437455.75,3303997.25,2155860.75,3401321.75
P07237,P4HB,PDIA1_HUMAN,47107.4453125,60651.9140625,38061.16015625,35341.9609375,23641.318359375,26825.634765625,44662.83203125,30836.93359375,40153.2109375,36260.56640625,35774.01171875,41674.7265625,28496.533203125,39446.37109375,29029.419921875,32777.4609375,47386.30859375,33586.5546875,33034.7421875,27861.23046875,20878.482421875,29140.916015625,26063.53125,22911.8203125,120311.734375,46212.71484375,29221.470703125,22599.310546875,41019.953125,33824.34765625,35465.52734375,37319.25,31877.779296875,42311.7109375,40603.734375,40723.546875,31238.078125,40620.36328125,47505.34375,27126.255859375,21128.283203125,74678.4921875
P07307,ASGR2,ASGR2_HUMAN,91101.2421875,,65871.078125,56969.4609375,48729.01171875,,41708.921875,25183.4453125,,53798.31640625,30961.224609375,,,38201.28125,,9008.470703125,34036.671875,39881.6484375,72988.2734375,29309.39453125,19701.296875,21603.1484375,,39721.734375,25573.68359375,68791.828125,,15403.33203125,122930.375,15915.51953125,15466.099609375,52967.44140625,32356.21484375,84418.265625,26749.474609375,46301.2734375,35149.51171875,189129.796875,54347.15234375,,33832.01953125,55555.8046875
P07333,CSF1R,CSF1R_HUMAN,608505.875,500341.0,315336.25,379105.25,336666.6875,255741.546875,391789.4375,319882.375,343892.25,170612.71875,290976.75,198869.9375,287585.25,289384.03125,202239.015625,275941.5625,166652.375,200941.28125,465823.96875,375175.4375,136926.078125,259101.578125,227843.125,223722.953125,216251.78125,178639.4375,226708.5,236591.09375,254865.71875,318134.9375,330837.4375,342646.5625,223778.15625,194854.625,278531.125,234853.140625,193965.15625,320514.46875,308941.0,222057.578125,283998.90625,196067.71875
P07339,CTSD,CATD_HUMAN,214057.15625,186863.15625,458673.96875,166723.828125,151031.03125,618756.3125,133344.5,183642.84375,184229.46875,730456.25,136223.203125,271556.0,212883.96875,315824.875,115564.90625,232777.796875,494410.0,296361.21875,202639.6875,212160.59375,416144.71875,225727.359375,373521.5,183273.5,507331.125,233132.546875,227353.078125,277242.21875,210676.28125,211851.96875,172443.421875,417110.09375,339008.25,237320.703125,169242.40625,98718.9296875,364333.0625,118252.15625,127258.1171875,135077.828125,145388.578125,245931.1875
P07355,ANXA2,ANXA2_HUMAN,31131.546875,32765.533203125,274022.40625,46069.8203125,64286.7734375,575968.4375,9563.763671875,131236.203125,48370.7265625,826922.0,26754.97265625,142464.390625,142665.90625,117417.203125,65587.984375,194395.21875,281867.625,153614.234375,101261.15625,118464.7578125,260468.65625,153284.34375,302623.1875,69275.65625,711931.1875,58326.3515625,168375.515625,251257.890625,42747.68359375,85487.171875,85916.9453125,313299.03125,121096.921875,34242.52734375,63293.05078125,20156.388671875,246644.375,33385.76953125,47005.95703125,18139.388671875,47595.625,236661.28125
P07357,C8A,CO8A_HUMAN,9534756.0,8526086.0,5458423.5,7886115.5,8337452.0,4793129.0,7495520.0,6175701.5,8919084.0,3891713.5,8284435.0,6590516.0,9102279.0,7026559.0,4507811.5,6980988.0,7485873.0,6353534.5,8916222.0,7604947.0,5771074.5,6850338.5,3343129.5,8674876.0,6744637.0,6481824.5,4249333.0,4895483.5,6229347.5,5055479.0,8542273.0,5101598.5,5486179.0,11865937.0,9172352.0,7543429.0,5587648.5,9101696.0,6118800.5,9082248.0,9258470.0,5809619.5
P07358,C8B,CO8B_HUMAN,8202080.0,7659836.5,4112832.5,6303846.5,5263276.5,3703033.75,5620493.0,4933831.0,7421656.5,3814113.5,5637521.0,5096177.5,5394003.5,5698234.0,2833019.25,4648000.0,5658000.5,4108623.75,9264558.0,5538589.0,4183421.0,4557174.0,2148675.0,6369042.0,4516887.5,3964800.5,2482045.75,2838538.25,3286832.25,4571699.5,6585943.5,3226458.25,5433041.5,9682435.0,6812366.5,5973037.5,5484429.5,6587813.0,3885091.5,6919117.5,7746045.5,4686289.5
P07359,GP1BA,GP1BA_HUMAN,1090170.875,1070262.875,567344.625,958016.0,886884.75,837212.4375,639381.0625,858308.1875,724976.0,382877.0,755167.625,562879.875,517070.40625,962560.375,554309.375,554421.875,593595.3125,738704.8125,1398034.375,1409257.5,538512.125,843676.5625,562913.0625,576388.5,510170.1875,750091.5625,645085.5,631018.25,788628.8125,676326.3125,661537.5625,499491.59375,756948.1875,1450298.625,792160.75,797414.9375,465960.9375,769748.4375,1271352.75,1047436.8125,779345.375,982888.4375
P07360,C8G,CO8G_HUMAN,15733869.0,12207025.0,7798343.0,12502592.0,10332015.0,8207213.0,10703487.0,9924452.0,14196311.0,5729860.0,10586717.0,9394369.0,11247780.0,12141396.0,5584852.5,7823920.5,10835081.0,7338512.5,11805316.0,13110014.0,9946630.0,7052295.5,4623120.0,11014016.0,8938412.0,9331992.0,4656788.5,5626216.5,7216520.0,13884326.0,13295097.0,5900452.5,8411520.0,17270906.0,12980174.0,10878006.0,7862397.5,9919727.0,7823623.5,12546048.0,10858389.0,6778626.0
P07384,CAPN1,CAN1_HUMAN,56331.734375,127181.046875,112150.140625,48121.4140625,37049.77734375,239601.09375,22133.66015625,74687.21875,29596.197265625,212653.78125,51708.48828125,76699.75,,47393.79296875,35780.875,57394.609375,89484.6796875,57678.5,42738.8046875,,49614.48046875,55207.71875,63712.25390625,50332.20703125,125152.5546875,47028.1328125,63733.26953125,50056.828125,31910.59375,51812.140625,54819.49609375,52684.41015625,61556.734375,66602.640625,40174.88671875,,116039.90625,50310.0234375,40095.6484375,22242.046875,38682.87890625,53950.171875
P07477,PRSS1,TRY1_HUMAN,428592.03125,488922.125,653188.125,157713.9375,1233437.25,231684.296875,1669261.375,498196.25,141393.8125,914873.3125,978142.5,1702717.875,2328688.0,540658.6875,1111050.25,343475.8125,352975.0625,765514.75,1250451.375,151937.9375,146284.375,527498.9375,697153.6875,98588.046875,249427.84375,1620944.5,835426.125,1056122.0,181753.8125,230401.640625,1366410.0,1818244.75,51363.5546875,746267.4375,101532.65625,1001816.5625,756454.0625,92987.65625,465868.78125,128880.0078125,290336.46875,64077.984375
P07602,PSAP,SAP_HUMAN,,,5331.1103515625,68137.9453125,8003.32958984375,,,4779.54736328125,49183.1640625,,57001.87890625,13672.8408203125,6171.85107421875,,26755.501953125,69063.0703125,102477.921875,25128.01953125,14279.455078125,,56177.90234375,56570.30859375,82180.6171875,60032.2109375,43988.5,,94554.6796875,52902.51171875,26969.123046875,,,47269.95703125,,8601.943359375,119947.96875,48705.47265625,,8058.79296875,,,20455.693359375,24606.69921875
P07686,HEXB,HEXB_HUMAN,20886.966796875,,14147.3876953125,,19249.318359375,23434.03125,,15868.4345703125,21291.15625,,,,13696.4384765625,,14743.197265625,,9107.4951171875,,,,,16489.63671875,8985.7216796875,14707.623046875,18327.287109375,,,14293.6416015625,,11571.1611328125,,,17042.02734375,11239.9091796875,,,14893.51171875,,,11464.1123046875,20045.30859375,
P07737,PFN1,PROF1_HUMAN,179961.09375,1799289.375,37265.0859375,205167.1875,36401.30078125,55373.23828125,139565.75,185543.421875,106993.921875,28474.572265625,346997.78125,725797.5625,108995.859375,54198.7734375,210181.578125,97432.5546875,396348.375,137952.265625,107931.703125,78877.109375,159294.59375,48836.3125,59064.72265625,69267.3515625,256680.75,551043.625,370438.6875,120760.8984375,133587.296875,62342.359375,89078.78125,122141.046875,42116.00390625,563601.8125,183854.625,54448.51953125,117992.0078125,344458.375,231759.484375,86742.984375,133755.9375,131387.203125
P07738,BPGM,PMGE_HUMAN,9041.919921875,,,,,,,8732.5703125,,,136341.25,9493.3857421875,,,39676.9140625,,,45581.78125,59335.0390625,24168.13671875,10628.0478515625,,39727.859375,9067.26953125,11580.783203125,14225.38671875,,,19706.041015625,12474.6171875,5827.97119140625,13160.935546875,,85810.5234375,,,37875.125,16328.2919921875,20135.5859375,113689.0859375,,80338.53125
P07858,CTSB,CATB_HUMAN,56050.1875,63026.140625,69722.4140625,25697.03125,66828.0078125,65822.6953125,62031.83984375,53629.0,71642.4609375,64578.90625,46661.33203125,47105.421875,73655.796875,24890.53515625,48690.171875,60532.92578125,97690.203125,33236.046875,61403.42578125,50012.41796875,39687.01171875,61116.93359375,42054.140625,56201.5078125,75783.75,40078.9453125,52509.6328125,75534.078125,51164.09765625,49988.3515625,34255.8359375,47798.1640625,91057.1953125,46801.2734375,47357.03125,37836.7890625,78457.296875,37680.0703125,78826.5234375,68602.65625,46267.77734375,102939.1484375
P07911,UMOD,UROM_HUMAN,86812.3359375,51806.12109375,35153.4375,,109446.7109375,36246.44921875,45851.71875,62351.4765625,71745.203125,36046.4921875,20014.330078125,29427.66015625,18084.89453125,23474.146484375,35326.08203125,14948.25390625,10330.7109375,13158.59765625,22472.978515625,,,21917.83984375,13373.4892578125,16783.998046875,9382.40625,63051.5546875,19049.734375,13225.6962890625,,17452.943359375,21560.58984375,13258.4052734375,28837.796875,1.97431910037994,10624.4365234375,19344.712890625,,22586.333984375,25294.474609375,,18703.625,29395.8359375
P07942,LAMB1,LAMB1_HUMAN,56906.0390625,61442.53515625,42557.328125,65444.453125,73017.0,35752.5,48705.23828125,47071.54296875,55656.21484375,26230.5390625,34621.12109375,50222.87890625,55717.78125,31464.44921875,43116.1484375,44709.8515625,50834.87109375,53922.6875,63450.953125,76299.2578125,29867.490234375,47439.21875,30958.40625,48436.07421875,43638.45703125,41543.9375,32462.5625,43306.2890625,44392.421875,49730.35546875,65388.27734375,53320.2734375,65779.7265625,50807.921875,59187.63671875,57326.9921875,38916.00390625,55014.31640625,63961.9375,75196.390625,75407.3671875,47183.58984375
P07996,THBS1,TSP1_HUMAN,819108.0625,2076067.375,397229.6875,490301.875,649416.25,422649.03125,477204.40625,643379.125,951765.4375,187956.0,723427.3125,2466146.5,697246.375,579807.625,707849.0,1191086.625,626337.625,915688.8125,3152470.5,2295415.75,491385.875,486818.59375,572737.375,931367.8125,1065479.125,820175.25,707239.875,620700.5,761792.5625,557025.375,632141.375,882729.3125,533993.375,1431477.5,1483973.75,2504940.25,897619.375,1223041.25,1206342.125,2632234.0,456905.625,1582561.125
P07998,RNASE1,RNAS1_HUMAN,16917.642578125,13874.806640625,42369.87109375,10534.619140625,19184.76953125,14165.15625,15452.7607421875,12298.1708984375,21469.669921875,8437.7236328125,13587.38671875,18829.724609375,27776.48046875,14984.27734375,12406.931640625,14049.1455078125,22324.08984375,17440.015625,15460.2919921875,21861.16796875,7228.64892578125,12969.828125,16724.15625,30444.5234375,16646.216796875,18223.52734375,27028.625,23222.08984375,41331.1875,10649.306640625,9005.7548828125,46069.0234375,34224.859375,24640.609375,28279.44921875,10886.3125,11039.62890625,17733.83203125,9228.9208984375,14485.12890625,10887.345703125,11371.7490234375
P08185,SERPINA6,CBG_HUMAN,2914488.25,2700767.75,2332525.25,12100425.0,2750679.0,8005713.0,2061856.5,1995001.625,1939617.75,1014874.5,1341583.5,1816037.75,1710073.125,2072734.625,1807107.0,1171478.25,1525680.5,1448022.375,1625111.125,1542331.625,1206625.5,2087903.0,1472619.125,2198634.25,1309330.75,1374365.25,1291857.75,1469164.375,1489175.0,1802272.75,1687783.375,1143616.0,1663277.0,2274574.5,2261244.5,1703832.0,1462537.0,1462703.875,1585366.75,2822782.5,1934202.375,2110616.0
P08195,SLC3A2,4F2_HUMAN,177155.203125,165470.375,67971.03125,121455.625,114509.09375,85571.25,126752.7734375,84145.0859375,97017.6171875,50234.421875,54989.5,54604.08203125,52826.0390625,52156.515625,48259.48046875,60253.5625,63494.94921875,59379.4765625,87496.984375,70810.328125,30155.587890625,44383.9140625,46883.3671875,59689.4140625,38842.0703125,38233.75390625,53351.015625,50919.7890625,53838.890625,78324.96875,72192.265625,41161.87109375,79028.140625,63354.1484375,79326.0859375,91857.1015625,35090.34765625,66801.3203125,77961.15625,56140.24609375,81335.421875,47016.81640625
P08238,HSP90AB1,HS90B_HUMAN,34986.24609375,27770.9453125,14612.7861328125,15528.9453125,27816.240234375,,,8729.9306640625,,14038.873046875,25077.150390625,12654.8935546875,,8317.8095703125,18236.416015625,,16410.31640625,17410.373046875,,15903.939453125,,17099.3828125,9621.4033203125,23639.904296875,68882.0,14485.060546875,17986.40625,13719.369140625,23474.208984375,,,10455.2177734375,12875.724609375,,20830.541015625,,12897.240234375,12811.625,11315.5654296875,,13436.15625,39272.06640625
P08253,MMP2,MMP2_HUMAN,152262.734375,146037.015625,104203.421875,122591.078125,169559.09375,128780.703125,150454.625,174854.390625,185205.21875,84486.7890625,73699.96875,127671.3984375,113230.78125,87767.203125,101131.5390625,72652.25,84298.234375,86721.921875,126849.0859375,102328.53125,41357.71484375,88266.7734375,82162.9921875,109220.984375,123930.578125,89707.15625,72232.6875,76436.1484375,105244.3203125,117609.234375,113386.5234375,132391.5625,151641.40625,110679.2265625,124429.2734375,139719.671875,77624.078125,80788.6484375,101968.2109375,173392.640625,120262.9765625,131279.78125
P08294,SOD3,SODE_HUMAN,242276.71875,223855.953125,177188.53125,286442.875,3140423.0,143342.875,192606.3125,300670.46875,273515.09375,155902.328125,132243.453125,194098.53125,390321.5625,254432.078125,215273.8125,191141.78125,250734.140625,237620.3125,211175.0,230917.9375,140535.0625,266113.1875,192419.21875,346156.15625,169977.84375,181545.78125,191324.828125,1387736.0,228670.0625,161890.59375,231695.296875,297684.71875,283031.8125,122152.609375,270943.5,254406.078125,174183.15625,223428.296875,210930.65625,239532.890625,185992.65625,213507.078125
P08493,MGP,MGP_HUMAN,1.0,7662.94140625,624319.9375,,,,277278.03125,214098.84375,,164049.59375,264104.65625,74131.296875,251320.34375,363814.5,12631.1484375,,71364.7734375,275576.9375,144113.40625,203648.34375,240868.5625,1305.06213378906,118804.7578125,119693.0234375,78682.046875,10370.20703125,225550.15625,10577.7587890625,134464.421875,81037.2109375,80336.8984375,221937.546875,78441.828125,,2458.80859375,106845.8984375,155999.90625,3942.21826171875,,107545.0390625,1874.94921875,72840.3046875
P08519,LPA,APOA_HUMAN,3175664.75,43395.3046875,1785180.25,1604028.5,3674654.0,1435057.0,5520531.0,1105613.75,1335399.0,1023894.3125,1383673.75,5520484.5,2218311.0,6073165.5,2456135.5,1833094.5,2116441.25,93620.15625,2938842.0,1530764.25,1220465.0,819920.375,1341203.25,2409381.75,1270712.0,2335940.0,2052748.25,1076294.0,322911.40625,1875337.125,2134056.25,1525698.875,11721734.0,714544.3125,1906757.625,2810042.75,1269471.0,2554747.75,929629.3125,15805023.0,5037729.0,1294401.75
P08567,PLEK,PLEK_HUMAN,6852.49072265625,72265.015625,,,,,4968.90478515625,5814.7919921875,3057.54565429688,,9034.4072265625,6994.287109375,,,,4269.53076171875,14336.404296875,,,,8222.80859375,,,,,26866.482421875,14676.9248046875,2467.5244140625,3532.14990234375,,,3486.80737304688,,29428.23828125,,2907.17041015625,1759.74169921875,17400.14453125,12579.88671875,,,2713.99877929688
P08571,CD14,CD14_HUMAN,1859743.5,1520959.875,1417654.25,1067355.25,1599886.75,1065915.5,1612361.75,1302976.125,1305931.375,804372.375,1523098.5,1055550.125,1186314.5,1152256.375,762781.0625,917718.8125,1110593.125,994770.375,1524502.25,1542023.0,981906.5,661721.0625,654760.125,902232.5625,717443.875,1257947.75,711823.75,1174002.0,1345637.75,896951.1875,787729.9375,1682866.5,1372126.125,1700449.5,1315214.375,1480904.75,1091310.0,1239411.0,1507447.125,835987.3125,860197.9375,1153570.125
P08581,MET,MET_HUMAN,33483.3515625,12199.40234375,18337.33984375,23987.078125,22133.85546875,20919.693359375,24783.119140625,17628.134765625,7519.83251953125,12650.576171875,19620.140625,18756.37890625,26738.771484375,10744.79296875,19158.3515625,9383.66015625,16160.046875,23487.265625,21292.5390625,11779.169921875,,20577.208984375,14813.548828125,28879.626953125,15052.9169921875,16272.970703125,15248.7294921875,18322.7265625,18454.564453125,7421.9052734375,22198.345703125,16170.5859375,20288.91015625,17567.904296875,13761.892578125,5731.671875,4469.83935546875,10106.0791015625,8557.998046875,19250.560546875,9930.1787109375,26250.6015625
P08603,CFH,CFAH_HUMAN,107884560.0,79719416.0,67567720.0,82078240.0,68509440.0,54406380.0,63750812.0,66630692.0,82325224.0,33654404.0,86926120.0,52694088.0,70130976.0,95802336.0,59179324.0,59704692.0,80182808.0,68313896.0,70885000.0,66765072.0,52905480.0,68288352.0,47508544.0,62364840.0,51602140.0,53015344.0,51564896.0,54402324.0,79993744.0,63708964.0,60083268.0,43508536.0,59702824.0,111322904.0,91805888.0,76173744.0,47101280.0,91418520.0,57229548.0,72451776.0,61310716.0,54555356.0
P08637,FCGR3A,FCG3A_HUMAN,435218.90625,929505.875,368969.5,258536.59375,669714.0625,515479.3125,474157.0,288107.9375,637153.9375,145678.765625,521252.375,434107.0,395960.96875,415075.15625,392115.4375,284337.28125,264329.5625,727370.125,877947.3125,725820.375,456686.9375,320614.4375,305836.59375,276125.375,127709.640625,465076.03125,464085.0625,402638.53125,312883.8125,384598.5625,381713.28125,276283.21875,353585.15625,228076.703125,248825.515625,633751.625,512861.8125,263964.3125,647140.5625,605689.75,567090.25,327360.0
P08697,SERPINF2,A2AP_HUMAN,69992608.0,45682036.0,46374312.0,50269376.0,63767680.0,40491848.0,45534620.0,45174580.0,57558148.0,29750538.0,41898440.0,39648704.0,37533608.0,38579380.0,32428826.0,24863784.0,34585556.0,33013974.0,39728456.0,45209964.0,33156634.0,29748426.0,26844518.0,28595374.0,27068470.0,37006240.0,26193654.0,33426926.0,44727992.0,27762934.0,37555448.0,20068670.0,20822584.0,37221760.0,43302524.0,28618718.0,26576522.0,38017524.0,36348784.0,22168136.0,20612478.0,25620248.0
P08709,F7,FA7_HUMAN,381751.78125,310688.78125,96519.6328125,394698.40625,90101.1796875,333468.9375,253989.6875,194283.1875,266843.28125,159835.578125,196347.90625,112986.8203125,160742.15625,206699.0,170101.015625,126540.0625,83821.25,173901.71875,136582.5625,39344.76953125,235487.453125,140794.328125,136769.8125,224688.90625,92263.109375,232031.3125,169969.265625,101180.4375,216921.65625,57008.83984375,41984.8046875,92595.703125,120415.65625,48342.09375,230102.765625,216651.25,112186.703125,284531.75,240168.71875,79654.6953125,61807.55859375,200582.34375
P08727,KRT19,K1C19_HUMAN,72294.5390625,109886.46875,783357.6875,46923.34765625,157437.28125,1619257.5,84588.78125,418849.9375,140057.4375,2319093.75,156939.671875,370650.65625,395556.53125,366735.625,166345.9375,726430.125,581340.25,371886.5,332116.8125,431335.5,1056406.75,351172.875,2049182.0,276144.4375,1512773.875,113759.078125,886688.5,884587.3125,252790.546875,309540.59375,363312.875,871688.6875,337952.28125,77759.4921875,58199.046875,36582.66015625,632760.9375,92388.2890625,153305.171875,37293.0625,98306.65625,631495.625
P08779,KRT16,K1C16_HUMAN,278431.65625,391473.875,2519643.5,287784.9375,1294149.875,6502018.5,538925.875,1783785.0,640270.75,10461651.0,211714.09375,858081.375,1584117.125,1633367.375,505834.4375,2845417.5,1373277.125,1334471.875,1665084.125,1599234.125,3114322.5,1303675.25,11018359.0,863229.8125,3568117.75,361140.03125,3725799.5,3349912.25,668479.3125,1803201.125,1728655.5,3673967.25,794597.125,368402.4375,184759.828125,163583.953125,3247584.25,407661.75,783913.125,107250.8984375,547285.9375,1615122.0
P08833,IGFBP1,IBP1_HUMAN,,,,205218.546875,,55191.984375,26425.828125,34627.890625,44244.99609375,,,,30197.2109375,,68547.9140625,,,,149192.234375,114346.4140625,12857.5107421875,,14896.7802734375,,29867.927734375,,,38953.2734375,,,,,81695.3046875,,,21204.462890625,,,,54933.5859375,,98684.75
P09172,DBH,DOPO_HUMAN,575499.8125,1123853.375,360743.78125,846072.5625,782807.6875,195113.34375,400547.21875,176932.140625,782684.5625,126431.6875,336965.40625,60416.35546875,252113.03125,280362.9375,87063.7890625,170702.171875,339822.9375,124702.859375,1314236.125,819798.3125,162793.046875,206491.390625,81684.125,158505.625,159981.96875,168161.109375,92039.09375,192992.4375,476024.5,1018072.875,1064072.375,211183.0,52024.0546875,59623.6953125,670145.8125,184690.890625,237500.03125,290794.875,168080.90625,941262.3125,330221.59375,476032.8125
P09211,GSTP1,GSTP1_HUMAN,28515.6875,63186.71875,44281.015625,,16216.568359375,54020.8671875,20353.833984375,40575.671875,28459.26953125,135316.515625,25431.3046875,44233.86328125,35979.7890625,35887.19140625,,63689.8515625,45648.27734375,21682.958984375,33280.6171875,26903.8984375,35911.21875,28811.0,32084.45703125,26951.28515625,157950.25,38750.79296875,29151.533203125,27829.779296875,23387.236328125,25066.68359375,17895.984375,89868.84375,25220.05078125,30729.1796875,,,28317.69140625,23845.8671875,23113.607421875,21006.41015625,,151829.265625
P09486,SPARC,SPRC_HUMAN,94703.546875,193364.40625,19133.876953125,56286.64453125,65378.70703125,34281.625,89307.84375,81526.5390625,68105.21875,31668.39453125,61087.91796875,120707.265625,40443.88671875,65642.4453125,101662.6328125,114768.9296875,45362.453125,123976.890625,217572.546875,178642.1875,62408.73046875,56722.81640625,75917.234375,108737.6796875,124693.5859375,49390.140625,53522.13671875,39539.59765625,56793.03515625,49949.734375,77345.625,87500.640625,62079.28125,78645.15625,220780.578125,313866.71875,124419.9765625,77146.40625,139918.578125,190875.640625,32982.515625,125831.4296875
P09619,PDGFRB,PGFRB_HUMAN,27403.8046875,28059.8515625,29619.474609375,26129.955078125,18863.806640625,,23678.49609375,17702.4453125,,15107.08984375,14197.5244140625,20181.125,,13643.26953125,23212.025390625,15480.5537109375,13203.2373046875,21484.392578125,18176.80078125,13743.4482421875,9124.9384765625,7928.0595703125,18183.171875,20440.8671875,,9237.76171875,20495.275390625,,1.0,23142.11328125,16705.640625,,21315.154296875,14673.587890625,20066.283203125,8028.26318359375,6832.01953125,17211.60546875,11073.4248046875,16023.1689453125,17221.33984375,6412.1865234375
P09668,CTSH,CATH_HUMAN,30066.669921875,,24333.82421875,17502.205078125,26842.15625,20592.546875,,10505.041015625,,21380.38671875,31202.666015625,15898.19140625,,15650.89453125,,,8162.544921875,29992.986328125,,,,13492.9140625,,8671.91796875,16502.41796875,19759.7421875,11805.263671875,,28978.44140625,,13066.078125,16055.978515625,10368.4306640625,,17659.958984375,,14876.02734375,,32398.76953125,,13943.9150390625,
P09871,C1S,C1S_HUMAN,32765002.0,27015406.0,20654806.0,25043200.0,25017536.0,15355586.0,28441018.0,20368188.0,29105258.0,14617495.0,23576236.0,20832886.0,20910902.0,23456320.0,19103688.0,15232644.0,19711780.0,9501602.0,21695676.0,25079660.0,17978676.0,24668756.0,16686562.0,18817854.0,16181945.0,23714186.0,15675478.0,19129880.0,20691492.0,9269900.0,17769876.0,14415549.0,20575450.0,23528928.0,23928444.0,20087122.0,11432073.0,22727086.0,18630492.0,23735480.0,18475072.0,17724840.0
P09972,ALDOC,ALDOC_HUMAN,30471.484375,28692.998046875,10340.9580078125,,,18648.505859375,24872.46875,16834.91015625,22758.365234375,18987.23046875,17643.46484375,22697.912109375,,,23700.76171875,12039.771484375,23488.39453125,13985.01171875,20761.11328125,,15865.2138671875,,10879.7353515625,,24659.0859375,31740.541015625,12486.3076171875,,9303.7392578125,9081.099609375,,21327.390625,9626.5048828125,23296.064453125,11354.783203125,,22644.294921875,,15175.2294921875,29233.13671875,,41152.8671875
P0C0L4,C4A,CO4A_HUMAN,108625024.0,54282816.0,68705600.0,75336024.0,42253728.0,68230416.0,55697800.0,68193016.0,48690840.0,24345550.0,139413120.0,70577128.0,66683028.0,109747808.0,87812784.0,72824872.0,67106288.0,60113684.0,73645664.0,54429064.0,57921196.0,77250784.0,75514504.0,58040672.0,44870136.0,66984492.0,82626536.0,45893212.0,104981752.0,68261872.0,62089736.0,54455348.0,32457178.0,100747872.0,105229576.0,81047680.0,78828016.0,101298704.0,58148856.0,77860176.0,38155780.0,33024728.0
P0C0L5,C4B,CO4B_HUMAN,13542371.0,3234669.0,4866797.0,3352037.5,2569010.5,7073211.0,2811628.5,5547704.5,3175512.25,2367122.25,7530962.0,7227813.0,3221671.0,7063967.0,8584738.0,4282154.5,3618783.75,3370098.25,3055922.75,2416356.0,5806554.0,4039074.75,7697625.0,3068301.25,2350607.5,4509598.0,6246929.0,3356336.25,7712378.0,2434812.25,2291676.75,3735361.75,2406987.5,10080311.0,7391357.5,4944741.0,5353565.0,4658435.5,4419997.5,4704959.0,2555238.0,3252365.75
P0C7H8;Q9BYR9;Q9BYT5;Q9BYU5,KRTAP2-3;KRTAP2-4;KRTAP2-2;KRTAP2-1,KRA23_HUMAN;KRA24_HUMAN;KRA22_HUMAN;KRA21_HUMAN,,,11459.189453125,,,15494.1376953125,,,,15402.7412109375,,,23002.470703125,26789.431640625,11510.3642578125,,,,,,,,8414.6611328125,,,,,17053.20703125,,,,14128.7275390625,,,,,14974.7119140625,,,,,
P0CG47;P0CG48;P62979;P62987,UBB;UBC;RPS27A;UBA52,UBB_HUMAN;UBC_HUMAN;RS27A_HUMAN;RL40_HUMAN,157683.09375,119855.9453125,511558.03125,85958.375,159966.796875,635268.375,161602.40625,294294.34375,182438.5625,861504.125,773711.375,602515.25,410809.03125,255625.390625,216365.6875,327594.90625,704293.375,320992.25,260284.140625,297179.65625,274914.8125,194371.28125,431392.09375,193736.625,1061544.5,239907.015625,311728.25,325302.28125,199903.140625,169456.5,215928.84375,697671.375,383733.0,542664.1875,198682.765625,156371.25,507776.09375,169614.078125,277397.75,158280.96875,122910.6640625,514213.3125
P0DJI8;P0DJI9,SAA1;SAA2,SAA1_HUMAN;SAA2_HUMAN,52804.85546875,28433.45703125,25992.83203125,31741.591796875,26387.462890625,65760.3515625,63992.63671875,56755.09765625,29629.689453125,,41714.72265625,17431.5078125,30922.072265625,24682.76953125,22925.486328125,36433.8515625,23721.869140625,36199.78515625,39759.54296875,18957.556640625,17708.302734375,15765.3916015625,19703.484375,38228.2734375,,,20940.791015625,19122.421875,9755.298828125,23986.505859375,19131.84765625,19499.384765625,13578.5537109375,329351.1875,57381.55078125,31502.267578125,25917.11328125,19806.10546875,38046.421875,51893.5625,131220.984375,51140.28515625
P0DMV8;P0DMV9,HSPA1A;HSPA1B,HS71A_HUMAN;HS71B_HUMAN,,35147.41796875,,,,,,,,22355.728515625,80287.8046875,87170.015625,38698.49609375,,,,49917.67578125,,,,,,,,159775.625,85233.203125,19378.134765625,,,,,8863.169921875,,73083.21875,,,1.0,54064.89453125,,,,133483.0625
P0DOY2;P0DOY3,IGLC2;IGLC3,IGLC2_HUMAN;IGLC3_HUMAN,169379.0625,112656.96875,247577.546875,54443.48828125,170430.421875,88298.390625,203837.53125,78498.96875,456128.03125,216850.171875,161522.4375,185064.625,155095.828125,123646.625,93210.6875,218473.1875,157131.34375,112380.578125,79806.046875,82485.1640625,83786.109375,109509.8828125,81686.0390625,129503.78125,194303.640625,132974.421875,148180.15625,236681.71875,255150.046875,81873.125,91460.3203125,183117.625,296460.84375,251802.65625,189083.859375,216314.703125,106378.390625,274354.46875,127921.1875,144156.703125,82472.1796875,122683.421875
P0DP23;P0DP24;P0DP25,CALM1;CALM2;CALM3,CALM1_HUMAN;CALM2_HUMAN;CALM3_HUMAN,,18258.3515625,,,,4269.892578125,,25383.1953125,,23666.548828125,28144.095703125,59528.2578125,,,5560.74560546875,2432.91357421875,26529.294921875,21225.79296875,,39509.96875,25218.734375,,24779.2109375,,52075.93359375,15638.3759765625,7328.75244140625,,,,28798.767578125,7864.04345703125,,75426.765625,6311.458984375,39017.40234375,37002.46875,28308.62109375,6133.6708984375,,19767.767578125,61953.796875
P10124,SRGN,SRGN_HUMAN,10484.9912109375,13103.8798828125,,,,,,,6791.40283203125,,19878.0,29754.3203125,24210.037109375,18778.046875,9799.4033203125,28512.375,11512.361328125,15638.048828125,27684.30859375,27302.046875,,11895.5205078125,17359.4609375,22371.3125,25137.537109375,19260.775390625,18236.3203125,14901.509765625,,,,,,22926.99609375,25487.544921875,37704.59765625,24195.25,11721.7197265625,13995.3876953125,26935.578125,,14710.369140625
P10319;P30491;P30685,HLA-B,1B58_HUMAN;1B53_HUMAN;1B35_HUMAN,167275.0,50768.6484375,74387.265625,40187.16796875,,111983.5234375,72553.40625,,113034.2578125,25719.6640625,72384.8046875,120233.640625,,4518.6240234375,4550.572265625,,,,40286.625,7483.08056640625,30451.767578125,32687.693359375,6829.15234375,110866.6875,88620.4296875,7915.109375,76549.1171875,12918.5712890625,103755.2578125,45805.484375,40463.87890625,108583.5546875,22995.96484375,,222007.609375,44324.83203125,118481.40625,,,4825.8232421875,11938.623046875,9922.7314453125
P10451,SPP1,OSTP_HUMAN,8030.48828125,9525.2939453125,7806.9716796875,,16041.345703125,,,7425.365234375,11763.4619140625,,,,,2841.36352539063,12348.9931640625,,,,,,,,6352.92822265625,,,,,13889.15234375,,,,,,,,,,,14823.2451171875,,,16098.3818359375
P10586,PTPRF,PTPRF_HUMAN,69222.328125,30077.04296875,29532.55859375,47946.03515625,43366.9453125,,65091.66015625,54284.6796875,21531.31640625,24964.173828125,62114.55859375,47421.81640625,57958.4921875,46743.12109375,30005.171875,30514.205078125,59816.5625,56335.44140625,55300.0390625,66312.8046875,31221.87890625,39642.78515625,26163.826171875,65112.36328125,73774.046875,64009.56640625,48502.234375,40675.12109375,112266.4375,44595.953125,40978.671875,36633.2578125,51214.56640625,62515.8046875,65625.9453125,65230.8984375,47607.41796875,67314.25,30861.345703125,47176.70703125,34892.7109375,31931.505859375
P10599,TXN,THIO_HUMAN,,6770.8486328125,76401.359375,,,192619.09375,,30317.380859375,,261507.90625,,21197.4375,11328.81640625,19643.490234375,,68290.640625,26807.787109375,42518.65625,40687.68359375,73930.890625,113337.734375,33930.9375,101682.171875,,93913.328125,,14852.5791015625,71631.4140625,,19018.607421875,51886.61328125,80789.6953125,14506.126953125,,,10925.07421875,83766.953125,,,,,25533.189453125
P10643,C7,CO7_HUMAN,9246586.0,11704682.0,7378447.5,9631061.0,11356580.0,5709083.5,7137544.0,7328831.0,9035762.0,3584564.0,4894224.5,5852471.5,8097213.0,7592157.0,5630967.0,6438932.5,6284672.0,5379497.0,6942888.5,6997842.5,4911296.0,6463674.5,4909136.5,6511226.0,5898427.0,5755318.0,4982480.0,4369170.5,7439421.5,6288196.0,6182403.5,6398631.5,9908050.0,6250707.0,17305550.0,7358311.0,5535548.5,9835656.0,8797490.0,11813767.0,7637171.0,8989177.0
P10645,CHGA,CMGA_HUMAN,1.0,3868.6552734375,4930.1962890625,,4880.77978515625,2353.05908203125,2415.62158203125,1280.017578125,11070.21875,33024.26953125,4947.05322265625,4040.06982421875,9824.6484375,19148.21875,12924.5048828125,4401.3017578125,,8353.8974609375,16390.5703125,17049.1953125,1342.69030761719,,3898.26635742188,11287.5634765625,1029.40258789063,15501.1455078125,5816.18994140625,1449.64770507813,18915.7109375,810.179748535156,1145.57653808594,12504.421875,22936.59765625,7386.8046875,41689.0390625,1559.47473144531,2407.80200195313,23915.548828125,13213.724609375,5251.08740234375,16476.255859375,27385.0703125
P10720,PF4V1,PF4V_HUMAN,1741804.5,5300869.0,1246859.375,1176383.75,1891333.0,1150320.5,1127639.25,1899729.75,1978869.75,412389.0,1340697.375,3553715.5,1803514.125,1464049.5,2240284.5,4444925.0,1723531.875,2313047.75,4684738.0,4901380.5,724826.375,1344650.25,1851338.25,2231712.0,3661047.75,1570636.625,1331475.75,1145092.125,1915040.375,1020313.6875,1184616.75,2653341.25,871942.75,1989064.75,4458751.0,7871818.0,2052794.875,2985162.0,4111005.0,4430939.5,769254.9375,3156358.5
P10721,KIT,KIT_HUMAN,162632.984375,213093.4375,77490.734375,160620.8125,226634.8125,52527.59765625,182066.8125,125239.296875,187272.59375,67140.2109375,59887.96484375,123129.5625,76577.1484375,57116.71484375,90334.1953125,58664.453125,71141.59375,95119.140625,110350.734375,116622.546875,43176.65625,74179.1640625,46879.22265625,95154.5,53100.51953125,71831.0546875,65795.28125,82530.03125,47972.59765625,100481.515625,98016.6953125,42785.27734375,72476.2578125,83967.3125,79576.546875,91056.8984375,75918.9375,61031.1171875,58377.5625,146385.59375,58711.265625,59861.609375
P10909,CLU,CLUS_HUMAN,27211834.0,29477532.0,20217618.0,28521872.0,25837902.0,19714536.0,31848386.0,21033374.0,19863434.0,18566378.0,23347964.0,17951932.0,27290890.0,34649408.0,19260146.0,16742558.0,13584467.0,24909788.0,44300868.0,24844422.0,17006656.0,27957400.0,11413432.0,25425346.0,19056422.0,29934380.0,12672393.0,15376553.0,27129942.0,36254880.0,39023792.0,17443044.0,19681092.0,25405830.0,29233066.0,27752842.0,26801894.0,32062420.0,22271046.0,37662780.0,35935768.0,22251376.0
P11021,HSPA5,BIP_HUMAN,158544.40625,159283.28125,93206.4140625,147599.03125,146627.96875,139027.375,153250.515625,116835.3671875,120306.6875,100933.640625,130116.109375,156663.390625,113288.671875,123899.921875,188036.53125,169968.1875,123433.390625,112928.96875,116958.859375,110307.53125,111159.4765625,108147.6484375,144879.90625,109612.984375,203069.421875,114739.3203125,172140.515625,101310.7109375,119340.4140625,68926.8984375,104766.609375,90959.484375,101007.71875,124967.0625,120890.0703125,119747.0,88606.5,106089.3125,119793.359375,115297.1953125,84597.5703125,142056.1875
P11047,LAMC1,LAMC1_HUMAN,43388.1640625,8328.7607421875,7256.3583984375,21940.25390625,,,,21958.109375,52119.34765625,9117.703125,19973.98828125,20726.517578125,18315.62890625,28045.06640625,22425.0859375,7073.53271484375,13935.5869140625,6680.2880859375,21003.080078125,40613.9375,,5279.4482421875,11031.9609375,17995.521484375,15799.220703125,,11991.7265625,8535.279296875,6233.19384765625,42073.19921875,,12360.16015625,28774.978515625,14568.359375,13813.357421875,25025.65234375,24110.45703125,4842.64013671875,13900.7041015625,34461.671875,14766.89453125,
P11142,HSPA8,HSP7C_HUMAN,78358.03125,239047.359375,47920.703125,44181.62890625,25617.552734375,103839.328125,56551.0625,59534.8359375,37443.3515625,96035.7578125,161730.1875,147154.0625,62435.0625,44122.35546875,40355.14453125,47704.625,150060.609375,56717.2421875,45695.6953125,61288.1015625,66218.953125,48970.7734375,82837.625,45844.1953125,438452.0,135528.28125,101993.125,77302.390625,54634.53515625,62199.3828125,14086.22265625,89033.265625,34638.7890625,139113.28125,42621.8203125,51772.41015625,77880.8046875,87034.6640625,68538.265625,66765.1171875,39097.234375,264027.28125
P11226,MBL2,MBL2_HUMAN,458398.96875,2122824.5,683787.125,274290.375,526085.125,361821.84375,1358612.5,370108.53125,222768.0,521849.375,363963.15625,626664.0625,644639.375,251199.578125,,477272.5,95834.2578125,511696.53125,1711115.125,1900374.875,489810.28125,830333.125,,1984600.75,602343.3125,214235.46875,4542.38427734375,614477.8125,25844.216796875,1209485.25,1062463.125,342996.34375,1031922.375,2882157.75,11317.650390625,3742235.25,305273.5625,396951.34375,3178177.25,2199058.0,1245929.75,1930077.0
P11279,LAMP1,LAMP1_HUMAN,135306.5,131088.34375,132680.140625,206529.5625,136697.03125,150343.3125,52524.58203125,49868.48046875,67223.640625,140313.90625,104950.640625,104086.2578125,62825.39453125,57358.3359375,72498.421875,96116.625,125005.703125,141510.890625,87004.703125,48851.0625,53539.26171875,94475.1796875,85478.90625,95495.015625,101452.0390625,42885.31640625,70344.375,86848.875,93972.21875,74337.515625,98696.625,99265.421875,89272.703125,78104.6171875,124616.421875,48099.69921875,51626.51171875,108631.90625,55261.80078125,69321.71875,80192.328125,63731.8125
P11362,FGFR1,FGFR1_HUMAN,102019.515625,132260.90625,59130.25390625,56291.0546875,78575.3671875,47893.01953125,97633.0546875,51422.4296875,100814.5625,43180.54296875,40266.11328125,67671.765625,112475.21875,74354.8671875,,41382.67578125,,59434.5078125,189590.578125,77457.9765625,49694.14453125,66107.8671875,45200.3125,67488.5390625,65641.796875,58583.46875,58773.7109375,41088.80078125,60797.91015625,65233.21875,49624.4453125,70205.453125,71954.2265625,55790.3203125,,86583.5390625,58887.66796875,74546.6875,58205.48046875,57222.51953125,36838.06640625,72043.359375
P11597,CETP,CETP_HUMAN,515892.96875,290371.96875,384018.625,87511.046875,250466.21875,245016.296875,263640.65625,239449.109375,200396.484375,211867.859375,397536.96875,172301.859375,162415.765625,299667.84375,448313.21875,252906.015625,218830.953125,417247.0625,189401.546875,130698.5546875,143063.796875,638410.8125,394848.53125,437673.21875,259101.5,289566.0625,401310.25,333724.21875,248636.359375,171893.1875,185214.828125,208955.078125,315625.53125,163999.28125,202397.671875,335943.34375,204436.703125,170588.046875,203484.84375,106528.9296875,492119.1875,345822.0
P11717,IGF2R,MPRI_HUMAN,161437.640625,128576.1640625,71164.5390625,131514.5625,129508.890625,65627.265625,80792.0625,79349.5078125,102732.484375,52151.1171875,126444.6640625,72345.8046875,90303.171875,105198.015625,111906.953125,56809.38671875,84388.5390625,115066.015625,99521.28125,95723.4296875,43348.54296875,97200.703125,85406.609375,104913.421875,38449.78515625,163412.265625,83284.9296875,58610.40625,92723.1171875,125779.9453125,112944.1328125,81680.75,83608.09375,108305.578125,134912.15625,80370.28125,78934.4609375,81090.984375,81837.6328125,126524.453125,80303.1484375,96685.9296875
P12035,KRT3,K2C3_HUMAN,,,104909.7421875,,26587.6953125,421087.375,48098.8515625,106122.6953125,52197.25390625,276170.21875,18694.0703125,174029.578125,,18306.541015625,38496.015625,164600.328125,,64312.26953125,129463.65625,98137.0625,430221.96875,50364.921875,115905.734375,,306641.65625,44954.3203125,62508.828125,44002.12890625,,52181.828125,54080.38671875,240622.25,220070.046875,,,15740.1630859375,94946.1328125,,59861.44140625,,69648.0703125,55788.1796875
P12109,COL6A1,CO6A1_HUMAN,73839.3515625,74209.265625,55100.453125,113838.640625,77122.6875,39408.4609375,76980.34375,56936.9921875,29434.248046875,45152.6875,57024.08203125,53597.046875,67301.25,53981.5234375,45247.2421875,41337.9296875,56193.4921875,57755.08984375,,75330.046875,41457.484375,52687.9453125,49842.7890625,52193.6796875,48096.58984375,40085.203125,48394.5078125,51520.1953125,69518.3125,69020.078125,77590.7421875,111128.046875,58721.87890625,46430.765625,116962.2421875,55166.0859375,44087.83203125,58474.15625,44560.87109375,70182.0390625,66812.0390625,39176.54296875
P12111,COL6A3,CO6A3_HUMAN,93992.9453125,94782.1640625,72845.7265625,83238.0703125,87710.8828125,59530.5546875,89318.421875,78314.8671875,104369.953125,81603.9609375,59294.66015625,101523.515625,94525.1875,93258.6875,69694.0625,75835.765625,48932.26953125,66347.4609375,125386.1640625,99466.96875,42867.90234375,64687.34765625,50751.5078125,77748.71875,58507.5625,99494.046875,52951.0625,65323.48828125,119083.765625,91145.7578125,66447.3203125,129993.84375,153053.609375,73857.953125,74554.6640625,88254.2734375,88624.78125,87318.3828125,76495.9609375,121059.953125,70079.59375,107748.234375
P12259,F5,FA5_HUMAN,1900797.0,1194965.25,1034087.9375,811867.4375,971644.25,800344.25,1851628.75,693104.0,637885.75,754167.3125,1614543.625,953518.5625,1773773.625,1926884.875,1094238.75,1234912.625,1387160.5,1401341.875,1676495.875,1437492.5,1101328.125,1815846.25,924403.5,1133802.0,1277070.625,996150.5625,945131.0625,630195.625,1570170.5,1431573.5,1444605.625,619523.25,1219469.75,1539736.375,1302194.75,2405783.75,1404196.875,1541193.5,1325215.875,2251276.75,1796913.625,996828.3125
P12273,PIP,PIP_HUMAN,25413.8359375,28354.169921875,221655.53125,17035.1875,75252.2890625,436361.96875,36928.6796875,66709.3515625,37897.9765625,427779.5,34533.43359375,135217.234375,85684.6796875,87835.09375,60132.546875,99287.265625,154900.3125,80967.6875,76199.4609375,73310.921875,127325.625,93372.875,172593.953125,81118.265625,145946.078125,43636.1328125,119285.734375,154080.046875,32225.892578125,69894.46875,69378.3203125,134353.546875,183995.625,33958.73828125,31121.884765625,34622.94921875,345612.71875,40575.58203125,30577.4375,26505.955078125,50433.63671875,22087.4375
P12318,FCGR2A,FCG2A_HUMAN,531329.0625,919638.9375,174057.53125,,312366.8125,338359.03125,253405.546875,190934.953125,590216.8125,269713.75,147800.953125,362631.21875,200498.296875,647671.8125,282985.0,423911.21875,429679.0,214303.15625,853760.875,843450.375,318897.84375,164157.125,196100.890625,240389.171875,,765507.0625,224054.078125,293334.84375,592146.0625,218748.875,456504.78125,110954.2734375,262722.4375,659499.875,11447.3837890625,718149.875,142973.296875,171641.671875,158603.390625,208714.875,240693.640625,220594.578125
P12814,ACTN1,ACTN1_HUMAN,,459839.46875,16654.9609375,45688.69921875,,42153.2421875,,41143.62109375,,38717.7578125,87141.03125,56169.26953125,,23519.099609375,26890.373046875,16384.998046875,124088.375,19692.32421875,,16190.265625,53559.15234375,12820.3369140625,18965.4140625,15044.3828125,94051.015625,130396.2578125,105306.21875,38020.97265625,,26262.806640625,,44919.625,18344.095703125,115464.40625,28379.65625,22023.1484375,39266.1796875,75818.875,44104.296875,26899.3515625,35860.19140625,67415.859375
P12821,ACE,ACE_HUMAN,104017.109375,118188.65625,86188.1640625,113988.7734375,39139.7578125,47024.0390625,88868.0,32601.89453125,46001.5625,22297.158203125,70122.9375,82759.390625,61224.96484375,106008.7890625,53842.5703125,23301.283203125,49854.16015625,30546.05859375,75544.125,54291.77734375,22408.8515625,87893.0390625,21299.357421875,64271.71875,26564.09375,40613.6171875,25186.857421875,47600.046875,42236.0234375,54581.8671875,74254.0703125,117865.28125,113203.4609375,40982.1953125,51964.1328125,58775.28515625,45328.77734375,46162.46484375,33764.83203125,23658.5703125,38083.31640625,38504.87109375
P12830,CDH1,CADH1_HUMAN,101055.1640625,37946.05859375,83187.2265625,42539.99609375,80401.953125,35253.26171875,74542.9296875,66236.9140625,49820.328125,72233.9140625,58148.59765625,41396.921875,50323.1640625,68340.3671875,27146.55078125,31024.478515625,31825.380859375,88460.828125,111303.7265625,77387.109375,22802.755859375,77951.5859375,26923.501953125,66265.8984375,57099.953125,53756.97265625,23740.23046875,58614.32421875,115235.125,61543.87109375,56253.15234375,103853.40625,94775.0390625,40075.59765625,71383.609375,205448.171875,37148.76953125,84461.3515625,37828.3828125,112607.2421875,48394.890625,36374.3671875
P12955,PEPD,PEPD_HUMAN,1035749.875,642619.625,552172.75,688310.1875,410063.4375,295377.21875,463351.90625,427406.4375,741490.5,381117.375,362760.40625,229168.125,303960.25,257724.765625,274065.8125,320466.78125,365739.34375,259261.96875,469575.96875,439189.25,364948.40625,378308.1875,279988.09375,471502.8125,311931.75,316323.46875,302707.59375,254250.0,297418.40625,377413.5,396954.40625,354749.0,323263.09375,355743.0625,266860.40625,335745.90625,323691.34375,366042.25,272507.65625,398770.09375,256176.71875,275723.71875
P13473,LAMP2,LAMP2_HUMAN,812134.8125,848936.6875,553059.75,1356422.25,737490.25,852025.0,606028.75,539164.3125,736327.25,473722.40625,464393.8125,786948.6875,598407.375,786222.3125,468505.84375,410769.0,459119.03125,523855.15625,478604.28125,514330.21875,549612.375,559790.625,455914.90625,536754.875,518682.90625,419224.5625,462838.90625,434738.84375,547244.125,782050.375,775855.5625,357698.65625,375724.5625,558173.0625,621727.5625,521208.53125,278119.25,436733.84375,314469.59375,417261.71875,420994.0625,333551.875
P13489,RNH1,RINI_HUMAN,,,,,,6951.91162109375,,9140.9814453125,,16389.548828125,4118.3173828125,,,,,,,,12149.697265625,,,,6291.70556640625,,26109.6171875,,3046.150390625,,,,,2960.16845703125,,,,,,,,,2759.93432617188,20764.96875
P13497,BMP1,BMP1_HUMAN,64911060.0,44765588.0,,45216608.0,38081020.0,,40745660.0,8481.130859375,49469640.0,21376968.0,24276390.0,35866324.0,44581040.0,,11230572.0,36380628.0,22010244.0,40301572.0,39614160.0,53385356.0,39837140.0,,,37080132.0,31961996.0,32616038.0,31077830.0,30782644.0,50409960.0,24468228.0,40716184.0,26149324.0,35466096.0,63758208.0,51220324.0,,29908278.0,50700220.0,31859148.0,38350192.0,33435492.0,29131576.0
P13591,NCAM1,NCAM1_HUMAN,349329.15625,284233.71875,184156.25,176817.328125,345659.125,55429.78515625,272950.25,185542.0625,196765.671875,55984.078125,296185.28125,97733.03125,136545.796875,212358.09375,164444.21875,126295.703125,173287.234375,236800.0625,196803.59375,206295.703125,180769.859375,213207.171875,127082.8046875,265597.9375,103067.3359375,230672.8125,172055.234375,207736.390625,260657.1875,305861.3125,300286.96875,74799.0703125,208486.34375,247063.953125,184023.515625,267334.5625,186074.21875,283110.59375,283524.34375,210518.734375,163136.3125,175998.6875
P13598,ICAM2,ICAM2_HUMAN,430584.1875,526498.875,337152.0,426275.625,496665.03125,395100.6875,326270.96875,289607.3125,384744.6875,233171.734375,305816.8125,245363.203125,113373.0,197260.765625,281420.90625,244178.53125,189579.765625,393886.0625,483436.75,400065.5625,178617.171875,337359.25,155780.53125,263957.125,210965.359375,207058.0,245219.875,174667.34375,282926.28125,329412.28125,336682.8125,223137.390625,249013.625,326239.96875,340016.75,271134.25,163382.28125,265107.6875,157160.140625,135773.453125,307361.5625,172348.875
P13639,EEF2,EF2_HUMAN,,,22860.318359375,,,34295.015625,,,,38964.953125,,11504.8408203125,,5007.5537109375,,15219.552734375,28777.6328125,,,,30232.796875,18764.330078125,23565.681640625,6056.91357421875,83126.1484375,,14463.83203125,18820.80078125,,,,39398.77734375,,,,,19587.625,,,,,62308.99609375
P13645,KRT10,K1C10_HUMAN,6918227.0,10529635.0,59629796.0,4896145.5,14325332.0,137534192.0,7757178.5,28234634.0,13380633.0,148758608.0,5401020.0,24901788.0,19610698.0,19177968.0,10699000.0,36000344.0,41308932.0,28988200.0,16705276.0,16946872.0,42094328.0,33815640.0,58307792.0,13785211.0,58969148.0,10933802.0,29084810.0,37231892.0,8561978.0,15761896.0,13610046.0,53415544.0,23426452.0,8430745.0,9811673.0,4937306.0,43294532.0,9159484.0,8229243.5,4443815.5,8391862.0,19057862.0
P13646,KRT13,K1C13_HUMAN,605692.5625,828332.125,4360503.5,663647.125,1120679.0,7937496.5,622628.125,1343459.75,765490.0625,8230514.0,575704.1875,2083654.25,1242289.5,1015477.375,823075.5,2302717.25,2516237.75,1668271.625,1296094.875,1034585.875,2782263.0,2186562.25,3787090.75,936609.875,3341404.75,835282.6875,1917548.25,2599457.75,707803.1875,802321.625,720276.3125,3366021.75,1678510.25,829768.0,638104.625,849572.3125,2354109.5,587679.875,586881.1875,296880.03125,620915.3125,718363.125
P13647,KRT5,K2C5_HUMAN,1489066.0,2054148.0,16117755.0,1023990.5,3708780.75,30661192.0,1682512.5,8627441.0,2709016.75,50461116.0,1020971.9375,6763432.0,8300372.0,6655580.0,2560159.0,13234691.0,10293011.0,9788634.0,6046968.0,6234496.5,14454895.0,9663674.0,19822386.0,3964050.5,26731776.0,3152859.75,12954120.0,16083299.0,2736425.5,4109548.5,4603155.0,18216560.0,5297109.0,1867515.75,1337999.5,861024.125,11494118.0,1927695.5,2315561.75,988800.3125,1637136.5,9924949.0
P13671,C6,CO6_HUMAN,24316942.0,21250458.0,12030883.0,17233222.0,19934612.0,13308630.0,18197282.0,19492836.0,22302278.0,11719668.0,16993664.0,17413286.0,19241916.0,21404272.0,17879966.0,15712799.0,17042610.0,13611738.0,17145766.0,18632492.0,15204359.0,16724740.0,14321732.0,17901560.0,11666759.0,16204884.0,16515280.0,11635254.0,15878254.0,18048960.0,21323814.0,11140350.0,15006705.0,22366180.0,15850725.0,18060888.0,11946684.0,16161538.0,13505885.0,15666551.0,18074936.0,16595656.0
P13688,CEACAM1,CEAM1_HUMAN,33383.96875,,,40645.6640625,43611.8515625,17456.421875,21027.0859375,49465.546875,12491.38671875,,52443.69140625,44331.16015625,9836.44140625,10420.6591796875,25084.578125,,48699.71484375,44084.625,72700.0234375,37969.9609375,34724.25390625,95544.3984375,37492.578125,35932.59765625,5912.396484375,11370.7158203125,55077.46875,28700.265625,,,43082.734375,,8562.365234375,,39015.64453125,49921.625,,,30021.43359375,,13289.228515625,
P13727,PRG2,PRG2_HUMAN,174808.125,344861.0,157722.90625,583156.9375,110350.375,112657.5078125,178314.515625,103497.359375,142998.875,71599.4140625,159592.96875,119691.3828125,79185.4609375,112184.71875,159793.046875,144610.484375,50721.2578125,209712.890625,112850.4921875,147346.75,77083.6171875,129778.953125,65627.640625,116725.1328125,99083.3359375,137097.234375,166155.609375,159453.203125,172536.03125,202418.234375,174868.84375,26198.84765625,193428.53125,93066.2578125,69852.234375,67311.984375,147642.0625,62723.4609375,287302.25,44721.46875,169483.546875,140195.703125
P13796,LCP1,PLSL_HUMAN,847193.4375,739330.8125,498180.84375,685670.75,427758.09375,418948.71875,473216.28125,510306.8125,350605.3125,337025.375,607167.625,806508.5,412194.125,346974.53125,412471.6875,400685.875,513435.09375,478695.3125,400962.71875,412952.96875,273344.15625,474859.625,318303.15625,418521.78125,422447.46875,456634.0625,388078.34375,303898.625,423462.0625,211377.6875,493897.0625,289753.84375,185160.03125,518788.34375,389579.40625,406458.59375,374947.375,442640.03125,374106.59375,321303.3125,350899.59375,349948.15625
P13987,CD59,CD59_HUMAN,6844.7451171875,3701.62475585938,18881.490234375,,16962.802734375,5221.025390625,,5127.6708984375,,18984.208984375,20844.17578125,5161.873046875,17381.91796875,,9792.8330078125,12261.6923828125,14156.0087890625,3381.64038085938,,41941.47265625,,19988.4765625,9945.7646484375,8396.6826171875,30775.6640625,,12773.0888671875,10053.853515625,32187.927734375,15328.740234375,,27264.435546875,6493.0712890625,,,34174.65625,26392.447265625,3947.22998046875,,,,13718.6826171875
P14151,SELL,LYAM1_HUMAN,1396077.625,2349377.0,747215.375,1639876.0,2113184.75,1135718.0,1149185.5,1318628.25,1461069.75,636104.875,1150252.25,852147.4375,849723.75,1042562.5625,506778.8125,664443.1875,948229.5,1560796.5,1172328.25,880494.9375,585047.5,1261157.375,476952.25,983880.125,814533.5625,731709.25,610346.125,890466.0,815812.5,965868.25,823139.9375,703669.5625,442166.6875,573538.3125,821590.1875,711345.1875,531054.75,808228.0625,754039.125,671194.625,518951.9375,485678.84375
P14543,NID1,NID1_HUMAN,51542.1015625,61740.4765625,45771.72265625,14424.0390625,48048.3125,14484.2001953125,70908.7734375,39155.2578125,33452.4921875,25603.76953125,58914.93359375,60277.10546875,30299.037109375,45603.6640625,47057.19921875,37033.796875,40063.39453125,31546.767578125,113279.4765625,74978.8671875,30198.587890625,76477.5859375,35263.01953125,14652.93359375,34129.28515625,48249.5703125,54133.14453125,33587.25390625,48966.8046875,19375.08203125,33379.73828125,35152.78515625,44425.4296875,72408.4140625,56958.91015625,80105.3828125,59207.1953125,39377.37890625,90287.625,60446.0078125,33451.8515625,49570.83984375
P14618,PKM,KPYM_HUMAN,123849.59375,335090.5625,273354.4375,89756.5,102523.1953125,395626.65625,106502.3125,195143.921875,77086.53125,720211.875,114243.6015625,200737.421875,160124.109375,159691.171875,84425.828125,242514.390625,336280.5,238606.484375,181039.4375,194839.9375,344968.125,184658.4375,392272.28125,129450.0859375,712739.1875,177359.71875,299812.25,273236.5625,66755.375,76468.140625,163329.84375,390516.75,131472.796875,150347.828125,85473.4609375,98301.953125,223907.78125,104516.625,86973.328125,58504.9296875,67050.3828125,488318.5
P14625,HSP90B1,ENPL_HUMAN,125742.65625,220281.96875,110735.609375,99401.6875,176087.34375,81076.0,117660.515625,119175.9765625,123622.75,89663.140625,106553.0,86364.203125,58342.25,109195.390625,78202.21875,74090.328125,129754.8515625,72413.7265625,105166.6640625,121346.8203125,52969.1640625,81543.71875,76535.8125,90337.671875,134436.5,49576.69921875,79105.34375,114084.46875,84170.4375,49130.65625,35261.73046875,56211.3046875,115503.671875,98897.875,119449.6640625,228176.015625,45972.2109375,76315.1953125,71668.5390625,67773.8515625,81181.2109375,87819.1875
P14735,IDE,IDE_HUMAN,,,44684.8125,,,,,13298.185546875,,38049.01953125,,,,,,,45211.14453125,,,,,,27225.65625,,100976.0859375,,,34159.671875,,,11784.708984375,44444.93359375,,,,,27307.318359375,,,,,74011.015625
P14780,MMP9,MMP9_HUMAN,37707.3515625,36335.01953125,17713.109375,20654.822265625,11431.806640625,32508.068359375,13040.5654296875,30193.66796875,51823.63671875,,46269.61328125,21479.40625,10377.994140625,,11018.2666015625,13392.396484375,13990.6376953125,24610.013671875,,,,13167.7685546875,9209.578125,15911.7666015625,20473.3671875,17898.208984375,14211.7958984375,7231.06787109375,12226.2763671875,8036.166015625,,,9088.6689453125,30729.013671875,41888.0234375,14693.3701171875,18404.73828125,19386.037109375,22264.28125,28420.11328125,15814.408203125,
P14923,JUP,PLAK_HUMAN,76569.6171875,74129.1875,735909.25,49653.140625,112732.3671875,1318880.25,53033.68359375,379307.96875,84582.3828125,2089692.0,34775.32421875,209651.71875,288593.65625,327309.90625,92860.1484375,523023.65625,519332.625,439695.5,239333.625,220516.5,586106.75,371951.375,908847.25,131072.5,694409.875,107531.125,406129.0625,551697.75,82111.3125,126430.4453125,139355.75,682686.25,255460.203125,59031.4921875,58190.359375,19609.728515625,414291.65625,55128.41796875,78932.5078125,28369.515625,91292.65625,399838.65625
P15144,ANPEP,AMPN_HUMAN,277081.8125,341795.71875,231113.09375,359974.59375,319552.4375,246415.734375,317884.15625,185050.453125,239551.515625,130126.0546875,162423.171875,225115.03125,238891.515625,257829.09375,143535.96875,166394.53125,254169.71875,176334.78125,244018.765625,631060.3125,304688.875,161396.328125,114528.2734375,252977.25,177405.34375,186107.65625,117521.40625,180691.21875,169725.265625,232991.421875,621343.3125,215773.25,344615.0,233780.53125,265588.28125,419057.375,177775.78125,175871.875,166094.46875,276022.53125,315104.375,176644.90625
P15151,PVR,PVR_HUMAN,162966.40625,150099.78125,88144.734375,247008.03125,190414.46875,155872.6875,182638.34375,139482.71875,120201.6328125,63228.03515625,121654.5390625,50587.8828125,94509.90625,73977.03125,77492.890625,82645.9609375,43018.46875,123438.6796875,134566.078125,102015.5078125,114088.78125,97761.71875,55997.265625,89601.6875,96048.796875,122565.21875,65193.16796875,78067.4375,158684.46875,144583.609375,110483.0859375,80530.4765625,149130.40625,87577.4921875,125617.578125,105808.5546875,79641.4375,134759.734375,125314.046875,111001.2421875,144916.4375,123967.15625
P15169,CPN1,CBPN_HUMAN,10637185.0,6826559.5,5582401.0,13437020.0,9717290.0,5868394.5,7126697.0,8066792.5,8198691.0,3391515.75,3954902.0,7119774.0,6862548.0,8734120.0,7816273.5,6657614.0,7656284.5,6046677.0,4459752.0,4941653.5,5678446.5,6025876.0,6095286.0,5253346.5,5578456.0,7058848.0,7167175.0,4951364.0,5145628.5,6057128.5,8553640.0,5650447.5,5983064.5,7704126.5,6383998.0,6902577.0,3334854.0,6491269.5,6224891.5,5565808.0,7274984.5,5343817.0
P15259;P18669;Q8N0Y7,PGAM2;PGAM1;PGAM4,PGAM2_HUMAN;PGAM1_HUMAN;PGAM4_HUMAN,,79527.59375,,,,43593.9453125,,31208.66015625,,,50269.828125,89920.5859375,,,,,83018.28125,,,,,,29004.939453125,,192790.84375,,37219.12890625,30494.46875,24326.541015625,,,51726.30078125,,60804.3359375,,,34905.96875,,30939.68359375,,,171256.125
P15311,EZR,EZRI_HUMAN,,,,,,,,,,,,,,,,,,,,,,,,,49618.89453125,,,,,,,,,,,,,,,,,
P15531;P22392,NME1;NME2,NDKA_HUMAN;NDKB_HUMAN,,46810.6171875,,,,73824.4140625,,42793.0625,27251.00390625,145054.40625,45321.83203125,,,,18311.955078125,14653.4814453125,63323.82421875,25402.34375,49432.4140625,,60502.92578125,18382.166015625,49958.69921875,10398.126953125,136045.34375,,25362.3515625,26615.05859375,,,,58736.7265625,10237.630859375,40695.796875,16868.076171875,,100105.21875,18732.34765625,25527.939453125,9545.54296875,11229.38671875,110710.890625
P15924,DSP,DESP_HUMAN,135701.78125,147631.296875,1295849.375,128025.1875,228220.453125,2089773.125,98080.296875,670125.9375,146116.953125,3763975.25,93335.1640625,398196.5625,547302.125,497685.59375,165194.390625,976503.1875,903304.125,706616.8125,594745.3125,416045.375,1012539.625,745649.0,1679998.5,273327.8125,1276199.25,143906.015625,780017.3125,926034.1875,180091.515625,262256.375,304907.125,1326361.625,404737.96875,114159.8828125,115271.9765625,38487.0,688582.6875,128241.0078125,152624.921875,71672.2890625,124088.0390625,729237.375
P16035,TIMP2,TIMP2_HUMAN,39777.85546875,17053.98828125,,14197.4482421875,37482.29296875,,,35728.80859375,28832.96484375,29019.794921875,6309.0927734375,28581.7421875,47596.09765625,15095.1826171875,23896.78125,,19915.61328125,34315.1015625,23777.359375,39726.125,,17349.330078125,13015.5927734375,43589.796875,33876.06640625,,4399.376953125,12420.1923828125,49691.0703125,11705.619140625,22704.0078125,25640.3203125,25181.19921875,15352.466796875,18732.0546875,21474.044921875,,12615.744140625,8976.478515625,28280.845703125,17398.05078125,12628.0126953125
P16070,CD44,CD44_HUMAN,612526.8125,542962.5,443962.4375,514457.84375,679567.875,262466.03125,516651.65625,418888.65625,601059.8125,536329.75,631124.625,554966.3125,662959.625,727001.75,423772.59375,371311.53125,452757.3125,706123.875,895140.0,956912.875,570916.125,496793.59375,331374.4375,518949.25,387853.09375,685049.3125,403522.78125,392588.78125,679516.75,267247.875,652822.75,429144.65625,406678.6875,460349.9375,477551.0625,750942.9375,377772.3125,458451.25,644974.75,507730.125,393670.5,515395.78125
P16112,ACAN,PGCA_HUMAN,151031.984375,26365.947265625,46172.078125,245739.609375,226043.078125,,223659.734375,18607.140625,161641.515625,13707.8994140625,171686.828125,29047.39453125,106458.671875,135126.5,140236.875,2303531.75,74426.4375,17064.5078125,246849.25,1719834.625,,31787.34375,,232908.796875,83724.109375,173141.765625,14926.09375,20437.697265625,23170.421875,1631610.125,1959542.5,48689.2421875,94758.78125,13509.90234375,132676.421875,1126249.25,1369566.125,127915.8515625,12836.4541015625,,61606.3125,
P16930,FAH,FAAA_HUMAN,72027.28125,31984.033203125,24657.228515625,29727.54296875,45888.484375,22774.130859375,38905.46875,35351.6171875,46197.57421875,29125.36328125,36986.76171875,28462.259765625,49218.3828125,57204.59375,26121.98046875,34675.84765625,22392.982421875,20824.537109375,120755.84375,28858.1015625,26639.07421875,23844.759765625,18400.89453125,21788.572265625,9300.8056640625,58058.37109375,30504.451171875,27652.890625,41985.125,46036.29296875,45359.2421875,31929.724609375,20129.15234375,32383.53515625,45684.51171875,39924.5078125,33153.0546875,37899.8046875,39199.30859375,33519.25390625,16854.818359375,20734.46875
P17066;P48741,HSPA6;HSPA7,HSP76_HUMAN;HSP77_HUMAN,178908.09375,393670.53125,154536.453125,115748.0390625,160440.8125,282446.0,197809.140625,208754.5625,144725.9375,270161.5625,242452.296875,358112.5625,227097.203125,163837.78125,275530.25,261703.8125,312240.6875,196512.96875,196449.0625,234438.703125,299253.46875,211039.84375,241474.96875,182429.515625,819336.9375,355519.59375,331773.125,249678.546875,228158.265625,169482.046875,164240.484375,295234.375,150127.296875,316289.25,143860.515625,188213.359375,200548.109375,208628.71875,191772.65625,169547.765625,104360.515625,521315.5625
P17174,GOT1,AATC_HUMAN,13274.20703125,23881.537109375,18660.685546875,,10069.357421875,54606.39453125,,8753.203125,13773.666015625,152339.875,21577.498046875,9650.8447265625,13943.5419921875,,17001.91796875,8878.2724609375,17706.177734375,,13313.4482421875,,9581.693359375,6767.20703125,14031.6435546875,,16979.29296875,9665.7353515625,8535.328125,16129.185546875,10862.63671875,10882.03125,,28438.73046875,,,20565.23828125,10138.458984375,18197.203125,13082.646484375,17393.626953125,,23452.771484375,14612.373046875
P17813,ENG,EGLN_HUMAN,58578.96875,87531.015625,55611.59375,40431.0390625,54520.9921875,,61186.625,43672.88671875,79195.984375,13695.58984375,41044.171875,48423.83984375,24848.65234375,30228.5,59445.3828125,43221.94140625,64738.8671875,59802.28125,40402.9765625,36496.05859375,15768.8515625,30668.48828125,28944.18359375,,32027.951171875,25541.03125,40883.37890625,35406.5,40291.87890625,25445.51171875,33127.8359375,28499.0859375,46114.71484375,17967.23046875,76554.1796875,48707.17578125,28301.515625,38561.11328125,40521.6796875,52313.92578125,35246.65625,35826.08984375
P17900,GM2A,SAP3_HUMAN,22955.64453125,25202.25390625,41774.03125,16010.7802734375,20476.40625,73446.96875,25449.693359375,27806.953125,20933.736328125,60017.8828125,26553.658203125,26084.84765625,31201.62890625,33106.7265625,17565.44140625,32124.75390625,36006.1796875,32527.326171875,72178.9609375,21706.431640625,21970.529296875,36283.5546875,36045.55859375,29566.4375,68320.640625,24557.87109375,25848.76953125,35257.16015625,23304.7109375,29372.552734375,,48601.9296875,42504.1953125,23359.3671875,22866.380859375,16350.7890625,43088.5546875,16336.3447265625,23150.78125,28737.439453125,21464.689453125,45436.34375
P17936,IGFBP3,IBP3_HUMAN,5626678.0,5659159.0,4041934.75,5260980.5,4119068.5,3830243.25,3779801.0,3834433.0,5128694.0,2417991.75,2667466.0,1741648.75,2432562.5,5558742.0,1731175.875,2214165.0,2600051.0,2261121.75,3015463.5,2485301.5,1489550.25,1532950.0,1562939.0,2830454.25,2303131.5,2910019.25,1654201.5,1888336.375,1668188.375,1943266.125,2689896.25,1721904.0,1894439.5,1953927.25,2392742.5,2157878.0,2537805.5,2505753.0,2409205.75,1998197.25,3569588.25,2269452.25
P18065,IGFBP2,IBP2_HUMAN,223370.3125,301538.59375,302546.9375,83639.234375,478822.0,112037.9375,306612.3125,358169.375,546180.25,145154.25,520449.8125,504371.71875,867663.25,199624.953125,264245.28125,288652.875,442304.0,180114.015625,660642.625,666474.9375,149616.796875,810274.1875,236356.234375,686179.625,390369.34375,276585.3125,320864.90625,479662.375,461207.6875,255621.140625,333229.625,567387.75,1649358.625,333698.5,256402.453125,278535.09375,370196.5,640263.5625,1729712.5,2461629.25,496986.40625,1594787.0
P18206,VCL,VINC_HUMAN,39175.984375,197292.171875,27341.78125,47734.30859375,23213.38671875,40163.89453125,36429.01171875,48275.40625,26948.15625,20130.537109375,54528.390625,35568.890625,25835.90625,24925.0078125,33931.8125,26065.236328125,67717.8671875,21956.927734375,58151.59375,19191.853515625,28555.083984375,16935.06640625,26440.955078125,25665.138671875,25502.703125,57217.66796875,64661.234375,34442.15625,24209.78125,34724.01171875,19945.966796875,30513.0625,18045.068359375,73896.8828125,41018.65625,28412.755859375,37118.6328125,49475.8671875,53889.140625,29427.54296875,18668.80859375,54536.109375
P18428,LBP,LBP_HUMAN,4206006.0,4141294.75,2428671.25,3565834.0,881693.875,2826606.5,3147789.5,2152275.0,1729428.0,1392057.125,2396810.0,1330951.25,1515784.0,2344499.5,947559.625,1288143.75,1608710.875,1598603.0,1704518.75,1514930.375,1176942.25,2425967.0,955030.25,1879466.75,1701372.25,1317155.625,1147686.75,1399901.625,2302200.25,1899793.125,1396242.625,1421562.375,2261408.5,5750331.5,3533835.25,2143350.0,1920521.125,2615864.25,1004423.6875,4132564.5,4403189.5,1711518.375
P19013,KRT4,K2C4_HUMAN,36366.6171875,50889.25,341551.3125,,62990.79296875,826559.1875,46795.71484375,116418.7890625,64372.078125,920945.9375,41577.87109375,207819.5625,110611.8828125,63321.859375,64621.625,238154.03125,161439.75,135733.015625,134684.0625,132164.5,417398.75,120581.1640625,307077.46875,78299.1875,541093.8125,79265.203125,260061.734375,325329.125,43436.1875,72700.234375,65935.09375,491500.21875,169057.546875,155653.59375,36675.21875,24843.736328125,191778.125,47827.1171875,62347.49609375,24668.17578125,94796.4609375,75251.65625
P19021,PAM,AMD_HUMAN,,66816.8359375,50883.13671875,,55881.3984375,,31614.4921875,,,25156.578125,42431.390625,,,36233.2109375,28981.923828125,44471.05078125,28629.955078125,46761.71875,57118.02734375,60155.23828125,25128.7890625,40939.26953125,41106.4296875,53413.65625,,17353.056640625,43543.3125,32959.58203125,55910.48828125,48664.41796875,38202.703125,59607.08984375,,,,49576.44921875,41228.6171875,33400.765625,33890.71484375,,48517.4453125,
P19022,CDH2,CADH2_HUMAN,76218.5078125,109889.1953125,28615.181640625,,60482.73828125,,84599.6796875,38628.58203125,40699.515625,20312.60546875,221499.375,169418.109375,55808.8515625,42864.1796875,21846.22265625,21725.669921875,54803.03515625,44546.73828125,84071.109375,40589.83984375,18970.046875,55445.06640625,14161.1181640625,144862.578125,59464.37109375,38532.0703125,52176.9140625,27836.77734375,52485.9140625,2879.2373046875,6580.71044921875,34822.79296875,50700.92578125,62925.73046875,74061.203125,11648.259765625,21461.57421875,18734.046875,25727.8046875,26563.705078125,48827.23046875,16892.55859375
P19320,VCAM1,VCAM1_HUMAN,159333.21875,275802.40625,165316.125,156990.78125,152489.0625,67811.9609375,154259.734375,151527.1875,165871.171875,108065.4296875,239947.65625,119907.796875,142386.84375,122149.1484375,113949.9765625,63648.71484375,104570.015625,282965.3125,293466.4375,273701.28125,64309.21484375,119991.75,91107.59375,107719.5234375,176300.796875,135937.65625,96260.03125,127411.0234375,156872.21875,95256.5078125,137026.046875,114182.9609375,136658.09375,163375.875,198404.328125,139127.0,147499.234375,129744.3984375,240426.234375,127457.8515625,181705.25,144959.65625
P19652,ORM2,A1AG2_HUMAN,320043.5625,200326.3125,103993.890625,43995.76953125,54468.62890625,95334.8203125,137190.28125,90568.2109375,86103.84375,95465.078125,230751.890625,123165.4609375,125759.109375,126982.6953125,78092.0390625,179521.96875,58406.71875,71179.203125,82171.9375,47500.25,90450.9765625,131574.328125,57579.2421875,45405.3671875,101755.09375,167965.34375,82706.1953125,63596.046875,63815.25,91902.9375,129575.0625,39187.2890625,136660.453125,675017.8125,92017.40625,71276.3203125,78829.390625,175657.078125,127067.3671875,153847.546875,340450.625,120567.890625
P19823,ITIH2,ITIH2_HUMAN,89393424.0,84825536.0,60087192.0,70719088.0,94271016.0,64859424.0,81156592.0,69704384.0,112854032.0,48696608.0,58635660.0,63162444.0,64100332.0,74307480.0,66552972.0,52409192.0,64533828.0,63768836.0,56593860.0,67436504.0,69607368.0,53724584.0,56156496.0,54985964.0,48528200.0,71241080.0,56306920.0,64085268.0,69802800.0,58868644.0,72295104.0,40582012.0,60597928.0,58045608.0,75734272.0,81994968.0,47404040.0,69691840.0,75572720.0,51007744.0,38677068.0,60618112.0
P19827,ITIH1,ITIH1_HUMAN,96985536.0,76423880.0,48921852.0,76855328.0,83369368.0,51233164.0,79132896.0,63735452.0,98460448.0,42281404.0,71895288.0,57513596.0,61740512.0,71403736.0,55660668.0,48285616.0,67714104.0,58850292.0,52695716.0,54240124.0,55380172.0,48560656.0,43679752.0,57060300.0,43344356.0,63766880.0,44199700.0,50973584.0,58399868.0,76476080.0,63778224.0,33694840.0,54914788.0,60482496.0,75851128.0,73297592.0,38989128.0,71860704.0,62980832.0,48704772.0,24448194.0,51660916.0
P19971,TYMP,TYPH_HUMAN,,9953.8857421875,18310.22265625,,2943.66162109375,23689.4765625,1439.50610351563,6626.5625,,30664.701171875,5746.56103515625,10515.3984375,6324.31103515625,5604.54345703125,5814.26025390625,7663.97802734375,26256.076171875,7591.060546875,8191.52978515625,2815.5869140625,11269.9833984375,8477.1533203125,12589.5537109375,5993.529296875,90662.40625,,7537.5625,12306.3125,,6603.275390625,4850.25390625,14045.5068359375,10361.5654296875,,,,15069.5556640625,5270.9853515625,,,,8408.451171875
P20742,PZP,PZP_HUMAN,35750.1640625,30613.400390625,17101.517578125,1755420.625,70623.90625,3557060.25,25002.37890625,294828.03125,37931.56640625,79474.6328125,19792.6171875,183988.8125,214309.65625,497126.09375,284563.71875,97442.828125,17058.40625,140818.671875,9707.115234375,,193010.515625,399865.25,226649.984375,77124.203125,8000.54638671875,20047.943359375,211504.953125,249301.234375,31979.41796875,89699.78125,134231.03125,100841.7265625,11604.48828125,10921.482421875,20285.19921875,5781.09521484375,3722.0927734375,46608.21484375,8034.0595703125,169223.625,82311.3046875,99771.71875
P20774,OGN,MIME_HUMAN,45855.01953125,35311.61328125,31624.16015625,24013.361328125,36878.6875,43061.20703125,45693.515625,32286.125,20377.146484375,39102.46875,47932.703125,63059.875,95133.6875,33893.203125,38339.796875,29965.07421875,31304.13671875,30002.6953125,109910.75,51593.2109375,43599.69921875,41724.81640625,30362.994140625,33158.42578125,41775.94140625,32887.9453125,34416.77734375,31988.75,49338.16015625,34798.46875,16133.076171875,78961.6015625,101861.765625,35328.53515625,41736.7421875,49851.30859375,30387.6796875,16788.578125,32549.22265625,30925.810546875,41998.0703125,60408.61328125
P20930,FLG,FILA_HUMAN,8705.59375,9778.78125,116074.109375,7673.7080078125,23601.375,198056.03125,5858.56005859375,69631.59375,19567.630859375,520741.75,8511.421875,61219.98046875,96644.59375,72791.3515625,31043.490234375,129636.9375,186636.046875,142691.875,45219.70703125,53832.1484375,199891.671875,118842.3515625,278739.90625,46918.3203125,187239.296875,28335.6953125,125964.1171875,146545.984375,13040.689453125,42490.625,48435.94921875,294664.625,59899.94921875,10679.904296875,19747.095703125,11604.138671875,104955.5,10468.947265625,17552.4140625,10709.283203125,22495.673828125,204215.703125
P20933,AGA,ASPG_HUMAN,4941.7021484375,2678.75024414063,4630.146484375,2713.73754882813,5444.5947265625,33131.1796875,4691.3837890625,4069.11303710938,4753.34912109375,7962.9609375,,2213.29150390625,5732.130859375,5783.9921875,3052.05615234375,2799.2548828125,10254.2265625,4934.88232421875,2864.35083007813,,5401.6005859375,3671.13134765625,5410.30859375,3364.95166015625,4443.8642578125,4110.9228515625,4180.99462890625,4959.4052734375,4922.13818359375,,3593.05029296875,5334.994140625,4228.72216796875,4450.99658203125,4540.82763671875,4143.9306640625,5302.197265625,4255.97998046875,2540.94970703125,,2734.19750976563,3756.34423828125
P21333,FLNA,FLNA_HUMAN,53746.4609375,266997.375,44557.22265625,51933.76953125,7462.09521484375,39852.9921875,30135.64453125,42597.8046875,19091.765625,49208.08203125,62516.67578125,42848.5859375,20774.5703125,32037.8125,13094.638671875,22351.0625,45673.7734375,12347.033203125,29487.125,22986.345703125,26274.076171875,6272.52880859375,60697.8515625,,51224.55078125,119352.140625,93720.6484375,28605.568359375,29610.64453125,33406.8125,28433.583984375,31076.33203125,13464.033203125,158003.90625,9880.1298828125,20924.01171875,30136.85546875,54478.58203125,37447.77734375,30663.671875,17600.8203125,39871.390625
P21709,EPHA1,EPHA1_HUMAN,20107.990234375,7420.642578125,,,,14988.455078125,39271.0234375,18923.865234375,25957.43359375,15707.7861328125,26205.439453125,11101.74609375,21242.2578125,24923.021484375,,14755.5966796875,,18281.005859375,19793.83203125,16705.490234375,,9677.6708984375,,24707.85546875,31804.875,38779.21875,,15661.80859375,56019.2734375,13024.7861328125,12484.0927734375,15004.92578125,24814.578125,8892.2626953125,,24275.98046875,28731.880859375,19856.314453125,13933.1513671875,17773.88671875,7798.69677734375,15738.2158203125
P21817,RYR1,RYR1_HUMAN,249875.625,199159.59375,125289.5,91470.875,267363.40625,149758.28125,314016.84375,186957.015625,186106.015625,,271516.40625,320091.3125,348759.1875,204690.46875,314360.5625,211953.34375,208765.40625,196418.859375,200406.0,297255.34375,240354.328125,374330.78125,295845.15625,242490.5,187566.5625,157830.671875,359084.9375,295876.5625,309889.6875,314067.90625,224359.5625,222229.984375,217832.796875,479105.125,471904.65625,320402.3125,237413.515625,288616.1875,203006.296875,274551.59375,381159.6875,214880.1875
P22105,TNXB,TENX_HUMAN,1103301.875,1515862.875,622169.625,1007570.875,972167.625,674666.0625,1331190.375,784025.125,1054186.875,558306.3125,576486.0625,1126766.875,772049.6875,617373.5,552023.3125,598570.25,1033280.3125,735723.4375,919260.9375,928688.6875,560098.6875,713728.5,514239.28125,840129.625,646234.125,763691.5625,544665.9375,467704.78125,640070.9375,403226.65625,850918.625,766381.375,1311449.75,621289.625,883413.5625,898932.25,255370.421875,702269.6875,454020.75,873643.4375,536030.5625,690987.5625
P22352,GPX3,GPX3_HUMAN,4186365.5,3200674.25,2631995.75,2549726.75,3202917.25,1761635.625,2798803.5,3254835.75,3689974.0,1560451.875,2303990.75,2372112.75,2272394.0,2352453.25,2344427.25,2209067.25,2449813.0,1723255.375,2757354.5,2546544.75,1660498.375,1947050.625,1922491.875,2116436.5,2078338.625,1722754.375,2009906.75,1715311.25,1409867.0,2043329.5,2202877.25,1279221.0,1628970.75,3104617.5,1993374.375,2835282.25,1748309.125,3080467.25,2424942.25,1923024.0,2495549.0,2269592.75
P22532;P35325,SPRR2D;SPRR2B,SPR2D_HUMAN;SPR2B_HUMAN,,,46190.796875,,4536.3037109375,139193.53125,,40965.0390625,,195692.921875,,43978.31640625,12453.9736328125,15194.322265625,4208.57080078125,30336.48046875,30428.466796875,14500.927734375,,,35139.6171875,39702.61328125,55137.27734375,18754.212890625,153849.765625,,26671.478515625,56461.546875,,11776.15625,,38676.453125,46358.484375,,,,77597.3203125,17120.8359375,,,,21584.333984375
P22692,IGFBP4,IBP4_HUMAN,135928.171875,133438.5625,126546.4921875,203025.5,122197.5859375,145708.484375,183995.296875,128589.4609375,180077.84375,90546.640625,173826.78125,116973.4140625,153256.671875,168678.3125,148165.796875,156215.515625,133756.4375,135518.28125,160936.03125,176380.78125,84272.15625,117212.9765625,100065.3671875,152924.578125,132451.75,172193.53125,127950.65625,145072.109375,321703.6875,127919.984375,131645.890625,190491.46875,189623.375,167149.5625,188141.890625,162481.171875,147613.484375,157777.875,119458.4140625,254178.921875,190813.4375,108977.5703125
P22735,TGM1,TGM1_HUMAN,17422.4453125,3370.85278320313,113752.5546875,8301.240234375,19368.115234375,187214.96875,13609.83984375,51131.67578125,15479.130859375,211708.28125,9935.4970703125,36425.11328125,27472.775390625,26081.32421875,10906.1201171875,65582.6875,64258.41015625,53562.26953125,27480.11328125,23068.646484375,80957.9375,54403.51953125,94966.6328125,21927.291015625,130266.9375,6965.63134765625,53320.3984375,70780.3203125,8991.052734375,28147.3203125,15682.794921875,101107.1640625,44963.26171875,4069.93139648438,10737.302734375,,77657.296875,5694.13427734375,8736.529296875,16065.419921875,9102.208984375,40958.01953125
P22792,CPN2,CPN2_HUMAN,12351860.0,8264452.5,7806659.0,14399372.0,9071873.0,6235200.5,8337109.0,9153034.0,8116921.5,3832514.75,6108571.5,7083709.0,11274430.0,10164803.0,7882104.5,8209090.5,9747917.0,6834710.5,5514016.5,5264112.0,6620827.0,8987846.0,6189970.0,5767974.0,6319574.0,7834111.0,7004088.0,4587891.5,7542341.0,9419823.0,8824853.0,7481721.5,7293997.0,7830932.0,8282907.5,8082400.0,4627075.5,10249779.0,8770820.0,8265841.5,9750009.0,5760731.5
P22891,PROZ,PROZ_HUMAN,1326850.125,1141153.0,218806.546875,1952893.25,313638.9375,1036101.0625,855399.8125,829951.625,1044209.1875,768294.8125,655976.0,363379.875,596378.625,981998.125,257267.125,769148.125,605104.0625,208725.796875,99947.828125,94858.3828125,324846.15625,536320.5625,364675.90625,631779.375,250438.875,785285.5625,301283.28125,643535.125,1024353.5,34621.70703125,36328.51171875,185846.109375,946109.5,26957.6015625,823626.0625,169123.515625,400540.53125,951476.8125,919961.5,203918.25,85267.0703125,1311177.0
P22897,MRC1,MRC1_HUMAN,35850.265625,39193.5234375,37090.2109375,29302.806640625,24039.115234375,16189.6044921875,21298.900390625,19928.95703125,33421.828125,26019.654296875,35369.0546875,24975.390625,24601.87890625,29082.544921875,32799.625,21241.05859375,21534.263671875,24382.55859375,29226.47265625,30510.35546875,31146.765625,24827.57421875,23322.529296875,29735.74609375,17758.263671875,21671.216796875,26324.12109375,16257.2421875,37715.3203125,38404.4140625,26592.150390625,14960.833984375,32749.732421875,16415.49609375,37923.43359375,23111.5859375,31191.408203125,39820.5703125,33422.3046875,43213.8828125,30265.892578125,20826.78125
P23141,CES1,EST1_HUMAN,7653.76171875,,,,,,,,,,,,,17532.181640625,,5421.6025390625,,,22802.26171875,,,,,,,,,,,,,,,,,7024.5166015625,,,,4073.6884765625,,
P23142,FBLN1,FBLN1_HUMAN,2864608.25,3699986.75,2010190.0,2415687.25,3632550.0,2835198.25,3385207.0,3742639.25,3294526.25,2401140.75,2771725.75,4052481.0,5195679.5,3497977.75,3285073.5,2479105.5,3542678.75,2889401.75,3044882.75,2873722.0,1729669.75,2510373.5,2736623.75,3937922.25,3555649.75,2681519.0,3189136.25,3338172.0,4335405.0,2994535.75,2538380.5,2922127.25,3036140.25,3810460.5,3096365.75,3606192.75,3429596.75,2841171.25,3796547.5,3234489.5,4604647.5,2876718.75
P23284,PPIB,PPIB_HUMAN,18077.525390625,77676.3125,,12790.7744140625,13539.0849609375,,26774.287109375,19466.09765625,,20327.73828125,14130.216796875,30529.96875,24884.91015625,,15133.0166015625,23422.59375,27977.87109375,,15676.552734375,,,,11156.291015625,15546.6474609375,63993.6875,37708.78125,25117.65234375,15925.029296875,16741.2421875,,,19413.03515625,19749.55859375,34962.6875,20194.40234375,102279.03125,,42037.953125,24600.05859375,38518.35546875,18141.09375,40235.65625
P23381,WARS,SYWC_HUMAN,,,,,,,,,,,,,,,,,,,11974.4033203125,,,,,,25102.525390625,,,,,,,,,,,,,,,,,20915.19140625
P23470,PTPRG,PTPRG_HUMAN,115030.2265625,104465.296875,74827.3046875,88390.6484375,86176.7890625,56622.97265625,88174.2265625,81195.5625,83336.46875,54370.80859375,78319.234375,78930.046875,65735.859375,63854.00390625,40797.04296875,55758.4921875,71598.65625,90318.2578125,112228.15625,59629.484375,27402.375,69197.9140625,42631.61328125,102855.625,57985.73046875,63741.34765625,45503.23046875,66662.7578125,97915.6484375,58534.7265625,53228.16796875,91161.140625,100364.40625,60964.1484375,67194.6875,65916.7109375,52859.0703125,88295.8984375,89925.671875,94952.7421875,66749.9140625,55303.21875
P23490,LOR,LORI_HUMAN,5133.64892578125,17458.162109375,265200.90625,,40502.79296875,1053789.25,,184360.640625,,509507.21875,,51651.10546875,75110.15625,77925.015625,,85132.3984375,265238.40625,136465.0,,,174864.875,113155.609375,370175.71875,96432.7734375,597466.75,44233.6171875,86574.5,200901.125,25368.525390625,80403.75,,153411.609375,86733.984375,,,,317087.40625,12472.908203125,,,11628.5205078125,82888.84375
P23526,AHCY,SAHH_HUMAN,,,,,,126639.8671875,,30171.923828125,,183995.328125,69319.28125,43494.609375,,,30522.83203125,42927.76171875,51856.40234375,52232.546875,,52777.1171875,76622.2578125,,99582.3359375,,92383.078125,,57614.453125,65135.59375,,,,26034.05078125,,,,,56297.55859375,,,,,22536.408203125
P23528,CFL1,COF1_HUMAN,45256.10546875,147533.765625,17954.87890625,21857.18359375,,31472.0859375,34157.77734375,29936.400390625,33421.66015625,40181.6796875,57253.29296875,129896.6328125,28698.056640625,17153.75,43289.578125,31258.0,56476.484375,30255.76171875,,31954.91796875,37062.9140625,20223.80859375,14987.578125,33981.859375,95613.0390625,84165.546875,55993.05078125,27749.91015625,25278.0703125,14440.1142578125,45581.5078125,39816.72265625,16522.6015625,82085.2734375,29431.984375,18291.59375,34665.8125,59224.44140625,32796.06640625,36633.75,22281.46484375,79611.4375
P24043,LAMA2,LAMA2_HUMAN,8750.1494140625,14015.0712890625,,,15134.1201171875,,11455.1044921875,11596.0166015625,690.939758300781,,11590.2587890625,9825.3251953125,3003.6298828125,10128.1337890625,8827.28125,9054.7431640625,13323.240234375,9551.181640625,14408.7958984375,11093.5966796875,7919.5390625,11881.521484375,1811.05456542969,10524.6494140625,1020.42749023438,15005.3505859375,5271.80810546875,7899.40087890625,4784.193359375,10884.3564453125,8925.9951171875,11745.9638671875,7868.2099609375,1991.38037109375,10151.4189453125,15557.220703125,,16963.521484375,9337.08984375,16007.95703125,10418.1630859375,12885.4208984375
P24387,CRHBP,CRHBP_HUMAN,9004.19921875,,35800.6640625,,42804.2890625,22456.513671875,41473.84375,21718.89453125,32345.841796875,10303.693359375,51081.9140625,,16222.0712890625,,,33131.17578125,20504.3984375,14105.0693359375,,42409.71875,,28666.45703125,12663.0322265625,25343.58203125,23563.849609375,32771.47265625,18371.298828125,26422.16015625,24711.033203125,,29534.798828125,38518.8203125,22620.09765625,23434.716796875,6649.05517578125,34969.30859375,6276.7568359375,,30522.048828125,33274.78515625,34271.9453125,6341.3701171875
P24592,IGFBP6,IBP6_HUMAN,224704.375,176744.84375,241453.0,135770.78125,183569.171875,132504.78125,329508.09375,177940.46875,208377.515625,177568.109375,258130.40625,101034.171875,197303.03125,146894.015625,146980.71875,136739.359375,203049.5625,122803.8203125,212333.5625,200349.703125,81313.265625,126611.890625,87943.578125,204481.265625,189582.90625,256890.59375,109896.890625,138182.0625,473858.1875,110168.0703125,118172.4140625,246711.03125,150964.59375,93153.796875,215426.953125,209971.328125,178302.875,194658.21875,79035.6875,169624.75,99238.28125,145841.78125
P24593,IGFBP5,IBP5_HUMAN,103126.0625,87247.828125,58246.36328125,79092.8359375,97388.390625,52285.91015625,90978.1171875,51414.35546875,109991.5546875,34001.5625,43206.37109375,46603.36328125,69499.8359375,51872.7890625,62309.3828125,48554.6171875,77619.3359375,60954.1953125,41355.23046875,56134.76953125,42555.578125,35535.55078125,51217.671875,64098.63671875,38260.23828125,50035.9140625,42530.94140625,47054.23046875,66311.875,52786.91015625,45028.4765625,32203.2734375,42167.42578125,51855.890625,55439.44921875,63744.7734375,47500.52734375,58897.8203125,32017.224609375,52969.34375,49011.50390625,44410.2109375
P24821,TNC,TENA_HUMAN,79292.5546875,119801.359375,58440.86328125,57453.9453125,37481.7734375,64555.30859375,67070.25,84544.375,82700.09375,44232.44140625,19454.59375,83007.765625,80536.6171875,48237.63671875,17031.3046875,32464.8515625,20416.9140625,54081.78125,88008.5390625,66405.40625,26272.421875,69315.515625,27083.19921875,36439.75390625,72322.8828125,50334.0,20898.107421875,33081.1796875,58844.20703125,31136.20703125,35004.65234375,41447.9921875,56678.3515625,60636.13671875,50438.63671875,65852.0703125,55929.3046875,69661.6484375,40375.546875,121146.203125,47734.9609375,83537.2265625
P25311,AZGP1,ZA2G_HUMAN,50717924.0,36109844.0,28151674.0,32244680.0,41882064.0,32420824.0,32998972.0,35042760.0,42310760.0,27385542.0,43007712.0,34131288.0,36823460.0,33795792.0,30987962.0,29045888.0,36664428.0,35104752.0,46663952.0,48422332.0,23510786.0,34114448.0,24283312.0,39843924.0,32498672.0,56139880.0,24911874.0,30232822.0,44405988.0,37217160.0,32296604.0,31802252.0,36787336.0,30134968.0,34567296.0,42632596.0,28434530.0,40231264.0,37970848.0,33107892.0,33834976.0,36023896.0
P25774,CTSS,CATS_HUMAN,118967.078125,37746.12890625,69905.2265625,95000.484375,77350.9609375,43876.01171875,52421.15234375,37620.390625,47187.3671875,61059.515625,72408.03125,75602.9453125,38072.6484375,63455.50390625,25137.23828125,91877.8515625,56420.1328125,52244.48046875,44586.80859375,62234.76953125,92720.0078125,62816.1796875,37262.25,49572.32421875,67500.734375,60366.7265625,57196.3046875,19104.26953125,66907.4296875,74051.2890625,47318.265625,61014.67578125,30682.4140625,72868.34375,123547.0234375,79956.796875,65234.26953125,46745.15234375,68906.203125,69800.9375,77199.96875,70195.765625
P25786,PSMA1,PSA1_HUMAN,19040.11328125,52053.1640625,67762.484375,7284.974609375,26399.5234375,96822.03125,,17756.92578125,10340.708984375,142940.4375,31663.384765625,33238.3984375,17749.51171875,14268.89453125,17803.44921875,37662.35546875,52232.81640625,36218.42578125,13889.5078125,26210.12890625,52701.15234375,29631.65625,60031.875,19711.55859375,64656.59375,14432.2998046875,34603.15234375,71267.71875,10797.62109375,12693.51171875,31919.169921875,58997.42578125,13113.62109375,16979.90234375,29310.2109375,16069.5537109375,33994.5078125,21722.482421875,35982.54296875,,9230.126953125,34362.67578125
P25787,PSMA2,PSA2_HUMAN,10869.9970703125,14185.0302734375,49511.44921875,6507.3330078125,9136.6171875,55363.08984375,9027.107421875,27296.83203125,,95613.578125,12338.6279296875,34298.765625,23776.796875,14011.513671875,16878.77734375,19271.955078125,34533.76953125,30263.888671875,22735.939453125,13229.076171875,25529.662109375,26779.29296875,23133.763671875,31641.349609375,51937.1015625,12923.3134765625,25767.0078125,26925.96875,,,11086.8603515625,35004.578125,23547.1640625,10363.48046875,21334.11328125,5196.48486328125,26381.908203125,7748.8525390625,7798.7412109375,8614.0244140625,7160.8955078125,27928.6875
P26038,MSN,MOES_HUMAN,67956.71875,148840.859375,39852.671875,51803.2734375,47243.3359375,90341.6640625,42053.01171875,37597.28515625,44451.1796875,40510.4296875,59424.7109375,123697.6171875,52320.453125,38629.30078125,34946.81640625,56086.546875,52149.66796875,33968.33203125,41541.82421875,67337.5390625,60805.17578125,37999.53515625,22185.322265625,29459.158203125,91219.0859375,58109.61328125,46088.3359375,29789.908203125,46604.453125,71963.390625,58304.61328125,42097.0078125,31206.634765625,69878.21875,32436.5078125,69737.6875,42747.84765625,47074.86328125,37406.734375,43254.875,35233.09765625,74980.6015625
P26572,MGAT1,MGAT1_HUMAN,39691.4453125,27230.728515625,33039.2578125,29007.77734375,26845.87890625,23367.42578125,35436.265625,24971.640625,27632.822265625,,39020.4921875,22026.09375,,17242.48828125,30561.03515625,24282.72265625,34066.8984375,27872.482421875,33258.9921875,47294.90234375,,26126.7734375,27424.794921875,37516.8359375,,26416.609375,24529.1484375,26143.27734375,32235.26953125,17077.80078125,111906.015625,37230.19140625,22629.98046875,,39160.796875,,22767.7734375,31754.1640625,20916.0234375,,28675.125,29915.962890625
P26927,MST1,HGFL_HUMAN,706458.125,1399589.0,558328.25,1467886.75,1339347.375,1159078.625,823503.75,911675.875,1427972.25,725201.3125,1171124.125,1082429.375,405777.625,667357.625,1074274.25,1111913.5,531597.1875,1022173.4375,564098.25,559755.0625,494374.9375,1000532.75,849103.4375,1309415.0,845416.875,757417.5625,1062523.75,955970.875,1516941.25,644113.75,592721.0625,721731.25,832367.1875,1491141.875,926456.1875,1159693.375,589447.5625,1461496.25,1022915.375,1410468.5,632785.3125,945517.375
P26992,CNTFR,CNTFR_HUMAN,,14961.9482421875,16437.6015625,9722.4609375,36186.5859375,,,,,3284.12280273438,17550.099609375,8182.84619140625,,,13128.408203125,17629.19921875,18267.681640625,25893.826171875,,27442.658203125,,19625.91796875,11742.1953125,35481.4375,,,19266.8125,25979.751953125,29997.119140625,,,42636.6171875,1.0,,16367.7421875,,,27247.85546875,16481.53125,,19213.2890625,
P27169,PON1,PON1_HUMAN,6540349.5,3688506.5,2645374.5,3078517.25,3320037.0,2488224.75,4713559.5,2982976.5,2506577.75,1929763.0,5445421.0,9044436.0,10153434.0,5969296.0,3100570.75,8931552.0,7060397.5,8048685.0,6920610.5,7327288.0,3652695.0,4394215.5,5039862.5,7262852.5,4197044.0,6704712.0,9190080.0,5635019.0,5057173.5,4771668.0,5155483.0,1281702.375,3427182.75,5905679.5,9633770.0,4070010.0,5145614.0,9115059.0,3456561.5,3779972.0,2485544.0,2249100.25
P27348,YWHAQ,1433T_HUMAN,176919.828125,793698.375,136941.0625,169778.78125,90879.8203125,250251.265625,138146.1875,185632.15625,112309.515625,199426.3125,223038.03125,325157.5,138055.359375,90288.5859375,145998.8125,109487.109375,348119.8125,121782.3828125,114415.6328125,120806.796875,189646.625,91269.453125,158343.328125,89982.4375,1111250.875,376954.25,285275.53125,214163.0625,153572.046875,75304.78125,106333.6875,302356.875,99499.921875,486885.125,123668.84375,91991.140625,201986.1875,331595.125,222342.03125,112013.546875,101234.71875,720797.3125
P27482,CALML3,CALL3_HUMAN,,,50593.8515625,,21535.71484375,111497.9375,,,,67944.734375,,14161.4521484375,,,,,222379.640625,20800.240234375,,,83289.59375,,82438.390625,25755.732421875,146843.578125,,21046.265625,38389.78515625,,,,60369.265625,,,,,55937.6796875,,,,,132920.015625
P27487,DPP4,DPP4_HUMAN,350235.03125,319713.25,194780.671875,271120.28125,265031.40625,173679.421875,298680.28125,183322.8125,215338.875,124823.0,126314.5703125,196599.6875,212481.453125,137103.1875,143454.765625,148998.53125,149837.90625,185321.125,164706.515625,160817.390625,175984.53125,185986.6875,125921.5859375,248459.90625,127390.8359375,142974.0625,129013.9296875,187802.46875,108937.2265625,180492.28125,222656.578125,167682.8125,174631.15625,105549.1484375,181268.6875,205218.171875,84959.0,134044.75,138632.53125,154558.78125,140574.53125,74584.0390625
P27797,CALR,CALR_HUMAN,34004.546875,41675.50390625,12288.3876953125,31219.662109375,,51972.58203125,15579.193359375,18101.75,10028.4619140625,17913.9140625,19401.1171875,22614.236328125,16963.828125,9338.2001953125,14911.2119140625,19886.517578125,24058.453125,21903.908203125,9209.57421875,18347.984375,19751.556640625,16245.666015625,10030.845703125,15891.4521484375,52500.76953125,37900.21484375,20421.83203125,18246.97265625,36381.28125,24844.3984375,6167.5244140625,17089.69140625,32381.4609375,41891.359375,19742.33203125,25929.90625,11892.11328125,55702.08203125,26306.623046875,18345.30859375,18096.37890625,23444.2578125
P27918,CFP,PROP_HUMAN,7765528.0,4900248.0,4514651.5,3849890.0,4681087.0,3655243.5,5067152.5,4352694.0,6174713.0,3108378.25,5855641.0,4460164.5,4269882.5,5357389.0,5473563.0,4445798.0,3203197.0,5076284.5,4537887.5,4863592.0,4068997.0,3481750.75,4125357.25,4656581.0,3771772.0,4769987.0,4865235.5,4716957.5,5314643.0,4856263.5,4677059.0,3539285.25,3380236.5,4136894.0,4336500.5,4577529.0,2538608.75,4042773.5,3737855.0,3970967.25,3110340.0,3262787.0
P27930,IL1R2,IL1R2_HUMAN,52105.62109375,55934.421875,14773.8310546875,48427.6328125,74372.40625,10800.4462890625,14482.1787109375,50615.6171875,66953.796875,7699.59423828125,14229.2607421875,10262.1240234375,13990.6455078125,57776.81640625,42443.921875,10893.48046875,25725.31640625,45662.17578125,12768.2138671875,51800.6015625,9119.4111328125,10896.041015625,13970.20703125,30455.005859375,11337.2666015625,44363.1953125,12194.5302734375,9181.5498046875,9942.7099609375,15384.625,15263.7109375,10711.7275390625,43092.69921875,,25896.421875,16741.0703125,10079.67578125,11698.794921875,32484.09375,13940.0,,12832.1826171875
P28066,PSMA5,PSA5_HUMAN,31198.888671875,48196.07421875,52608.59765625,,,78419.6796875,12771.37109375,27982.5,,100786.046875,68118.4375,41367.39453125,32439.453125,21320.091796875,,29435.3359375,50976.7421875,30013.958984375,21042.501953125,,32635.30859375,29264.23828125,54114.40625,37840.734375,60115.84375,19202.708984375,37183.6875,50200.58984375,,,11789.2080078125,47567.3984375,24606.783203125,29300.271484375,47697.31640625,,41009.78125,27979.009765625,24202.275390625,,19999.6640625,29724.01953125
P28072,PSMB6,PSB6_HUMAN,49815.53515625,42577.8125,111540.5625,,34061.33203125,178118.296875,,41040.60546875,49301.1171875,129979.1015625,10175.6982421875,55467.0546875,59880.7578125,57909.68359375,45331.72265625,64018.7265625,100803.4140625,64285.33984375,55855.76171875,,79241.1875,65994.171875,111367.546875,11444.2236328125,97876.9921875,55147.375,69216.828125,76115.390625,30532.19921875,,,94969.109375,38278.859375,10342.400390625,49948.5234375,,68843.15625,25715.6484375,20314.1640625,,16566.359375,113224.90625
P28074,PSMB5,PSB5_HUMAN,,,23189.90625,,,51105.5703125,,6030.9521484375,,58016.41015625,,8012.369140625,10550.8037109375,,,14843.400390625,20178.470703125,7218.09765625,,,24962.6640625,10112.6103515625,16047.78515625,,19331.46875,,9468.8681640625,8542.3564453125,,,,27997.060546875,3544.4677734375,,,,15687.1064453125,,,,,5272.21875
P28799,GRN,GRN_HUMAN,3418.48876953125,922.178588867188,13004.935546875,3006.83471679688,,48693.85546875,3674.27465820313,8350.6796875,3341.94482421875,41668.75,4030.01831054688,16581.654296875,2467.17749023438,5721.29052734375,2341.22680664063,9128.61328125,12033.2783203125,2144.0263671875,917.3056640625,3061.11865234375,8467.37890625,12450.5,20663.005859375,4764.1982421875,21235.72265625,,8307.537109375,9147.1845703125,4018.27734375,5946.6533203125,2399.86206054688,13718.7041015625,11027.947265625,7939.83154296875,5406.193359375,1231.09741210938,10777.8056640625,,5382.39111328125,5881.2685546875,7267.90966796875,9705.4833984375
P28827,PTPRM,PTPRM_HUMAN,77659.296875,68463.2421875,53686.09765625,111506.59375,107513.953125,49397.4140625,37925.18359375,68031.4921875,37338.3515625,50886.64453125,86538.640625,53163.4453125,102912.4453125,55951.05859375,69549.6484375,34782.02734375,47720.2578125,91577.1640625,72348.640625,86999.1015625,28497.51171875,52329.05859375,85500.1015625,73921.0078125,37952.6953125,35517.51953125,84103.375,57930.66015625,64032.76953125,15476.5068359375,107225.59375,54880.703125,42511.4296875,52201.640625,116664.109375,85397.4609375,42187.1875,67555.96875,52978.37890625,62621.703125,92070.171875,29889.544921875
P29034,S100A2,S10A2_HUMAN,,,10057.615234375,,,7602.2578125,,2471.8544921875,,57412.953125,,1840.07678222656,,,5013.3544921875,6364.4189453125,17639.8515625,16003.810546875,,,17248.451171875,6920.16748046875,17908.39453125,2099.28759765625,56244.4765625,,12662.4453125,17957.060546875,,,3869.29956054688,28277.896484375,1581.73083496094,,,,4918.42578125,,,,,52262.37890625
P29401,TKT,TKT_HUMAN,27239.619140625,37261.453125,39749.30859375,16392.236328125,14569.0966796875,40526.27734375,25937.359375,32614.263671875,12385.61328125,54533.515625,37773.30859375,56914.3984375,32740.578125,30841.5234375,22197.12890625,19081.298828125,39508.1796875,39039.5625,32064.431640625,27465.87109375,41967.921875,24430.5859375,34789.578125,31268.892578125,44058.88671875,44038.93359375,32168.26171875,35191.77734375,30070.2734375,30779.34765625,31249.427734375,43900.3359375,16598.5546875,29680.216796875,28755.20703125,16385.9765625,33574.78515625,25374.841796875,19552.119140625,23367.43359375,19548.236328125,41487.7734375
P29508,SERPINB3,SPB3_HUMAN,2675.83325195313,304538.84375,460005.84375,,13681.6123046875,739164.125,8255.021484375,205479.546875,7400.35107421875,533261.0625,,239877.203125,81911.0078125,210935.703125,8836.8427734375,170115.03125,633876.75,243951.6875,216004.171875,63723.890625,159228.328125,177556.359375,293681.0,142797.9375,439636.1875,13923.3134765625,182212.03125,282036.34375,36992.23828125,54669.5,62432.8046875,326991.65625,323931.4375,215100.640625,,16844.09375,233033.421875,5332.56689453125,10208.814453125,2276.46533203125,,264143.25
P29622,SERPINA4,KAIN_HUMAN,13902984.0,11699840.0,7869319.5,15362006.0,10711175.0,7358806.0,8749862.0,9094683.0,11294576.0,4422651.5,6939514.0,6077103.0,6079757.0,9503282.0,6260392.5,8121637.0,8084476.5,9761444.0,8173685.0,8098570.5,4946347.5,6089704.5,5302291.0,9456934.0,5616367.5,7817561.5,4488720.0,5514103.0,9447801.0,7832349.0,8663195.0,4257644.0,7108130.5,5065537.5,11285118.0,8371609.0,5404309.5,8815044.0,8800283.0,8478984.0,7063389.0,6219152.0
P30041,PRDX6,PRDX6_HUMAN,48266.0703125,93980.7109375,,,,18929.865234375,41726.1796875,,,,96019.3359375,22863.68359375,15192.30859375,,10365.0947265625,26937.6640625,18733.41796875,36431.19140625,43930.234375,,40483.9609375,12457.138671875,15517.08984375,41522.63671875,84294.984375,90607.359375,27542.78515625,10930.3671875,,75491.1484375,56784.296875,33796.76953125,,77295.3203125,25468.69140625,23546.02734375,62416.3125,41448.5625,24917.623046875,35607.01171875,,67117.9375
P30043,BLVRB,BLVRB_HUMAN,135564.28125,49160.00390625,10970.2275390625,48986.7734375,30441.189453125,,46749.390625,63151.71875,49909.79296875,,881940.4375,157027.875,184339.53125,133984.140625,125757.5078125,95332.9921875,130923.4921875,218685.203125,132759.890625,132010.4375,92008.640625,52277.9140625,100308.8046875,78482.5234375,154368.65625,170406.46875,148264.765625,61937.453125,159700.765625,87919.984375,102243.96875,90454.71875,16312.4619140625,533926.75,144700.5625,119535.578125,177434.75,170264.734375,364329.125,179833.96875,84221.9140625,108039.0
P30086,PEBP1,PEBP1_HUMAN,,15109.265625,12426.8603515625,,,,,10531.693359375,,38825.64453125,21381.421875,30140.548828125,12299.509765625,11637.2451171875,13678.31640625,10300.1884765625,14640.3466796875,14990.169921875,11031.51953125,,10877.7451171875,10441.9990234375,15839.00390625,14138.830078125,42598.48828125,14544.6650390625,15288.6015625,21177.57421875,12424.650390625,,,28122.62890625,1837.17504882813,14205.265625,,,12981.7568359375,9175.7333984375,12455.16015625,,,19860.58984375
P30101,PDIA3,PDIA3_HUMAN,,87824.078125,3550.20336914063,23648.6015625,5920.0498046875,44389.31640625,49303.23046875,29571.28515625,35662.72265625,41407.81640625,40911.64453125,37925.0859375,51956.3671875,,14055.759765625,29576.87890625,15563.9931640625,5016.95263671875,39331.1953125,21697.3046875,,4730.337890625,,31772.041015625,79927.4921875,57870.6328125,6115.88232421875,24493.306640625,22816.302734375,4594.51953125,12820.3896484375,21172.548828125,4979.23095703125,149600.734375,14430.7109375,38403.4765625,36716.328125,43368.4375,33269.9609375,,15314.541015625,42111.859375
P30530,AXL,UFO_HUMAN,73294.4140625,111451.7890625,120326.4375,71765.7734375,185529.625,42353.13671875,83074.703125,71199.03125,86169.28125,36958.9296875,149857.375,44157.2109375,54323.515625,82551.453125,,35693.74609375,32111.26171875,41999.19921875,101209.546875,89257.6875,30663.025390625,42066.1328125,35603.3828125,64185.6328125,45032.61328125,91835.8203125,36637.69140625,44706.84375,48336.640625,67694.4765625,38251.58984375,109506.671875,61026.98046875,44726.8515625,163355.25,49291.75390625,48951.421875,46562.7890625,27605.724609375,60348.16796875,14095.7431640625,39217.171875
P31025,LCN1,LCN1_HUMAN,,,,,,,,,,177705.0625,,1.0,1.0,,,,652.233032226563,,,,,,,1022.06939697266,1114.47998046875,,,1.0,,,,,,,,,157021.703125,,,,,
P31151,S100A7,S10A7_HUMAN,56734.90625,128040.0859375,337194.78125,30825.568359375,106509.5390625,444358.25,88507.21875,93975.1328125,84635.125,457749.15625,48904.38671875,265953.5625,105883.609375,71813.5,57310.0546875,81839.3828125,525809.25,99089.0390625,105365.3671875,45557.16796875,125672.546875,143127.21875,182377.296875,160473.359375,552490.3125,70073.0390625,107203.703125,143394.53125,58669.69140625,81013.0859375,78792.203125,128534.0234375,531853.0,48407.47265625,42778.17578125,36879.984375,467796.3125,69673.0625,46723.93359375,16029.361328125,54688.69140625,111192.6328125
P31944,CASP14,CASPE_HUMAN,17915.17578125,43354.6796875,200763.21875,18236.6796875,114178.875,265823.5625,25067.16015625,61790.78515625,30073.115234375,377040.0625,15032.208984375,72583.328125,45803.1640625,50166.51953125,18904.3359375,90103.875,235051.125,71556.0,47175.046875,43453.296875,100015.9375,83487.0078125,120908.421875,50067.45703125,181400.671875,30850.173828125,75150.03125,82477.21875,14154.572265625,44957.0859375,41252.05859375,189120.96875,83563.328125,23740.47265625,29841.875,15649.1455078125,135352.15625,23184.1171875,16752.5625,9436.34765625,30151.41015625,55442.46875
P31946,YWHAB,1433B_HUMAN,,,,,,,,,,,9623.9853515625,,,,1.0,,,,,5397.9111328125,,,,,1.0,,12274.46875,14027.556640625,,,,32255.81640625,,,,,,,,,1.0,
P31947,SFN,1433S_HUMAN,,34321.24609375,15588.26953125,,1337.0146484375,17266.67578125,,,,20421.09375,,23907.91796875,5689.6904296875,,,1767.77160644531,26622.5234375,1569.56323242188,,,15573.4306640625,9171.6025390625,16695.091796875,2275.51635742188,147460.453125,,2161.91967773438,19896.52734375,,,,22737.787109375,11844.8525390625,37695.1015625,,,13360.7890625,,11841.4853515625,,,135849.765625
P31949,S100A11,S10AB_HUMAN,,,29376.59375,,,66532.9765625,2294.97973632813,14383.0224609375,,112634.015625,5820.61865234375,38781.57421875,24012.833984375,13239.95703125,7470.35595703125,24552.1015625,83816.125,25292.048828125,,14060.8330078125,65161.9140625,24081.013671875,45424.59375,13531.4296875,165979.5625,13962.3720703125,28038.265625,36019.7421875,,8723.587890625,12932.95703125,65469.8671875,22757.4375,7933.37841796875,,,37360.2421875,,,,,104117.609375
P32004,L1CAM,L1CAM_HUMAN,46489.72265625,67087.3046875,39304.1484375,,23851.765625,,28827.982421875,45837.7578125,69162.7578125,,,,,,,,,,,,,,,22789.357421875,,,11485.0087890625,17469.111328125,,,,,41351.73828125,,,,,,2311.09423828125,,,
P32119,PRDX2,PRDX2_HUMAN,533316.0,178248.21875,301125.1875,125798.6015625,126883.5390625,420052.28125,185277.046875,318595.125,59549.4921875,526473.875,2490019.25,500945.75,524484.75,446765.75,279194.625,241964.46875,508560.09375,603352.25,436850.59375,378864.625,480442.8125,226306.53125,423303.53125,274602.78125,538978.4375,548915.5,509101.5,283557.875,513059.5,221227.46875,169243.390625,593246.4375,133736.5625,1820749.875,367922.90625,259686.234375,479574.8125,595486.75,929559.4375,462375.3125,167607.421875,350435.09375
P32942,ICAM3,ICAM3_HUMAN,119928.9140625,122775.34375,88422.0625,76446.453125,113786.1875,56630.4375,102809.6796875,97268.1328125,141678.765625,59341.6953125,89253.5390625,70159.921875,74172.09375,74207.234375,45982.96875,65960.5625,74312.34375,85101.7421875,92006.2734375,134759.375,60470.734375,80429.109375,60059.49609375,89912.703125,50539.44140625,64057.9296875,62311.76953125,62901.77734375,61491.703125,60187.2734375,62182.9296875,60798.2890625,50279.6796875,27450.96484375,90702.4609375,54510.48828125,37057.4296875,59949.0859375,118595.015625,59730.515625,55384.77734375,52044.43359375
P33151,CDH5,CADH5_HUMAN,1486357.75,1360106.875,1177068.5,1141738.25,1340836.5,1081355.25,1345186.375,1191747.375,1367033.25,1294557.75,1272169.75,1239806.0,1153518.25,1054525.0,1452580.875,690661.0,704674.375,1162530.125,1438473.5,1234001.25,669319.6875,1121032.125,1242221.25,1160915.375,842718.375,1092355.25,1374531.0,882445.8125,1289881.75,908999.75,1109531.25,1567125.5,1345758.875,1088049.0,1051342.625,2003037.375,1018837.5625,1260678.375,1287380.0,1214639.625,1709508.875,975939.0
P33908,MAN1A1,MA1A1_HUMAN,805688.0,904695.25,486344.375,614754.4375,559573.625,380383.96875,693561.5,416755.28125,658012.375,314655.6875,675897.9375,570351.625,398739.28125,472425.5,688505.6875,536995.625,572141.5625,502054.21875,621518.625,702215.5,466446.75,560450.4375,501049.34375,487022.46875,421919.71875,510146.3125,530792.0625,408356.25,627146.4375,561966.1875,477929.96875,435438.78125,478464.625,707879.75,573683.125,497510.25,386035.875,519101.5,315104.1875,610669.5,495367.28125,340656.3125
P34096,RNASE4,RNAS4_HUMAN,163293.796875,118039.296875,107487.96875,45676.26953125,146639.59375,106969.4765625,110773.3515625,118971.8984375,131820.625,70776.265625,182778.9375,85408.3828125,138032.40625,146766.078125,124574.359375,96493.6015625,84500.9453125,75569.109375,143046.625,163817.84375,95161.875,112119.34375,54660.0546875,142247.71875,99889.625,130148.625,89573.75,85993.21875,147165.171875,83522.7734375,94727.890625,74522.7734375,143418.671875,154698.15625,140038.390625,157541.703125,73923.09375,123658.5703125,127755.2421875,167399.375,97757.546875,112698.5703125
P35030,PRSS3,TRY3_HUMAN,73964.890625,40893.34375,37098.09375,31922.359375,65283.53515625,37957.92578125,66911.9453125,58476.6796875,85507.6015625,44931.6171875,51950.70703125,95248.515625,157957.140625,112778.40625,54506.5078125,70978.7734375,25271.533203125,78601.625,149462.59375,223183.359375,109105.375,64228.95703125,39706.0703125,61215.98828125,79904.4609375,154565.71875,62013.08203125,64760.6484375,127507.9296875,40332.55859375,117282.734375,54447.109375,47880.796875,75668.5390625,37783.09765625,109159.359375,53807.29296875,44770.796875,49448.50390625,49763.39453125,28701.833984375,53231.80859375
P35321,SPRR1A,SPR1A_HUMAN,42291.375,41227.359375,364210.15625,15937.794921875,367913.96875,1019014.875,,253726.96875,57926.1640625,1383872.125,,145496.265625,305830.75,253276.546875,112731.71875,280013.40625,260522.734375,274436.59375,96538.0390625,116844.40625,484094.125,213416.5,564066.125,118063.9765625,757486.5625,138302.453125,336988.21875,413151.15625,583579.8125,87042.3515625,107730.140625,400737.6875,150926.75,2462.75903320313,39728.93359375,,343378.53125,26609.97265625,49961.2109375,,38811.75390625,516828.46875
P35443,THBS4,TSP4_HUMAN,906479.8125,956015.25,828857.875,990205.375,637264.0,396773.34375,635450.875,900121.25,979897.5625,432850.90625,415072.875,735214.8125,890434.5625,790506.5,663909.5,431124.5625,503236.46875,616111.25,999853.9375,1119461.75,387302.125,513101.1875,535503.625,795978.875,541174.8125,734859.5,484797.9375,443802.03125,567194.875,453653.0,829937.125,1014991.5,927514.5625,500201.125,623936.5,460674.34375,543438.3125,431724.65625,421246.9375,485006.53125,439764.90625,419974.84375
P35527,KRT9,K1C9_HUMAN,12225356.0,15631316.0,105765328.0,13158091.0,21367266.0,206076992.0,9665917.0,68727824.0,15390356.0,273936992.0,6945071.0,38257068.0,64289456.0,54790928.0,17396536.0,93370848.0,53997548.0,64565984.0,48194484.0,46530692.0,102529872.0,73951648.0,155964464.0,23607094.0,78380992.0,18952396.0,101289480.0,99509304.0,23477838.0,31045824.0,34700580.0,135164560.0,34252328.0,12143692.0,10688570.0,6879749.5,59734900.0,14156383.0,20293104.0,8592529.0,11806797.0,14430376.0
P35542,SAA4,SAA4_HUMAN,728067.3125,269729.65625,362160.125,300824.8125,199022.0,164904.265625,187300.5625,248008.140625,203726.984375,63927.22265625,215684.28125,189346.375,139317.234375,107835.3671875,229999.625,391159.3125,81651.9375,357958.46875,173927.84375,152775.265625,241463.53125,111147.34375,122265.8125,209254.265625,85511.546875,374817.78125,135357.984375,137356.0,145625.515625,383190.6875,351855.09375,109271.5703125,102055.296875,296640.71875,167660.375,138180.78125,178706.25,220766.28125,168696.5,253326.0,312096.90625,145460.203125
P35555,FBN1,FBN1_HUMAN,47259.83203125,27440.8671875,39772.171875,5414.66015625,80029.515625,,58546.34375,36631.828125,34285.203125,,,30757.703125,66601.0078125,32051.8515625,,,3778.35791015625,8051.6494140625,24101.7890625,37683.7890625,17785.203125,6474.26953125,,28324.16796875,5919.84912109375,35417.03515625,5753.341796875,4443.7568359375,32217.576171875,38208.53515625,26688.17578125,21347.365234375,30012.04296875,,9071.0849609375,41694.30859375,10902.970703125,51786.1171875,6426.4072265625,31551.3125,28273.33984375,34076.70703125
P35579,MYH9,MYH9_HUMAN,,5887.12841796875,7868.0263671875,,,16454.8359375,,,,30597.62890625,,5528.8916015625,6129.611328125,,,,12648.720703125,8482.31640625,,,17692.373046875,10833.41796875,14490.6591796875,,28185.51171875,15530.068359375,17431.80859375,8340.419921875,,,,18168.984375,4855.40234375,,,,,9655.3193359375,3546.76196289063,,,24905.341796875
P35590,TIE1,TIE1_HUMAN,30151.97265625,44358.08203125,27109.35546875,34621.421875,31954.00390625,47771.90234375,23279.9609375,26791.26953125,38195.7109375,46150.97265625,37600.7734375,24793.150390625,27757.162109375,23778.208984375,124138.1328125,20929.7109375,27869.09375,28302.9140625,30987.58203125,30971.318359375,12733.7666015625,21365.123046875,44132.9375,32361.6171875,14269.6083984375,25316.33984375,37611.1015625,36176.546875,25675.33984375,15258.587890625,17540.10546875,36838.9765625,21316.25,31834.1328125,90588.1328125,68897.203125,19649.484375,30026.560546875,30435.16015625,26261.265625,40104.06640625,27091.822265625
P35754,GLRX,GLRX1_HUMAN,,,119920.3046875,,,106042.1796875,,46024.09375,,101436.703125,,42042.07421875,,,,44718.921875,67298.6796875,66309.1015625,,73074.375,112917.5078125,67836.078125,118347.953125,,75382.40625,,60013.18359375,74169.2578125,,,,45028.60546875,,,,,61996.11328125,,,,,
P35858,IGFALS,ALS_HUMAN,18544644.0,9828309.0,11097906.0,14861967.0,12858431.0,13741144.0,9044112.0,10462735.0,16160188.0,6141107.0,9993661.0,6381684.0,6782596.0,6442834.5,6838745.0,4917202.5,7513694.5,3572378.0,8582076.0,10005965.0,6379921.0,4177371.0,5802667.5,2878646.0,3028403.5,8219626.5,6447503.5,5890213.0,4753374.5,5027068.0,5516542.5,5242752.0,6671046.0,6911376.5,7250049.0,7564224.5,6713008.5,7961479.0,7011946.5,3736867.5,5140019.5,6201485.0
P35908,KRT2,K22E_HUMAN,16110292.0,23257832.0,147721904.0,14781378.0,30605472.0,302743456.0,14694629.0,72081248.0,32085600.0,341841600.0,10973966.0,52030064.0,52663664.0,53610276.0,22524990.0,106720744.0,99528336.0,77015872.0,47877792.0,47405704.0,107596592.0,89889280.0,171107872.0,34872952.0,123110168.0,25523392.0,92192520.0,109527248.0,21964032.0,39873232.0,35440644.0,142699744.0,52286456.0,17126084.0,20219364.0,9525209.0,88397752.0,18082134.0,20429498.0,10056736.0,19342366.0,31668394.0
P35916,FLT4,VGFR3_HUMAN,101622.0546875,64555.15234375,51789.30078125,58190.53125,67829.5625,48880.43359375,68180.0390625,66725.8125,77972.296875,35196.6484375,44839.0390625,40147.6953125,58123.2578125,56321.4140625,58287.3671875,76072.6640625,50554.953125,61397.8515625,80427.2890625,38403.02734375,109180.9453125,44911.03125,27730.017578125,45005.6171875,50684.94921875,45568.9375,46444.640625,34978.55078125,83228.3828125,51136.328125,29575.759765625,33869.390625,17982.26171875,82222.7890625,57721.2578125,45517.40625,26932.291015625,68234.03125,10144.666015625,,49473.4375,42795.296875
P36222,CHI3L1,CH3L1_HUMAN,,,34123.06640625,,,,,,,,18117.900390625,,,,49542.671875,,11883.84765625,18336.669921875,,10067.51171875,,,50654.2265625,16092.50390625,25142.59765625,,21570.890625,22521.23828125,59310.5,,,27366.27734375,78803.6640625,56137.828125,17110.51171875,,,,43239.82421875,108252.34375,31580.40234375,
P36955,SERPINF1,PEDF_HUMAN,22020114.0,10927730.0,13030568.0,14255843.0,10756568.0,10373575.0,13483010.0,9285032.0,12578274.0,8753030.0,13214678.0,8721906.0,10037671.0,17319984.0,8819091.0,10753360.0,10004697.0,10112617.0,12742010.0,14438362.0,7181320.0,8140401.5,6554405.5,10670341.0,9392684.0,13580478.0,6821787.0,7607290.0,16520429.0,6667219.0,10181192.0,8194031.0,9890004.0,10802086.0,14204832.0,13649528.0,8816251.0,12705029.0,7125033.5,9194570.0,7952167.0,7949211.5
P36980,CFHR2,FHR2_HUMAN,10675004.0,5782642.0,6638876.0,2196905.0,4418834.0,3265999.5,8101496.0,7305220.5,9279453.0,2860668.0,11231887.0,8098740.0,8522073.0,9844204.0,4801947.0,7527008.0,6741488.5,1066292.375,9120191.0,8937977.0,3539177.75,8319715.5,3645466.25,5770402.5,6513740.5,4925971.0,4621993.0,3760585.25,11636653.0,3977266.0,4425553.5,3712447.0,8588452.0,6991882.0,5133876.5,9011318.0,763428.25,10245612.0,2102540.5,6596532.5,4015109.0,5336052.5
P37802,TAGLN2,TAGL2_HUMAN,44061.15625,233376.71875,,41367.3828125,,17007.5859375,40395.09375,69121.71875,21773.458984375,13045.966796875,49578.8984375,50994.09765625,75068.5703125,16409.50390625,26031.8203125,15108.873046875,41701.66796875,14135.5546875,42718.640625,19190.455078125,30287.8203125,12528.806640625,,,48148.6484375,83713.9375,38095.00390625,19447.84765625,26069.29296875,24261.1953125,32424.4921875,23140.578125,169930.546875,91929.0703125,25541.40625,25789.841796875,19549.53515625,59718.0078125,34968.60546875,27232.001953125,17327.169921875,28972.185546875
P37837,TALDO1,TALDO_HUMAN,,,,,,,,22966.93359375,,18691.845703125,,35329.09765625,,,,,,4811.5732421875,,,8834.6005859375,,6215.85400390625,,29046.880859375,22616.892578125,11715.2958984375,11724.4326171875,,,,14935.615234375,,30506.01171875,,,,10969.2587890625,,,,30574.466796875
P37840,SNCA,SYUA_HUMAN,14306.873046875,,,,,,,6215.2529296875,,,19424.8515625,,10111.97265625,13906.912109375,,,,10460.998046875,5448.54736328125,,,,,,,11936.79296875,,,,9658.8935546875,,7731.5576171875,,22398.35546875,,,12660.46484375,7339.09228515625,22125.802734375,10011.40234375,,11101.0703125
P39059,COL15A1,COFA1_HUMAN,18165.6875,11615.0615234375,17384.162109375,,17986.173828125,,16708.02734375,18617.7890625,,,25346.107421875,,23764.4609375,,,9684.869140625,20106.107421875,15430.9267578125,25841.30859375,28517.912109375,,14537.6904296875,11207.2744140625,21154.25390625,,17054.232421875,14482.58984375,20123.740234375,36824.99609375,17915.779296875,21106.802734375,17909.09765625,13360.7822265625,,18514.328125,12858.5634765625,8931.7236328125,13249.4921875,10101.5361328125,,,
P39060,COL18A1,COIA1_HUMAN,311960.0625,207889.953125,185553.046875,191193.34375,208088.40625,190525.25,205835.875,207142.640625,224706.734375,125904.171875,266392.34375,189904.703125,192534.0625,111544.78125,168013.625,136523.8125,196826.296875,197200.421875,211621.125,273285.4375,130710.5703125,191173.625,110886.4453125,217732.109375,176545.3125,185789.25,131204.953125,148797.265625,334637.34375,98854.6484375,179460.03125,200683.953125,257391.875,239326.390625,236251.1875,180682.75,175315.546875,215661.984375,163205.703125,243905.71875,167017.578125,98670.9765625
P40189,IL6ST,IL6RB_HUMAN,110348.6640625,113262.6796875,68462.4609375,92055.1796875,82920.6953125,57459.8125,71851.390625,56394.90234375,62971.125,51160.38671875,59395.39453125,59455.1328125,84922.453125,65348.76171875,46815.17578125,42114.18359375,63759.59765625,66942.125,91727.7421875,110262.6640625,49225.99609375,56793.6328125,47368.8984375,70748.609375,58933.30078125,63152.4921875,40619.3671875,45451.5390625,53583.88671875,39853.734375,78605.4765625,59604.94921875,64221.4453125,62420.828125,78157.390625,71562.6484375,39763.94921875,99852.234375,41785.1015625,73048.96875,56593.3359375,53683.171875
P40197,GP5,GPV_HUMAN,34732.5625,77951.25,22508.365234375,28906.87890625,21137.609375,21909.80078125,21242.5234375,38248.21875,17873.828125,13833.849609375,33295.8125,26296.064453125,12488.572265625,19068.791015625,17396.46484375,62068.109375,23159.26953125,22000.951171875,107275.078125,45925.83984375,19293.9765625,24045.87890625,17370.896484375,18079.046875,22603.17578125,21395.712890625,17345.80078125,16450.060546875,13145.41796875,25304.296875,31294.177734375,26319.5078125,24612.974609375,33969.5390625,38868.671875,55687.55078125,38881.18359375,29355.642578125,41187.7734375,43752.078125,17394.41796875,27695.95703125
P40199,CEACAM6,CEAM6_HUMAN,12737.5439453125,27214.41796875,,,,,13496.5205078125,18077.736328125,20265.0625,10193.3525390625,11024.427734375,30088.314453125,,,,10388.015625,,18677.18359375,,9112.51953125,9409.1982421875,15730.7353515625,,14721.8134765625,13150.1376953125,11549.1298828125,,,11893.0380859375,,9375.53125,,21484.494140625,,,,10545.064453125,13464.71875,19142.48828125,14520.2060546875,,4816.01416015625
P40925,MDH1,MDHC_HUMAN,56856.71875,77499.640625,,109298.0234375,99024.265625,22100.716796875,53460.796875,20314.078125,,27575.251953125,105751.484375,96035.5859375,23549.09765625,23514.06640625,94699.09375,39361.65625,65951.390625,62502.1640625,23315.1640625,34834.0546875,19631.392578125,,65009.44140625,53906.3828125,80834.1875,49532.2734375,21319.599609375,89351.828125,,17095.158203125,18532.4921875,57961.60546875,12570.4306640625,88802.296875,115323.5,14722.287109375,28790.138671875,88351.8046875,62455.23828125,25425.263671875,68754.9765625,64121.328125
P40967,PMEL,PMEL_HUMAN,,,,,34876.1796875,44521.83984375,,,29141.14453125,49530.91796875,,,,,,,,,,,,,12924.7314453125,,,,,,,,,,,,,,,,,,,19668.55859375
P41159,LEP,LEP_HUMAN,,26636.71484375,14041.3271484375,,29041.3203125,38835.44140625,,14208.1025390625,,25388.91796875,,,,38069.72265625,23135.091796875,25094.2578125,,33832.80078125,,,9692.8076171875,8022.56982421875,12452.0576171875,,,,18181.462890625,14048.203125,12608.7919921875,26926.359375,22298.203125,16787.41015625,,,,,9034.095703125,9439.9482421875,,,,
P41222,PTGDS,PTGDS_HUMAN,288834.28125,391004.5,346922.0625,324104.09375,283030.25,214314.25,319859.53125,187838.671875,544146.25,143966.265625,496023.5625,272126.21875,414902.25,317180.1875,245078.625,298264.625,284157.65625,386495.71875,369169.875,293289.40625,132521.84375,297306.90625,233004.796875,529300.625,390323.875,373877.84375,284466.375,321400.375,744911.4375,177971.96875,241789.375,392084.1875,318117.0,330186.0625,570115.25,320379.1875,239309.5,358191.125,297668.03125,360338.84375,303673.65625,286296.3125
P42357,HAL,HUTH_HUMAN,5584.111328125,6411.3037109375,29396.13671875,5191.849609375,10062.5048828125,66947.0078125,5686.35986328125,12311.9111328125,8183.78515625,104819.9453125,,37909.92578125,10785.625,18680.5859375,9356.048828125,17714.810546875,29227.38671875,16537.43359375,26029.87109375,19217.53125,39094.15625,19890.3828125,45017.6484375,19250.29296875,38309.71875,9976.6533203125,26315.876953125,26390.3046875,9325.0966796875,13386.1533203125,10950.8134765625,41778.0390625,12331.9931640625,4637.23828125,,5370.09033203125,29085.361328125,9378.103515625,8671.1220703125,,7654.416015625,18682.5234375
P42785,PRCP,PCP_HUMAN,11545.76171875,17910.876953125,10267.18359375,9399.1376953125,8061.60546875,12853.130859375,9039.306640625,10763.564453125,6622.8212890625,15311.7392578125,7138.81689453125,,4778.45947265625,8912.0712890625,6386.7763671875,7700.875,9746.8310546875,6458.2978515625,24303.8359375,5194.28515625,8066.14453125,6609.59228515625,15637.3369140625,6539.2333984375,6921.275390625,7440.75537109375,4021.62451171875,6092.896484375,7606.83740234375,11074.376953125,6494.59814453125,10766.5771484375,10058.822265625,,30889.8203125,9969.400390625,40792.5234375,11019.068359375,7416.53564453125,7275.416015625,10861.9755859375,7797.71142578125
P43121,MCAM,MUC18_HUMAN,161952.703125,112539.75,109171.296875,76746.2578125,185817.9375,66639.7109375,147420.921875,171021.0,159831.5625,67260.796875,143458.15625,111687.515625,246474.296875,122267.3125,159699.484375,129941.890625,115884.703125,102269.1875,212325.921875,179531.8125,72120.90625,114474.484375,103485.6875,167677.203125,110070.90625,179611.546875,131587.515625,122473.6171875,174442.75,139892.15625,138687.609375,166334.140625,129356.984375,95516.8359375,132076.78125,146873.03125,94325.0546875,128445.34375,165689.234375,203896.109375,173635.1875,126223.203125
P43251,BTD,BTD_HUMAN,1338021.5,777624.75,827782.25,1246409.25,1910690.125,794798.3125,1381222.625,924902.6875,1224744.75,612021.25,1018784.0625,817308.9375,794643.75,980808.9375,1036721.9375,935474.5,884379.3125,890491.8125,848502.1875,923237.375,871453.5,666347.0,727002.125,738854.6875,718293.25,654167.0625,769615.9375,552746.75,968054.0625,519838.71875,466635.5,645487.6875,658322.6875,811503.5,1298948.375,1070692.25,646252.875,941447.8125,874247.9375,754055.0,180263.90625,770237.875
P43652,AFM,AFAM_HUMAN,29897404.0,21790466.0,29607194.0,31820418.0,25669888.0,20583128.0,18031242.0,21278040.0,22766922.0,13728662.0,20440380.0,12598500.0,17787742.0,27620556.0,17101740.0,13522918.0,19428910.0,24528682.0,16237620.0,16605200.0,16028957.0,12990650.0,14868910.0,15301939.0,12723062.0,17590052.0,15025726.0,15200521.0,23416704.0,14157710.0,18549314.0,8058436.0,12205748.0,17522436.0,37634320.0,18205136.0,14437928.0,19265516.0,16245170.0,15208907.0,10611326.0,12082314.0
P46531,NOTCH1,NOTC1_HUMAN,9756.8037109375,4262.09326171875,3050.48193359375,,5558.2890625,11848.0166015625,14497.5576171875,12172.4951171875,15877.6064453125,10045.9599609375,2161.90063476563,3728.96362304688,3872.71020507813,10964.669921875,8256.5947265625,4522.41455078125,3234.6494140625,,4314.1552734375,9466.333984375,6002.8603515625,7859.39404296875,3046.45385742188,3916.63793945313,5283.6484375,10654.818359375,3606.5,5393.02734375,9083.3115234375,8982.8291015625,12353.736328125,11345.3857421875,5456.66357421875,2692.60473632813,6683.1845703125,4674.35498046875,5791.9189453125,5667.89453125,6363.4619140625,7826.97216796875,8427.806640625,12688.9287109375
P47929,LGALS7,LEG7_HUMAN,68714.34375,47531.16796875,280488.46875,31057.05078125,51874.76171875,954122.3125,62098.45703125,211093.5,54758.2578125,1125239.75,24946.89453125,300263.96875,260490.953125,135089.1875,59818.671875,246240.75,1546052.5,195417.5625,125755.4140625,146073.265625,451647.25,237227.75,591092.1875,86974.96875,5793375.5,82232.015625,109028.046875,430003.1875,70855.3359375,95257.234375,138476.046875,865295.0,261892.84375,32017.8203125,,,396209.71875,35351.44140625,25770.10546875,,21254.158203125,2562083.5
P48594,SERPINB4,SPB4_HUMAN,49603.44921875,116666.875,532666.8125,40161.21875,78577.125,798757.0625,50751.82421875,190725.875,60971.4296875,793526.0625,,269581.0,146371.1875,89521.5078125,74782.515625,202612.53125,789006.875,199984.40625,98556.8359375,87726.8671875,254149.875,227771.03125,463202.4375,154187.53125,701227.875,75506.0859375,225013.09375,286422.0,18337.89453125,87586.6875,99233.890625,389380.0625,310476.25,48224.5859375,27974.279296875,11840.7587890625,459670.59375,22939.904296875,51403.98046875,18070.55859375,23566.072265625,232744.046875
P48637,GSS,GSHB_HUMAN,150328.0625,118847.515625,60074.16796875,110134.8984375,87096.796875,138150.234375,102022.15625,128308.9453125,135474.171875,101906.7109375,83031.0,132601.484375,52690.71484375,98295.1640625,57857.50390625,51882.5,57644.171875,49130.6484375,89434.8046875,81083.21875,70939.46875,68035.875,69586.625,65534.453125,71831.921875,91539.421875,63022.046875,59632.63671875,78387.4921875,79877.9453125,70554.921875,59107.359375,83348.953125,102564.21875,68795.6015625,84314.625,119480.5234375,81307.359375,100270.65625,107729.359375,66245.78125,74323.53125
P48668,KRT6C,K2C6C_HUMAN,4625097.0,5633339.5,40786196.0,3011894.5,10572719.0,78195408.0,5092314.0,18486182.0,10726701.0,111781280.0,3279770.5,17010564.0,18004586.0,15857928.0,7701288.0,26622548.0,24695316.0,21700150.0,14055788.0,14937289.0,33883788.0,24271008.0,50490600.0,11508454.0,41351400.0,9268112.0,27026850.0,32948940.0,7518764.0,11825982.0,11423618.0,37292628.0,14113884.0,5834839.5,4180388.0,2679840.25,27943122.0,5117111.5,6246901.0,2672593.25,5258234.0,10923786.0
P48740,MASP1,MASP1_HUMAN,1080490.625,766066.375,658614.4375,918540.5,944184.5,730949.1875,1078405.25,682572.8125,991349.1875,644727.375,1112443.25,630683.0,842144.3125,880378.8125,788590.875,857469.3125,577373.9375,806318.3125,899999.1875,915753.875,783623.3125,612677.9375,586583.625,842418.375,730442.6875,944883.875,717629.5,672291.1875,734268.375,722146.375,1011638.0,604344.875,916638.0,869160.875,1003820.5625,1419656.125,614422.6875,882381.0,695452.4375,1253142.875,682939.4375,725507.6875
P49189,ALDH9A1,AL9A1_HUMAN,,,,,,175655.15625,,,,74184.2890625,,,,,,24489.1875,39188.8515625,,,,62580.609375,,34073.17578125,,47037.84375,,30603.94140625,22336.556640625,,,,43600.31640625,,,,,43386.125,,,,,21467.244140625
P49641,MAN2A2,MA2A2_HUMAN,44077.7265625,31260.416015625,35383.5625,47686.76953125,26214.1953125,,19494.97265625,17583.3515625,31003.625,,18318.61328125,22207.41796875,21620.189453125,33356.65625,24055.734375,1.0,20900.76953125,25678.517578125,8873.857421875,39373.203125,,,,34688.99609375,23233.970703125,30026.62890625,11688.7138671875,18916.818359375,32970.71484375,58710.24609375,16766.4375,16544.9375,,13821.8251953125,22248.140625,48752.52734375,,,18944.88671875,18822.169921875,19938.21875,23605.888671875
P49720,PSMB3,PSB3_HUMAN,,,49232.921875,,,40152.203125,,,,51086.68359375,,,,,,,,,,,,,27652.146484375,,30638.5078125,,,,,,,,,,,,,,,,,
P49747,COMP,COMP_HUMAN,426839.53125,365904.25,354025.21875,344379.40625,355985.375,116661.1953125,415783.09375,405202.65625,420082.59375,227870.71875,241727.40625,283858.78125,605124.625,352193.25,361283.40625,262755.34375,193946.421875,290136.875,455357.3125,566831.375,186055.59375,295608.25,215517.5625,450239.125,278920.125,560776.5,220230.296875,250093.265625,343265.59375,434953.0,483238.0625,501813.65625,356071.625,213188.84375,281590.40625,390183.0625,322193.8125,282850.3125,245958.859375,263343.21875,206302.578125,185368.34375
P49908,SELENOP,SEPP1_HUMAN,7893776.0,4840162.0,6598794.0,5531112.0,5169410.0,3946126.75,5871242.0,5353604.0,5662588.5,4102405.0,4497565.5,2828664.0,3504295.0,4805150.0,4448112.5,2736410.25,4782198.0,4015998.25,6619239.0,5065681.5,3924355.25,3653429.0,3313232.5,5268098.0,3422237.25,6331190.5,2652609.0,2235815.75,5092435.0,5341666.0,6110466.0,2833475.0,2518322.5,5065604.0,5134303.0,5836878.0,3216024.0,3654991.0,2911804.0,3750995.0,2932660.5,4176634.25
P50395,GDI2,GDIB_HUMAN,32270.875,47164.16796875,40301.99609375,36913.74609375,3075.25512695313,34266.7109375,25751.203125,54892.1484375,8722.4853515625,40945.99609375,50769.51953125,35629.12890625,22053.6796875,29900.90625,17948.65625,30947.728515625,28262.453125,35469.93359375,25163.416015625,42696.52734375,23915.876953125,23326.34765625,20402.59765625,19976.76953125,58335.90234375,30637.8203125,26959.44921875,20980.41796875,34450.265625,15087.3544921875,22635.64453125,35123.1640625,15882.943359375,44024.578125,31378.49609375,24352.46875,35970.72265625,30930.951171875,31895.951171875,19091.693359375,18174.65625,36348.078125
P50552,VASP,VASP_HUMAN,,10669.8017578125,3789.48974609375,,,,1607.0830078125,3075.26611328125,,,,3998.1552734375,,,,,,3063.732421875,,580.40185546875,2404.45703125,,,,1057.72863769531,4815.87890625,7741.0693359375,,2157.89819335938,,,,,3321.00756835938,,,,1098.05529785156,3801.93530273438,,1628.76477050781,
P51812,RPS6KA3,KS6A3_HUMAN,52935628.0,38177116.0,31926054.0,39514244.0,29757050.0,35868568.0,30541776.0,31987994.0,42099984.0,20875852.0,32889520.0,28823900.0,30347302.0,42061320.0,23984734.0,20495718.0,25330626.0,26798492.0,36110036.0,30881516.0,20859548.0,24405068.0,20974006.0,30191484.0,27861862.0,29716850.0,21746594.0,19759512.0,35228848.0,29486602.0,24614604.0,19649990.0,30705174.0,42826196.0,32919988.0,26394684.0,20561772.0,38087656.0,24050568.0,33131252.0,18788784.0,29533118.0
P51884,LUM,LUM_HUMAN,16586254.0,17864420.0,13313039.0,14981989.0,12985807.0,6323472.0,12087600.0,12660694.0,12494100.0,7393317.0,11684310.0,14095970.0,16297728.0,13475653.0,14351461.0,11585802.0,11133698.0,13082679.0,15497228.0,12913811.0,6357405.5,12844364.0,11476614.0,15041479.0,10738142.0,9241594.0,11495129.0,11120717.0,14708045.0,14191441.0,12754972.0,6205177.0,19904660.0,12181285.0,14800705.0,15581933.0,9938921.0,11348329.0,9287590.0,15400904.0,10157756.0,8880507.0
P52907,CAPZA1,CAZA1_HUMAN,,20031.306640625,,,,,,,,35839.015625,,19566.140625,9270.77734375,,,10817.9931640625,,,,,,,15131.9765625,,29553.91015625,,20597.09375,19698.470703125,,,,33066.15234375,,11982.369140625,5788.615234375,,,,,,,22294.18359375
P53634,CTSC,CATC_HUMAN,58011.09765625,139177.90625,152710.96875,133540.75,83722.1953125,102298.0390625,35351.29296875,83526.2890625,52386.56640625,106128.484375,63129.76171875,101094.0703125,111211.7890625,42533.33984375,26248.298828125,133506.96875,101911.1875,132056.046875,46360.25,37459.0625,89351.546875,62284.5859375,84522.71875,130405.15625,122457.6328125,33967.87890625,68840.8125,77188.5234375,135142.96875,17171.8125,30119.560546875,121350.96875,82573.5,41948.65234375,50668.01171875,,98865.203125,132679.53125,66506.90625,35741.21875,50106.65625,48931.9296875
P54108,CRISP3,CRIS3_HUMAN,835264.5,1424748.5,592840.625,804850.8125,1167593.0,544143.0625,784690.4375,756427.5,726926.25,486820.09375,572879.9375,605558.0,426841.375,724433.8125,429432.0625,234997.84375,859400.5625,888308.625,959541.6875,613886.8125,254380.09375,466370.0625,277779.8125,527420.625,599553.5,706730.8125,306947.84375,675175.4375,625844.75,498806.8125,510561.46875,327825.5625,309091.40625,541636.6875,715676.375,520826.15625,324481.625,479443.6875,735494.625,420826.53125,444473.8125,366997.875
P54289,CACNA2D1,CA2D1_HUMAN,99920.625,61951.14453125,43148.76171875,123077.609375,95922.359375,36592.8046875,51595.234375,70763.359375,81922.3359375,46110.91796875,30468.884765625,28824.087890625,37385.65234375,35995.98046875,40111.37890625,22731.3359375,46412.77734375,42286.03125,41666.8046875,41639.84765625,21191.783203125,36776.9296875,32563.583984375,50005.92578125,29456.53515625,37909.015625,29860.587890625,56242.765625,55111.93359375,44307.1953125,41139.09765625,58302.06640625,26616.74609375,29349.103515625,55130.75,49632.046875,15745.345703125,37179.11328125,31075.40234375,24770.0546875,34633.18359375,17729.88671875
P54802,NAGLU,ANAG_HUMAN,94241.203125,63041.71484375,35639.4765625,57079.0546875,48483.03125,49385.19140625,42027.609375,64663.0546875,68192.5078125,31728.423828125,37194.80859375,77134.3203125,39520.40625,64272.2421875,67024.234375,72627.5,34940.14453125,41677.484375,80458.4296875,37293.90625,33539.4140625,38947.86328125,55435.94140625,49844.84375,43647.37109375,36955.921875,56283.5,12615.9443359375,37608.578125,49142.15234375,41658.6953125,32841.2578125,55859.19140625,17482.90234375,51761.59375,40833.85546875,48134.0546875,38001.16015625,38782.4453125,51165.1875,44683.765625,24222.60546875
P55000,SLURP1,SLUR1_HUMAN,,,42651.47265625,,38697.69140625,36804.04296875,,,,,,,,,,57636.7421875,21911.265625,27112.083984375,,39550.64453125,30708.560546875,48949.1640625,43460.0078125,,,,58064.33984375,51641.71484375,33774.9921875,,,39435.83203125,,,,,,,21881.064453125,,26352.884765625,
P55056,APOC4,APOC4_HUMAN,,42556.39453125,,,,,33087.5078125,,,15984.021484375,,9563.232421875,10043.212890625,80358.3984375,31946.5546875,171754.21875,,95369.328125,,,11097.5302734375,50151.55859375,,33250.3671875,64789.828125,60311.703125,,,34716.2265625,28955.208984375,176219.125,,,51547.55078125,,13405.1650390625,22542.828125,,17177.564453125,21579.9140625,34782.31640625,9734.509765625
P55058,PLTP,PLTP_HUMAN,111936.890625,96593.4140625,71269.078125,56049.2890625,72881.671875,46530.1796875,61762.453125,64378.890625,56312.2734375,38163.63671875,44365.7265625,71049.90625,65016.25390625,72705.8828125,39329.8828125,47397.61328125,24877.583984375,47485.0234375,31260.158203125,56414.19921875,19126.7734375,46526.76171875,42772.76171875,68370.5625,47732.046875,70975.3515625,43022.67578125,32065.1171875,48069.03515625,62966.046875,67116.984375,56571.93359375,42188.765625,50450.921875,53871.37109375,52145.22265625,36523.640625,35996.0703125,36020.99609375,50992.4296875,49724.29296875,52515.703125
P55072,VCP,TERA_HUMAN,,14426.8544921875,8969.9462890625,,,,,6840.44384765625,,32847.8828125,9242.408203125,4219.00390625,,6910.77294921875,,,7395.55859375,,,,8909.138671875,,9114.6025390625,6296.9609375,43469.51171875,8851.7724609375,6681.3642578125,7779.62744140625,,,,25198.529296875,,10705.01171875,,,8407.4130859375,,5381.2001953125,,,26801.84375
P55103,INHBC,INHBC_HUMAN,121176.4765625,60913.6328125,136286.234375,86682.234375,98378.5,58133.91796875,119673.8984375,83844.3125,105738.765625,87390.328125,136972.375,62167.25,101438.3046875,146298.140625,121382.0,103993.2734375,63033.5078125,143754.71875,108846.9296875,93729.1328125,105534.546875,62138.56640625,81427.6875,92995.71875,79424.328125,150336.15625,102183.6328125,70110.96875,158962.84375,60387.51953125,101620.046875,62657.90625,89559.140625,114783.5625,178192.390625,93307.5078125,97875.484375,129886.546875,87149.5234375,138220.90625,104007.984375,74432.375
P55285,CDH6,CADH6_HUMAN,54231.3359375,66500.6015625,32032.140625,,56379.91015625,27457.734375,36333.13671875,71407.6328125,36335.23828125,18178.6484375,53641.3671875,47908.7734375,59201.62109375,53625.6640625,,23546.37109375,27304.748046875,49841.87109375,66023.921875,70242.3984375,32984.05078125,38840.80859375,22725.775390625,50020.32421875,44036.16796875,56668.07421875,29887.3671875,38599.34375,56324.45703125,36024.9296875,38868.3984375,50899.84375,63145.58984375,,54039.2109375,62413.640625,,27704.4609375,30656.013671875,45772.47265625,35337.2890625,45622.55078125
P55290,CDH13,CAD13_HUMAN,175913.6875,126286.515625,102601.484375,126425.015625,173084.390625,74467.5,133884.140625,139272.171875,114950.3046875,69604.8828125,57274.2734375,106427.515625,105607.328125,101073.8125,130836.4609375,63232.9921875,77402.1484375,84316.546875,224457.0,122957.6953125,138087.953125,85279.9765625,96160.46875,131873.0625,82053.40625,120985.078125,99533.0390625,106416.890625,107984.984375,155309.390625,157875.0625,118870.0859375,88581.1640625,52842.83203125,80053.1796875,214343.3125,68429.375,32195.833984375,74833.7734375,106318.9140625,98593.2265625,73588.7421875
P56537,EIF6,IF6_HUMAN,,,,,,46118.578125,,,,72717.6328125,,,17272.587890625,,,17179.97265625,25440.994140625,,,10180.5029296875,22262.369140625,13365.0830078125,31452.412109375,,53714.26171875,,21220.541015625,21118.02734375,,,8035.35986328125,33998.875,16625.62890625,,,,27081.4140625,,,,,11037.9814453125
P58107;Q15149,EPPK1;PLEC,EPIPL_HUMAN;PLEC_HUMAN,,,14152.353515625,,,53800.99609375,,14515.66015625,,83037.4609375,,23691.98828125,27534.1171875,,,,64880.49609375,,,,28846.53125,28895.599609375,44379.078125,,191595.9375,,,42339.0,,,12029.908203125,41072.8125,,,,,34007.25,,,,,114796.09375
P58546,MTPN,MTPN_HUMAN,23613.7578125,21989.228515625,,,,,,18474.64453125,,,,35216.796875,,,,,,,11835.4404296875,,,,,,,,,11205.3759765625,,,,,,51065.4609375,,,,,,,,
P59665;P59666,DEFA1;DEFA3,DEF1_HUMAN;DEF3_HUMAN,992515.0,1814287.0,1922157.875,569098.125,1492909.875,2970719.0,1189343.125,1530450.375,1543553.5,2404648.25,1338751.5,1523350.875,728458.375,1210676.125,1136096.75,1075994.125,1025865.25,1612300.5,931888.875,1127880.0,1436744.25,767210.8125,1328198.125,866658.25,1650877.875,1687242.875,1906142.125,1224116.5,1441445.125,996566.6875,931590.1875,1032061.0,938570.0,723896.125,1006005.625,507510.25,1316245.0,826935.125,2084438.75,1164327.25,1157094.375,713717.0
P60174,TPI1,TPIS_HUMAN,72777.9375,205270.609375,79058.25,18340.04296875,14655.625,163486.296875,40207.45703125,89537.328125,34298.47265625,195204.84375,186027.3125,267022.6875,85365.203125,65727.609375,68844.25,83271.328125,219369.109375,98747.9453125,60276.5859375,44424.5546875,105962.0703125,68996.2734375,112508.421875,35884.79296875,256549.6875,147453.65625,132196.578125,94962.1171875,70028.9453125,70885.375,50393.890625,177297.296875,47346.30078125,216111.6875,65861.6796875,42961.94140625,112631.2421875,124448.7578125,116720.625,63414.6328125,45421.14453125,226957.875
P60709,ACTB,ACTB_HUMAN,123854.6640625,,,53913.87890625,22728.33203125,,56104.84765625,48610.04296875,58198.3515625,18715.697265625,101072.2421875,92924.40625,22955.07421875,32783.98828125,46244.1484375,17823.7890625,82422.609375,,59059.55859375,22778.751953125,29007.7734375,,13805.3544921875,,72502.1640625,115934.15625,116483.53125,41148.03515625,23972.33984375,46677.7890625,26605.87890625,48167.47265625,4867.8212890625,210940.984375,,26855.68359375,45205.37890625,,83830.203125,85534.5859375,22137.716796875,106141.5625
P60900,PSMA6,PSA6_HUMAN,35717.0234375,49194.81640625,72778.421875,18807.021484375,26301.115234375,112990.3828125,18440.681640625,62458.90234375,22245.6171875,106112.921875,57186.73828125,77885.234375,41378.65234375,46369.4765625,27373.71875,29533.06640625,41173.24609375,29324.466796875,33745.875,20192.2734375,37381.33984375,25880.78515625,46504.94921875,32699.3359375,149924.796875,44047.26171875,59400.41015625,32359.44140625,,,17583.51953125,41718.16796875,20202.685546875,38783.66015625,35345.41796875,,38684.046875,,12062.314453125,,,68009.59375
P61626,LYZ,LYSC_HUMAN,1604340.5,1680469.125,1343231.375,690876.125,1138719.625,1732952.25,1263190.375,1026653.0,1433993.25,1210631.25,1869526.75,1673132.875,1104151.625,1410834.375,753983.25,1101416.5,1514690.25,1635930.0,2269796.5,1862751.75,727581.1875,1500469.75,738012.625,1261507.0,1317242.75,984903.25,1011372.25,1725822.375,2141595.5,508664.40625,818813.8125,1302526.875,1450093.25,1400041.375,1878018.75,1178690.25,1282503.0,1138857.875,1768400.375,1000126.8125,648814.25,1010259.0625
P61769,B2M,B2MG_HUMAN,1048360.1875,874468.375,821901.8125,453377.8125,866387.9375,693766.5,1090389.125,917475.875,823275.4375,651625.5625,1382166.625,730725.0,1240048.5,1146867.25,834023.625,900411.0625,810204.6875,1163000.0,1309570.625,1445812.875,849426.4375,958237.0,649902.1875,947653.0,1029889.875,1038627.375,716511.8125,1133720.375,2414010.0,822131.25,709486.125,1371547.75,1369516.375,942478.875,1387699.625,1344146.25,1151457.5,788467.6875,926354.625,1182714.375,768783.125,902496.375
P61916,NPC2,NPC2_HUMAN,36014.796875,36005.48828125,37029.5390625,27143.451171875,33526.15625,32629.666015625,39353.390625,26257.70703125,35712.765625,26330.05859375,55274.65625,41042.09375,48381.91796875,36533.98046875,34493.3125,30272.796875,39062.5,43149.44140625,28454.19921875,42793.3359375,26701.7578125,37400.48046875,26490.287109375,48651.36328125,59727.09765625,50123.1640625,38138.37890625,37415.19921875,73091.21875,21750.9609375,15969.50390625,48684.07421875,52644.60546875,37368.2421875,41424.9609375,36450.953125,38695.01953125,30623.546875,25992.453125,43117.24609375,29152.38671875,40796.515625
P61981,YWHAG,1433G_HUMAN,,123289.6796875,10848.2314453125,,,17105.68359375,,20008.30859375,,,,,,,,,33108.7265625,,,,,,,,82700.9765625,29406.869140625,,,,,,22802.43359375,4710.962890625,66693.0703125,,,,,,16669.443359375,,60717.09375
P62258,YWHAE,1433E_HUMAN,,24200.791015625,,,,,10921.6337890625,,,,29941.7890625,9271.529296875,14347.1630859375,,,,7972.0380859375,5061.7158203125,,,,,,,36898.03515625,24246.814453125,,,,,,,,29021.76953125,,,,12302.501953125,7110.5458984375,16206.8984375,2280.56860351563,29174.609375
P62736;P63267,ACTA2;ACTG2,ACTA_HUMAN;ACTH_HUMAN,37989.3984375,301369.4375,4722.3984375,33159.14453125,8600.794921875,23461.509765625,23914.0625,37765.8046875,20448.5390625,23006.5859375,69045.0078125,115694.0234375,32357.912109375,19234.28515625,39988.6640625,14744.783203125,56366.7109375,25420.1328125,19239.189453125,16694.74609375,30248.802734375,18754.3828125,25979.40625,18952.09765625,99459.6328125,90325.765625,82184.8125,27713.3984375,17158.2265625,13966.4541015625,16181.4501953125,28325.23828125,10960.5478515625,147009.65625,26331.98046875,19006.830078125,31317.587890625,56519.03125,25825.56640625,30160.71875,27184.41796875,61645.2890625
P62805,HIST1H4A,H4_HUMAN,84557.7109375,96306.375,140713.015625,109863.578125,77814.0078125,231033.75,48673.875,62128.421875,80301.171875,213870.4375,60352.9609375,407629.84375,86171.8984375,99744.4765625,121911.375,60040.48046875,218483.578125,104149.359375,65134.65625,86003.8203125,93618.8359375,63174.8203125,117840.09375,96629.328125,1453806.75,57822.375,128355.6953125,136485.125,59560.78515625,39181.265625,50138.29296875,141840.609375,86892.828125,67259.109375,51574.3828125,,90987.7421875,42916.75,36295.15234375,20447.9765625,51598.93359375,569644.875
P62937,PPIA,PPIA_HUMAN,44387.0390625,129133.09375,19573.67578125,27112.900390625,9146.50390625,41741.02734375,25843.0625,26014.51953125,19680.875,29274.876953125,65621.3046875,91013.96875,22317.37109375,25748.470703125,27309.16015625,17089.099609375,52551.359375,32060.828125,30576.39453125,17254.224609375,38522.48046875,19651.701171875,24086.044921875,19447.376953125,124765.5078125,50244.67578125,36939.4296875,21739.30859375,29851.470703125,26360.66796875,26336.751953125,32493.71484375,23595.984375,87555.140625,26750.8125,26129.970703125,29988.05078125,56485.0234375,39790.40234375,34683.01953125,23233.52734375,87007.3046875
P62942,FKBP1A,FKB1A_HUMAN,,103586.8359375,,,,,,20256.947265625,,,73854.0625,86716.828125,31652.798828125,,33898.33203125,16338.205078125,59675.8359375,29713.92578125,32274.673828125,,,,,21102.751953125,61551.359375,82927.6171875,59833.64453125,,32842.06640625,26281.69921875,,30571.669921875,,118410.203125,,,,42479.8203125,40113.91796875,30393.90234375,,28961.09375
P63104,YWHAZ,1433Z_HUMAN,113064.1328125,672449.9375,58929.171875,83216.9453125,26405.890625,121303.7734375,109816.1875,107065.5625,79417.9765625,60601.6875,160769.828125,237524.03125,119416.0390625,52766.69140625,77226.3203125,48586.16015625,179672.5,66425.359375,48663.7890625,64208.625,77779.0546875,39729.734375,56573.30859375,46455.421875,432085.21875,247350.125,156442.796875,80271.78125,66262.3984375,57736.203125,67319.359375,129907.3359375,58961.1640625,268692.21875,54490.11328125,62993.1328125,79418.4296875,196892.78125,116324.875,94462.8203125,57869.0703125,319475.28125
P63261,ACTG1,ACTG_HUMAN,1808593.5,9628926.0,1023377.0,1680069.125,641940.8125,1538037.375,1101424.25,1682803.75,976458.4375,1460805.5,2198092.5,3776057.5,1125926.375,778764.9375,1227698.125,940755.4375,3144851.5,1279399.875,857444.1875,988222.875,1485815.25,843336.0,1208781.125,837880.9375,3137112.25,3228660.25,2885907.25,1478580.625,1084618.5,655718.75,901481.0,1665865.375,604980.0,4372730.5,1109079.125,964861.9375,1256331.125,2469522.75,1726284.375,554572.5625,982150.25,1945581.25
P67936,TPM4,TPM4_HUMAN,56609.60546875,444272.5625,8854.5478515625,74687.703125,19931.83203125,39316.296875,53200.23046875,54581.19921875,26833.78515625,38022.6875,89132.59375,54939.14453125,37242.39453125,29485.41015625,33343.4375,22388.3359375,104948.96875,28110.939453125,28393.443359375,39027.77734375,45779.28515625,17168.53125,23711.611328125,21326.57421875,36784.04296875,141372.0,96258.15625,42674.26171875,51070.21875,27096.171875,58898.62109375,57994.34375,8118.60595703125,164136.578125,42812.24609375,38978.0703125,42331.7421875,131904.484375,96860.7734375,54124.13671875,30934.91796875,44464.92578125
P68104;Q5VTE0,EEF1A1;EEF1A1P5,EF1A1_HUMAN;EF1A3_HUMAN,,25293.65234375,69084.8984375,,9759.759765625,229132.109375,6769.20458984375,28104.99609375,,277947.78125,7826.2080078125,204427.484375,16294.4814453125,24465.044921875,59092.33984375,72414.0703125,246039.46875,38142.68359375,32879.61328125,39241.890625,93492.8984375,58455.96875,172657.328125,40908.39453125,1256507.125,57614.796875,77631.8046875,146873.765625,10554.779296875,24041.498046875,32876.3984375,191398.21875,53065.94140625,,10890.759765625,12231.1982421875,113636.8671875,8458.478515625,12982.1259765625,,47535.62109375,864679.875
P68366,TUBA4A,TBA4A_HUMAN,,57453.25,48054.4609375,,,75013.875,36613.53515625,24443.79296875,,89806.8046875,28881.40234375,28832.6328125,,,28638.376953125,26794.91015625,98556.28125,17743.0703125,,,68705.03125,21964.25390625,54847.40625,24875.015625,236487.34375,24148.283203125,38977.6953125,49945.21875,,18914.6015625,,55843.57421875,23152.00390625,33791.09375,,10884.2236328125,37091.5078125,14829.7216796875,18844.48828125,,8267.3662109375,208909.15625
P68871,HBB,HBB_HUMAN,1177458.875,424836.96875,179162.71875,150627.484375,140574.796875,371031.0,412281.25,541253.1875,144164.359375,320692.78125,4747668.5,1236310.75,785135.9375,937482.5,792448.6875,381684.59375,921101.8125,380402.40625,940920.9375,940726.0625,876378.5,173883.0625,598791.25,450205.8125,385587.84375,1570327.75,949758.5,143359.203125,451048.15625,1148734.0,1178920.375,506846.65625,122954.0234375,22526968.0,1100731.375,334578.96875,1364146.0,2437505.75,719846.0625,3817537.75,411466.09375,394706.3125
P69905,HBA1,HBA_HUMAN,167902.609375,51677.56640625,28740.771484375,22178.9140625,33784.078125,42713.93359375,85020.703125,66502.59375,28460.65625,49315.65234375,839043.5625,174562.25,165052.390625,131812.078125,179088.65625,73775.640625,155325.390625,86339.984375,105847.515625,139328.3125,152502.6875,36945.9296875,122279.0625,80401.9765625,86110.296875,387565.46875,230863.4375,31418.25390625,90543.8828125,221105.046875,201869.328125,111263.3828125,11944.3359375,3805098.75,175868.703125,49478.7421875,259951.625,457945.375,165626.8125,633564.1875,70263.890625,57999.8671875
P78324;Q5TFQ8,SIRPA;SIRPB1,SHPS1_HUMAN;SIRBL_HUMAN,,31248.837890625,14430.3701171875,,45101.44921875,,,,,,47394.46484375,33835.36328125,50899.1171875,,7039.8876953125,,27599.404296875,27822.333984375,46098.984375,4719.82275390625,,41606.6796875,4665.86669921875,33394.96875,,49668.8125,,26324.869140625,65669.2421875,,,44684.8359375,71751.5625,,25930.138671875,,17914.68359375,31853.150390625,38557.140625,,22260.17578125,6036.46923828125
P78386,KRT85,KRT85_HUMAN,,,59180.2734375,,,64714.53125,,16495.1953125,,64145.3515625,,,88092.1953125,79114.1328125,41073.4296875,28748.66015625,18287.40625,14840.7353515625,,,32134.98046875,,51336.07421875,,,38538.5,41615.953125,108739.53125,10827.4404296875,,,59316.89453125,,3781.41918945313,1946.28149414063,,40568.2265625,1910.24987792969,,,5540.73828125,10590.869140625
P78417,GSTO1,GSTO1_HUMAN,265440.78125,368197.90625,107629.78125,153855.40625,76144.4453125,91219.046875,61279.3828125,117574.796875,143578.75,92568.2109375,234453.8125,156799.125,44977.34375,111376.5625,72016.203125,72992.1484375,85707.515625,84069.6796875,89560.3046875,96411.9375,92628.984375,68603.0703125,63753.6015625,86257.78125,85327.0546875,157583.171875,88693.28125,57536.62890625,116718.6328125,60354.16015625,91793.75,131984.09375,87386.5703125,235148.46875,96770.546875,109020.0234375,179213.71875,144267.609375,124892.7265625,134567.0625,60299.4765625,168368.953125
P78509,RELN,RELN_HUMAN,,77692.75,79075.859375,72034.8984375,95100.859375,208193.421875,115392.4453125,,,11033.7548828125,71549.421875,,,,78711.15625,,77650.5703125,53853.73046875,256702.546875,111896.640625,129532.9296875,,71432.9921875,69091.546875,,,62945.27734375,69485.75,,112684.0078125,137283.34375,47446.046875,,,87590.9296875,92917.5,60227.14453125,76962.390625,94927.9296875,,35555.828125,97563.0
P80108,GPLD1,PHLD_HUMAN,5726169.0,2408128.25,3498400.25,3788112.0,3285416.75,3877436.75,2008264.75,2752818.0,5824684.5,1255818.5,1468958.875,1045145.375,1860910.125,1943157.875,1778224.125,772594.8125,1479224.0,1543105.625,2666545.25,2810930.75,2022402.5,964461.25,1238000.0,1239093.25,1478659.875,1282425.125,822252.125,1229922.25,1982117.375,1562636.375,2046710.75,1053835.875,3350907.75,1375761.125,4358436.0,1932858.5,1697237.25,2252992.0,1691177.125,2284953.25,1672846.5,1510768.75
P80188,LCN2,NGAL_HUMAN,38212.44140625,28121.369140625,35114.72265625,26549.69140625,14957.5009765625,49271.1171875,23782.529296875,27970.89453125,35818.94921875,35367.7734375,55811.65625,28339.3359375,24982.166015625,36177.88671875,18148.017578125,,54948.8828125,49653.34375,46995.26171875,36452.15234375,19365.87890625,30225.099609375,13609.595703125,29399.763671875,31474.978515625,32092.556640625,22632.65234375,22527.39453125,36080.01171875,26947.71484375,16427.302734375,29217.462890625,17135.541015625,30073.404296875,55332.1484375,10153.4345703125,24458.54296875,20906.119140625,26970.82421875,45551.9375,22396.171875,14697.5986328125
P80511,S100A12,S10AC_HUMAN,2647827.75,2354037.25,3152989.75,2606014.0,4581079.0,815426.6875,2760298.75,2218274.5,2904746.75,1734810.5,3111799.25,3626111.25,3976617.0,3312986.75,3392734.5,2727143.0,2265341.5,3770574.25,2226474.5,4212752.0,2514262.25,3266209.0,2605667.75,3446517.5,2690933.25,3588488.75,3812747.25,3889057.0,4222482.0,2561763.0,2815749.0,2552935.5,2003213.75,2974189.75,2560445.5,2504654.5,1758984.75,2924003.5,1591552.5,1496460.25,1490743.25,1239666.75
P80723,BASP1,BASP1_HUMAN,14130.4521484375,14616.962890625,12454.751953125,,17338.30078125,9178.3525390625,38431.640625,11722.3564453125,14948.5419921875,13295.328125,6695.19287109375,4910.431640625,12754.484375,9957.576171875,7890.3701171875,7799.06298828125,2788.58056640625,12767.1875,12945.3095703125,11930.96484375,6931.125,13181.6748046875,4483.423828125,13567.423828125,5935.7802734375,9005.8330078125,6005.82177734375,12734.873046875,12649.0087890625,14952.7353515625,15357.4755859375,13523.55078125,7287.1533203125,,9328.3076171875,10614.2939453125,4844.26904296875,,10447.7421875,11948.646484375,5917.2763671875,7000.3720703125
P81605,DCD,DCD_HUMAN,421500.625,334079.34375,1447315.125,239112.046875,940306.75,1367336.625,478105.5,748406.875,482086.375,2301083.0,495476.1875,1654865.875,1903252.75,948588.3125,910253.875,891012.8125,1318952.875,1505526.125,1474845.0,1430611.625,1388828.125,1118935.875,1548288.25,1155052.375,1919703.5,1153145.875,1542307.25,1316261.25,754409.375,755805.375,881324.625,968022.3125,993965.625,551822.9375,301275.96875,394300.53125,1650001.375,536150.5,318191.03125,286614.3125,359702.3125,223036.234375
P98160,HSPG2,PGBM_HUMAN,66815.8046875,77422.9609375,49831.46484375,77162.1015625,88222.6015625,57076.01171875,79091.09375,74190.8515625,63887.78515625,44514.9765625,46796.01171875,63604.90234375,87182.953125,57747.0546875,62038.390625,50171.5859375,62931.2734375,56107.55078125,77018.625,69382.0,37731.5703125,57142.44921875,44370.94921875,79772.875,59450.80078125,45186.5859375,54064.953125,60561.046875,89992.6640625,69260.5,65396.0859375,67134.7421875,43504.55078125,60179.53125,54184.9140625,83815.7578125,52707.265625,59636.546875,79332.53125,90039.921875,85306.453125,79822.109375
P99999,CYCS,CYC_HUMAN,30865.9140625,68096.8125,23509.66796875,31294.517578125,25480.62109375,39575.66796875,19449.1015625,26962.09765625,27951.0,31123.064453125,26593.51953125,49807.81640625,22304.982421875,12303.923828125,26297.88671875,25158.125,34415.05078125,25492.392578125,16926.072265625,17250.63671875,20141.5546875,19191.3203125,25246.1328125,26135.03125,61119.921875,34669.44140625,37463.890625,18484.314453125,21902.005859375,21675.421875,18788.4765625,24526.853515625,93274.875,24377.564453125,26810.61328125,20650.859375,68911.1796875,32610.765625,22201.53125,24293.03125,16283.17578125,27529.79296875
Q01459,CTBS,DIAC_HUMAN,364362.8125,252853.234375,124361.578125,361715.78125,359909.34375,267710.6875,256679.640625,209579.4375,286126.21875,132128.890625,198749.046875,164355.65625,244089.8125,248110.15625,168459.875,143836.125,165550.03125,209917.015625,246650.3125,225011.46875,105962.140625,142689.96875,116087.8671875,238717.875,187140.15625,222132.203125,143451.359375,167961.109375,240626.0,142297.96875,159486.859375,135743.125,282909.65625,184959.9375,265827.28125,205645.6875,173779.59375,89320.59375,185701.421875,221726.9375,133167.28125,134717.8125
Q01469,FABP5,FABP5_HUMAN,159445.5625,211791.296875,1052264.875,159647.3125,360302.78125,1208676.5,144779.671875,598853.4375,244831.46875,2501107.75,41036.03125,554580.75,615802.8125,539349.75,246458.6875,877861.875,2028376.625,762660.5625,596469.125,656091.6875,719026.625,829958.3125,1697141.875,516449.53125,1573079.375,231831.203125,965552.25,1113242.5,63833.69140625,353445.90625,389546.84375,1494019.5,535941.0,170919.34375,167960.140625,67876.8671875,887966.8125,56081.94921875,335694.53125,126640.21875,178006.5,2596505.25
Q01518,CAP1,CAP1_HUMAN,22099.974609375,176760.25,,15728.9140625,,,21615.50390625,21583.90234375,,62607.21875,49413.328125,56301.921875,,17227.21484375,26753.564453125,21199.73828125,56719.70703125,18725.3046875,9829.9326171875,,20832.87109375,,45887.73828125,,63209.53125,69638.8984375,52063.359375,15949.6171875,,6179.71826171875,12404.9638671875,34431.3984375,,58606.24609375,8680.4287109375,,21265.306640625,43301.25,22180.1171875,23391.49609375,19054.4609375,24818.435546875
Q01546,KRT76,K22O_HUMAN,,,52365.9296875,,,,,,,19952.1484375,,,,,,,,,,,,,,,,,,,,,,,,,,,,,,,,
Q02413,DSG1,DSG1_HUMAN,43638.421875,36879.5625,294341.1875,41616.21875,61714.5078125,443517.15625,29547.771484375,141132.28125,50004.80078125,888803.5,36521.37109375,121849.78125,148779.5,113391.71875,43080.41015625,218994.640625,190893.921875,174937.640625,127457.09375,100516.078125,182372.171875,229773.234375,351160.4375,93247.5859375,373713.28125,54448.69140625,210750.765625,244121.71875,46370.5859375,65598.9375,88659.5,305486.125,137355.15625,39584.01953125,38019.83203125,27891.626953125,223350.359375,45599.49609375,61429.625,22277.28515625,47693.33984375,167591.96875
Q02818,NUCB1,NUCB1_HUMAN,,2085193.0,4482.92578125,30977146.0,600373.1875,,3371734.5,,,368998.78125,5815156.0,,23740642.0,14528757.0,263050.90625,12510017.0,3467142.5,1576892.375,1690724.25,1919329.75,116962.015625,8807222.0,2376485.5,10568111.0,3291860.5,,81803.5,,11265811.0,10546129.0,10877549.0,111587.6640625,3549208.25,2351735.5,14420090.0,15402785.0,8539275.0,5376933.5,9302.8798828125,8644963.0,3478411.0,
Q02985,CFHR3,FHR3_HUMAN,35505048.0,24761206.0,23033846.0,29222358.0,24391382.0,19109562.0,22449110.0,23577764.0,27982422.0,11991649.0,30389182.0,19726348.0,24983336.0,32461674.0,21665514.0,19751804.0,27797366.0,23400352.0,22976848.0,30315678.0,23075240.0,20737186.0,18070476.0,22489388.0,17927182.0,18784686.0,18656054.0,18271874.0,26833922.0,13912602.0,21858066.0,14918993.0,20545916.0,36095404.0,33445302.0,32158156.0,16805774.0,27542616.0,17548268.0,21168610.0,21349946.0,17388446.0
Q03001,DST,DYST_HUMAN,2956451.75,1623357.5,1675182.625,1952765.625,2294718.75,2405620.0,1634419.0,1583246.75,2194896.25,1083189.875,1312799.75,1061435.625,951634.25,771050.6875,1137102.0,641782.75,1205152.5,441262.40625,1243444.75,1350756.125,1223531.75,681631.25,1035884.375,453691.1875,409697.8125,1352098.875,921315.1875,1192584.875,827881.1875,764606.0625,745875.0625,816604.75,1182761.125,1003439.75,1104449.125,1152386.5,1135375.0,1074897.0,1291093.25,514466.0,728166.0625,875763.0
Q03591,CFHR1,FHR1_HUMAN,12686830.0,10441471.0,7908474.0,8774041.0,9102486.0,9628965.0,11201181.0,7049694.5,11380010.0,6126415.5,15503909.0,8818042.0,15012775.0,10157495.0,7593631.5,5508872.0,9392162.0,11985314.0,8801029.0,9094750.0,10228389.0,6390950.0,5793495.5,12481168.0,7078389.0,12711999.0,6634166.0,7502120.0,13839302.0,9282833.0,9184888.0,5575029.5,9833619.0,14873230.0,12181544.0,12461552.0,8810406.0,9152340.0,7922449.0,8109747.5,9532407.0,8547369.0
Q04695,KRT17,K1C17_HUMAN,55734.88671875,96770.4921875,728655.125,42288.69140625,145654.078125,1466962.5,37268.37109375,485952.5,165805.09375,3027984.0,28716.1328125,259079.75,415714.625,475483.0625,149490.375,915180.3125,518833.625,460068.53125,448263.71875,467250.1875,1236261.25,497383.84375,1584458.625,326502.03125,1853899.75,127975.765625,1177866.75,946828.25,165165.4375,414716.0,381841.28125,1122718.0,395397.5625,81490.3984375,54315.4453125,24705.396484375,673600.6875,91991.140625,168007.5625,42548.6640625,98363.671875,1255021.5
Q04721,NOTCH2,NOTC2_HUMAN,22950.27734375,18260.5859375,12257.5498046875,13082.4794921875,25901.029296875,13174.7421875,11065.4619140625,18784.21484375,17773.734375,10493.583984375,23459.0625,22733.69921875,13717.08203125,13835.51171875,17836.986328125,11517.0634765625,10666.3408203125,18695.76953125,15042.0595703125,15979.9013671875,6945.80810546875,14848.8505859375,8502.837890625,22168.1875,13960.779296875,16438.466796875,17550.767578125,11908.6220703125,25875.125,7022.2978515625,7875.70654296875,15012.6435546875,16827.06640625,13558.578125,26354.3828125,13410.626953125,9937.1748046875,15334.6005859375,15724.583984375,19435.0859375,17278.478515625,13211.9130859375
Q04756,HGFAC,HGFA_HUMAN,2838251.5,2686554.5,2364230.5,1523844.875,2210238.75,904408.125,3537647.5,3022321.75,4065359.75,1827782.375,1773585.0,1892762.0,1776129.25,3172918.5,2721410.0,2261857.0,2199176.5,2567276.0,2457465.0,2586053.5,1676611.625,1775608.625,2172525.0,2358127.0,1816624.0,2734849.0,2678971.0,2688251.75,2273372.75,1776033.5,1978018.0,2103972.75,1738824.5,2392818.75,3184138.0,2881844.25,1135412.75,2255684.0,2339504.5,2571756.75,1449801.0,1830401.875
Q06033,ITIH3,ITIH3_HUMAN,6668564.0,12152256.0,6659835.5,6073225.0,8636581.0,3120560.25,9827386.0,6959268.5,9625329.0,4345556.0,10397922.0,8688218.0,9194342.0,8547146.0,9244995.0,5356831.0,4604390.5,3709287.5,6660203.0,6030339.5,6186551.5,9736480.0,7672979.0,5488319.0,5513689.5,4580177.5,8717794.0,8416655.0,8624667.0,6844090.5,6051342.0,5723874.5,8410611.0,13189274.0,6677251.5,5672806.5,4957410.5,7378483.5,11620176.0,10863252.0,7108991.0,11676271.0
Q06830,PRDX1,PRDX1_HUMAN,318951.65625,209144.203125,363740.5,189879.3125,144865.609375,540525.0625,113262.5625,290656.03125,66235.4453125,731757.75,1672821.25,379578.75,441227.125,329469.21875,260730.109375,304932.75,533291.0,496780.09375,269799.875,284414.84375,369117.1875,249452.71875,501155.90625,230990.21875,549906.0625,308964.1875,428734.75,328763.5625,287652.84375,154898.9375,184132.703125,574762.3125,133299.015625,1039101.375,283081.90625,150656.671875,329308.25,383063.25,577184.75,604531.3125,162158.515625,325891.4375
Q07954,LRP1,LRP1_HUMAN,67564.296875,54494.16796875,39567.375,47066.078125,38308.34765625,42050.3046875,52377.06640625,52290.3984375,37273.35546875,26276.001953125,46299.84375,48727.66015625,48251.29296875,58250.87890625,45621.1875,34209.796875,34342.35546875,39928.19140625,64076.21484375,49304.0234375,46696.25,48000.35546875,30429.0625,47324.4453125,30919.833984375,36019.375,34983.29296875,33929.12890625,44407.2265625,55006.046875,40136.3671875,45630.37890625,62263.26171875,52834.83984375,50291.69921875,57392.1484375,22267.296875,53194.15625,59019.91796875,62223.890625,49890.81640625,50400.375
Q08188,TGM3,TGM3_HUMAN,57708.73046875,93742.125,591527.0625,18216.05078125,111919.1015625,1322912.0,57205.4140625,232832.234375,98453.0625,1444467.625,9592.8466796875,246710.484375,209726.546875,213423.625,43269.48828125,308380.4375,273198.625,267632.4375,159196.5,210252.078125,408191.90625,270354.28125,554171.875,152715.203125,509876.90625,110761.3046875,252831.734375,332467.53125,71332.25,172369.96875,146479.546875,481862.875,222542.9375,45547.921875,72706.4375,52321.7890625,400369.59375,23131.810546875,22466.453125,7104.671875,37285.890625,175651.734375
Q08380,LGALS3BP,LG3BP_HUMAN,216152.953125,230954.03125,88839.6640625,1547333.75,137834.0,132369.25,131231.890625,127048.7265625,227904.796875,110570.15625,149295.828125,82606.0703125,128992.6796875,94246.0859375,45480.73046875,88546.4296875,105039.1328125,133809.90625,185919.0,143512.234375,131258.28125,187256.984375,40770.67578125,127010.96875,126666.265625,76947.34375,62725.01171875,87705.7265625,160594.546875,94284.765625,124913.53125,74951.828125,125743.2421875,299583.40625,211747.640625,180299.078125,106772.84375,144172.125,116489.0546875,86144.1328125,227568.921875,51157.625
Q08554,DSC1,DSC1_HUMAN,75996.0390625,87989.109375,714900.125,74816.5,182790.125,1514436.375,55654.859375,405487.875,105057.671875,2088550.75,54857.6796875,273675.5625,378757.875,342346.0625,137530.609375,485364.5,617722.125,404807.59375,261818.15625,280756.96875,615336.8125,500315.875,964392.5625,211417.640625,807722.875,105717.5390625,560884.9375,657630.0625,86541.9609375,88048.859375,263297.875,674727.125,337036.0,95531.8046875,158404.4375,58910.69921875,576084.375,96659.9921875,116552.3046875,62282.49609375,120419.46875,452661.0625
Q09666,AHNAK,AHNK_HUMAN,,,6863.67822265625,,,,,1.46369874477386,,50584.9375,,,,,,,1.0,,,,,1.0,17417.001953125,,145257.828125,,,1.0,,,,13861.5888671875,,,,,,,,,,38142.4375
Q10588,BST1,BST1_HUMAN,287392.5625,445608.59375,210326.921875,315514.0,356956.4375,230333.671875,125244.3984375,264576.46875,422406.53125,108698.2578125,179480.125,161991.734375,209735.0625,176303.125,225204.109375,117997.734375,183303.625,239386.515625,335803.34375,290371.625,144697.28125,231819.9375,229704.1875,172041.671875,161705.640625,138402.359375,251121.015625,99255.6484375,180763.59375,276245.625,252651.46875,165815.734375,163923.1875,32067.16796875,213675.1875,228420.6875,132622.703125,220802.84375,,86169.171875,102229.2578125,139652.0625
Q12805,EFEMP1,FBLN3_HUMAN,902915.375,1003100.6875,593219.8125,730005.5625,723999.4375,646658.1875,803284.5,841710.0625,796196.9375,546441.75,1171810.875,1053381.5,1197652.25,1265235.5,903500.6875,938292.1875,956509.0625,999209.25,1207849.125,1213133.0,489737.84375,899935.75,676169.4375,1430686.5,971331.875,1079322.5,836214.125,902386.125,1819979.0,351096.3125,824186.0,981995.5,1432511.25,988352.3125,1051871.25,1793786.625,770472.4375,1067007.5,1042167.75,1465551.125,1136879.0,1028841.8125
Q12841,FSTL1,FSTL1_HUMAN,15856.2646484375,11153.3828125,23350.404296875,7135.96728515625,17492.7890625,8853.5439453125,16240.529296875,20438.62890625,14912.62890625,9556.6552734375,4201.62939453125,15882.96484375,15106.216796875,8213.7626953125,21432.89453125,9046.6484375,4836.05810546875,12862.11328125,14350.0,9757.6298828125,,23602.28125,8119.29345703125,7547.11474609375,9151.5546875,15149.7939453125,9571.7255859375,11202.900390625,18194.529296875,,13875.783203125,8305.833984375,15765.6376953125,14009.904296875,15171.2822265625,9863.287109375,13465.859375,14353.076171875,13017.998046875,16742.00390625,17024.599609375,14071.02734375
Q12860,CNTN1,CNTN1_HUMAN,85211.078125,109170.953125,74790.5625,93266.71875,123972.984375,79529.6484375,110799.0,90590.4453125,87834.2265625,74360.7734375,59498.1640625,108479.3203125,145578.59375,85752.3359375,105713.84375,87524.75,74209.234375,118570.2890625,94972.4375,92768.203125,69789.1328125,97215.2734375,88810.21875,103531.9140625,88318.4765625,87415.1015625,90108.5546875,113088.7421875,108573.4296875,135902.03125,120063.78125,110612.4921875,98373.328125,49660.49609375,88046.1796875,94261.6640625,79188.7109375,81881.0,64377.36328125,97437.4765625,106821.453125,85244.8046875
Q12866,MERTK,MERTK_HUMAN,22592.50390625,,,,22373.53515625,,,,2740.82275390625,1.0,,,,1613.51086425781,18064.369140625,,,,9842.36328125,52373.46875,,,8264.8017578125,,17027.15234375,,11018.7001953125,14133.572265625,7293.09228515625,3625.99633789063,,,,,24320.1640625,19316.126953125,2882.82299804688,12234.0078125,16978.1875,,10958.470703125,1.22993075847626
Q12873,CHD3,CHD3_HUMAN,,,,,,308299.9375,,,,34527.35546875,,,,,,,,,,,8995.16796875,,,,,,,,,,,,,,,,,,,,,
Q12884,FAP,SEPR_HUMAN,69736.203125,60558.1015625,57710.10546875,58504.5,41072.7265625,53142.3203125,46940.609375,25013.845703125,,54082.7890625,54805.6484375,54939.7890625,60555.37890625,,60409.07421875,28398.93359375,46192.16796875,44505.05078125,24903.587890625,141774.484375,159986.578125,44592.4140625,49629.203125,26694.7421875,59374.06640625,47064.15234375,42902.015625,37039.3203125,45644.19140625,145628.03125,104466.3828125,24559.36328125,53954.265625,29444.470703125,62282.34375,219657.0625,,20681.203125,25052.265625,,35773.1875,
Q12907,LMAN2,LMAN2_HUMAN,28863.2734375,,64910.6015625,10360.138671875,44498.58984375,18235.27734375,,56564.8125,30822.48046875,19780.76171875,65694.3671875,15953.0859375,37108.56640625,25371.0078125,18307.71875,41736.109375,45274.50390625,57975.65234375,35546.00390625,14314.7724609375,,,21301.138671875,33606.68359375,38657.96484375,21262.427734375,,39364.51171875,63186.6875,3443.01879882813,,37381.65234375,31178.54296875,,,,27202.140625,,35130.48828125,30297.58984375,25049.5234375,12517.984375
Q12913,PTPRJ,PTPRJ_HUMAN,319210.96875,194764.125,181611.125,196633.109375,179389.515625,194716.453125,186990.9375,201444.9375,223725.125,95838.375,161821.59375,158325.515625,183054.6875,274533.125,112825.5703125,114111.03125,109609.5625,219764.875,249289.71875,221178.296875,136602.421875,139324.96875,74362.4765625,147832.28125,157824.84375,244547.546875,140972.984375,156119.6875,155321.203125,235187.078125,244838.046875,138605.375,168991.03125,121150.75,138021.640625,181075.703125,123148.1171875,174450.734375,104940.3125,170499.125,137858.40625,101940.59375
Q13093,PLA2G7,PAFA_HUMAN,23821.240234375,39260.01953125,43149.3359375,48048.94921875,,9355.1689453125,20727.8515625,29042.74609375,22011.76171875,12274.9697265625,43682.7265625,5886.44384765625,,,22773.37109375,17265.75,10295.447265625,25962.859375,11995.5693359375,,,18413.193359375,15426.4892578125,28820.884765625,5758.20849609375,5338.046875,21449.802734375,,11979.328125,31738.646484375,18635.142578125,6327.4267578125,17510.46875,16214.11328125,23882.615234375,14039.765625,12491.7763671875,,15127.611328125,21086.15625,17914.16796875,7147.5029296875
Q13103,SPP2,SPP24_HUMAN,856041.125,544890.5,383518.9375,825785.875,623204.9375,492044.21875,562651.3125,669653.1875,418904.0,349023.125,30970.498046875,58658.5078125,112597.6953125,58828.76171875,584984.25,281442.625,66221.8671875,263728.46875,80626.8046875,115123.671875,457075.6875,213761.75,90780.8515625,82149.8125,208980.421875,275067.9375,327186.9375,90423.484375,76865.8984375,102020.578125,139334.984375,43665.9375,81503.765625,156182.1875,169587.25,51842.1953125,57230.41015625,352950.40625,420189.59375,,106743.1796875,182036.75
Q13201,MMRN1,MMRN1_HUMAN,366435.6875,25036.515625,113896.484375,4474.4150390625,102291.75,276127.125,127533.0234375,288540.15625,217604.4375,,149272.21875,93703.890625,,5280.57568359375,26332.759765625,18428.548828125,13315.78515625,17345.169921875,204833.875,31957.208984375,10400.4365234375,8528.8671875,14231.11328125,20069.3125,,252831.59375,104137.421875,58331.1328125,132207.640625,,13445.1728515625,81156.953125,,122160.5546875,32665.33203125,46591.35546875,,25948.48046875,124909.6953125,202868.125,9566.361328125,307053.4375
Q13228,SELENBP1,SBP1_HUMAN,80930.4765625,,40057.59375,58129.16796875,,,,,,,114709.703125,75136.109375,61502.75390625,,,38672.9921875,79293.6796875,51984.28125,27709.888671875,64106.2578125,,,,,42646.0546875,71675.328125,46964.9140625,,62997.9375,,44535.84375,50482.609375,,113079.359375,74040.265625,74136.6640625,,,37421.47265625,25870.404296875,13601.9091796875,
Q13231,CHIT1,CHIT1_HUMAN,39722.57421875,,20158.044921875,23649.330078125,,,,31758.865234375,,34468.0546875,21506.2421875,28621.576171875,41148.5625,,22323.482421875,52289.5625,18333.779296875,39030.8046875,21102.955078125,,,29363.43359375,28214.267578125,59585.9609375,114501.9296875,73343.203125,26751.220703125,24424.099609375,30869.7578125,,,37742.0,60122.8125,20550.46484375,42803.3359375,,,88189.53125,18437.31640625,50487.55859375,39730.8515625,44356.58984375
Q13332,PTPRS,PTPRS_HUMAN,25346.328125,16770.65625,15421.5703125,20717.08203125,19687.40234375,15395.3125,22617.01171875,18616.751953125,13895.904296875,13337.908203125,18200.265625,21527.287109375,19993.224609375,15341.89453125,21720.130859375,16376.9501953125,24780.091796875,15284.283203125,28827.419921875,34373.28515625,13133.8212890625,12932.822265625,9186.091796875,18047.560546875,19258.763671875,14468.720703125,9919.986328125,12987.1455078125,17881.373046875,30005.49609375,20638.642578125,18152.779296875,22507.560546875,15259.6083984375,15836.9140625,22960.30078125,9072.966796875,15813.2353515625,13827.505859375,20795.328125,16098.90625,16494.484375
Q13508,ART3,NAR3_HUMAN,16640.5859375,26063.744140625,,2818.68286132813,46627.6171875,19176.158203125,28931.970703125,15868.5546875,16756.90234375,,,12823.0087890625,10506.990234375,,,17207.279296875,10179.4755859375,,18415.408203125,32850.84375,,13804.1064453125,,32372.939453125,24243.48046875,30427.0234375,8128.7041015625,17189.34765625,42303.4296875,6304.32080078125,40595.51171875,37109.93359375,9339.173828125,,,37051.64453125,,,39936.671875,41509.87890625,15727.1611328125,17624.33984375
Q13510,ASAH1,ASAH1_HUMAN,,,37241.75,,,457168.59375,,,,50554.7421875,,,,,,,,,,,,,,,43970.375,,,,,,,29494.021484375,,,,,59560.60546875,,,,,
Q13740,ALCAM,CD166_HUMAN,50628.3984375,50963.53515625,39739.8203125,69928.609375,38969.8984375,36757.48828125,42250.6953125,39116.62109375,46479.59375,52003.265625,34470.43359375,40425.5234375,40569.9375,41164.1640625,104894.515625,40608.0859375,31711.08203125,40834.22265625,56533.41796875,57316.08984375,21277.12109375,34193.359375,26759.84765625,40095.75390625,37427.56640625,31757.51171875,30383.5859375,35326.91796875,42891.28515625,37423.97265625,54876.0234375,35195.6640625,37046.078125,24624.908203125,37851.20703125,59485.0078125,30484.8125,41104.6015625,38724.578125,46312.94921875,33630.3046875,36059.4921875
Q13790,APOF,APOF_HUMAN,185010.421875,68075.2578125,49265.37109375,61218.0,73621.84375,53716.9921875,135701.234375,34585.8125,113041.1796875,81927.8515625,180063.46875,194461.671875,294096.5625,264652.3125,255196.359375,171701.5,100572.8984375,104080.4921875,104175.171875,78900.6875,33868.578125,340645.5625,275968.875,418975.96875,155961.234375,140404.96875,360805.3125,47291.06640625,123151.0390625,14912.376953125,,33835.3125,79958.5234375,371201.4375,83266.859375,111247.8046875,64390.7421875,105957.765625,32020.005859375,97440.765625,52759.68359375,61050.5703125
Q13822,ENPP2,ENPP2_HUMAN,100353.953125,140016.796875,87894.671875,714035.125,128154.8828125,379608.125,102960.84375,85909.9921875,88014.9609375,42782.67578125,63335.65234375,73400.515625,64002.76953125,66626.34375,87101.21875,86977.171875,62549.3359375,97066.203125,44657.3984375,55819.51953125,49953.81640625,96152.4921875,67302.1875,94194.1796875,54125.9921875,50608.98046875,67739.0625,67138.078125,74433.46875,41072.16796875,70778.328125,89349.21875,65289.36328125,72639.546875,66758.921875,72893.9375,40601.8359375,79521.2578125,52532.22265625,92624.2734375,84539.03125,96949.7421875
Q13835,PKP1,PKP1_HUMAN,21102.3828125,,279066.8125,,,506706.90625,,150741.921875,32604.37109375,906977.6875,,65965.9921875,147582.03125,107399.6484375,,244843.75,220469.53125,149869.375,97791.4609375,96598.34375,310706.8125,175503.40625,398683.28125,14893.671875,451609.71875,25935.5546875,236641.546875,308738.59375,,77908.28125,83376.3203125,317173.90625,75903.09375,,,,150353.625,,23035.771484375,,11341.33203125,259704.03125
Q13867,BLMH,BLMH_HUMAN,,422553.78125,610639.375,246139.84375,117739.6875,1013160.4375,100944.1640625,296016.71875,165228.59375,1100345.125,54162.94921875,190386.1875,203373.109375,236024.984375,95384.8203125,291342.59375,337478.90625,271318.75,238128.671875,192665.984375,407964.5625,290907.9375,434020.65625,147304.203125,594140.875,106940.1171875,252157.9375,293993.875,63319.1953125,170869.140625,144394.53125,523980.6875,241180.78125,135690.84375,92309.578125,80952.796875,377694.5625,107895.03125,104278.4921875,136258.765625,76907.2578125,646753.4375
Q14118,DAG1,DAG1_HUMAN,227749.75,114767.5,154046.765625,87099.8828125,104677.0625,98260.421875,154291.609375,116840.1484375,131555.171875,94701.0859375,147528.125,106257.3984375,165576.546875,132266.1875,73808.4453125,94147.8671875,108700.8984375,89331.8125,238002.28125,200371.234375,96317.890625,89256.8046875,26949.392578125,150739.96875,116620.2109375,139672.546875,66647.9375,115216.375,274325.625,116307.5859375,113543.1328125,194023.828125,106216.5234375,90104.2578125,141411.75,185721.3125,118572.65625,112058.8203125,159331.703125,154545.671875,73208.1875,139224.71875
Q14126,DSG2,DSG2_HUMAN,114967.0,155457.796875,82294.0859375,134473.40625,145987.171875,159080.15625,132033.546875,118220.109375,147211.15625,92169.890625,95597.515625,109404.859375,75512.53125,114954.71875,83934.921875,57086.10546875,81634.125,95788.5078125,154679.78125,146296.765625,60932.8203125,109648.3046875,75778.546875,127083.984375,83594.6171875,81122.4765625,77376.0234375,96734.3359375,94373.8125,95820.9453125,97540.125,93163.546875,101892.3515625,84494.7265625,99593.2421875,128395.328125,74406.765625,91377.40625,78811.953125,171715.609375,121545.65625,131219.4375
Q14314,FGL2,FGL2_HUMAN,,,,20245.060546875,,,,,,,,,,,,,,8401.9462890625,,5308.99951171875,,12285.9267578125,,,,,,,,,,,18232.783203125,,,18889.1328125,,,4744.1591796875,,11160.98046875,
Q14315,FLNC,FLNC_HUMAN,16478.234375,,,,,,11563.5068359375,14275.8935546875,,,,,,,,,,,10400.078125,,,,,12441.2001953125,,11679.3828125,,,,16898.1484375,,,6487.140625,,,8611.7275390625,,,,,,7656.0087890625
Q14515,SPARCL1,SPRL1_HUMAN,16764.31640625,14568.04296875,12323.2353515625,11421.4296875,28901.71484375,12996.337890625,21866.689453125,28646.37109375,13082.125,9262.1796875,16441.25390625,18202.580078125,29283.287109375,10593.158203125,18375.68359375,25576.134765625,11324.3564453125,12430.2060546875,12312.0830078125,17831.3203125,12241.7734375,17739.474609375,12296.9150390625,12538.7958984375,12496.212890625,15898.2900390625,15347.75,13656.291015625,29000.181640625,12453.28515625,15274.287109375,18906.232421875,11949.5751953125,12842.7099609375,14446.427734375,16365.0029296875,11521.8857421875,30666.76953125,23108.873046875,23125.03125,16049.2490234375,23299.1171875
Q14520,HABP2,HABP2_HUMAN,8813992.0,10075533.0,6217249.5,13183527.0,8533841.0,9469592.0,7618169.5,6244381.5,10121999.0,4443554.5,5171935.5,5507705.0,2627641.75,7622748.0,6486378.5,5739423.0,5030731.5,6182743.0,5334402.0,5682757.0,4738632.5,3654790.0,4497411.0,5389183.0,4670551.0,6655272.5,5437563.0,4582142.0,4871131.0,5208690.0,4947967.0,3907101.25,5331173.5,5476185.0,8178510.0,6276280.5,3017273.25,5464042.0,4655568.5,4631215.5,7867074.0,5060131.0
Q14525,KRT33B,KT33B_HUMAN,,,68156.90625,,,123937.8828125,,,,125622.6484375,,3131.42431640625,126258.296875,142551.421875,81370.7265625,37042.81640625,13940.6171875,24448.134765625,,,43837.75,,77490.0546875,,27408.73046875,46939.71875,38661.93359375,130481.8203125,,,,78176.2734375,,,,,99277.015625,15806.75,,9000.7666015625,,24128.130859375
Q14574,DSC3,DSC3_HUMAN,,,158553.796875,,23871.46875,224342.359375,,66203.078125,10943.845703125,326478.875,,66348.0,68316.484375,45297.25390625,,46539.796875,138284.125,39099.484375,68803.7421875,54438.27734375,96736.4296875,61265.8046875,219597.921875,18252.169921875,251218.640625,7246.66650390625,60061.3125,134532.671875,,21052.896484375,40692.76171875,156290.546875,65679.6328125,,12765.029296875,,93745.3203125,,14177.5703125,,,100695.0546875
Q14624,ITIH4,ITIH4_HUMAN,91046432.0,65314408.0,51561944.0,78398752.0,51543132.0,71573272.0,58734372.0,49272228.0,75752664.0,30254072.0,61886064.0,43174356.0,40945768.0,53299340.0,51387724.0,41046508.0,52398136.0,47000220.0,46221940.0,44585640.0,42197864.0,57844328.0,45800116.0,53793156.0,41599392.0,40719744.0,43841528.0,49146624.0,48525228.0,32674118.0,50158264.0,34207556.0,48061168.0,83051832.0,55154208.0,49595088.0,28478220.0,55555272.0,52348728.0,54544296.0,65317868.0,65461880.0
Q14766,LTBP1,LTBP1_HUMAN,,8960.96484375,,,2114.66088867188,,,,,,,3135.67456054688,,,,3387.47485351563,,,7659.85498046875,32298.57421875,10115.1806640625,,,4389.91943359375,31163.58203125,,5107.21435546875,,5650.5810546875,,26408.5859375,,,2633.1337890625,,24560.04296875,,5725.990234375,6286.6396484375,11629.328125,3732.97216796875,6035.61181640625
Q147U7,SMCO1,SMCO1_HUMAN,,50096.3515625,541891.8125,32269.533203125,58826.734375,1195894.5,,291830.15625,,1614764.0,,,201320.8125,163646.046875,51803.56640625,524379.1875,339417.5625,275201.625,97191.2734375,166057.0625,489894.75,296257.875,695266.0,68678.09375,438635.6875,33666.5,359376.21875,434313.03125,48671.2578125,136499.59375,125957.15625,556840.75,164768.203125,,45128.9140625,,205058.1875,,76083.84375,,56138.86328125,40125.3671875
Q14956,GPNMB,GPNMB_HUMAN,45628.02734375,45826.3828125,27947.1484375,38277.8828125,83752.3828125,36147.140625,35847.125,63064.9921875,60227.46875,39330.27734375,36926.5546875,54972.296875,27521.455078125,45095.59375,33440.4921875,29264.2109375,42798.35546875,28617.337890625,34031.6484375,34786.2578125,27937.525390625,30326.15625,29939.841796875,38854.3125,53264.546875,38891.0234375,30908.15234375,26833.216796875,30028.87109375,28126.79296875,35890.86328125,44199.68359375,39717.265625,39249.1796875,40219.703125,27784.0234375,42145.53125,37658.7890625,32774.015625,50616.875,32223.3671875,38234.1171875
Q14CN4,KRT72,K2C72_HUMAN,,,51184.55859375,,,20464.736328125,,,,57439.83984375,,,60312.86328125,33484.7734375,27769.201171875,,14529.640625,20205.0234375,,,12465.0439453125,,34164.390625,,,20468.943359375,24685.0078125,42354.1484375,,,,22654.232421875,6278.00341796875,9682.447265625,,,36547.8515625,,,,,
Q15063,POSTN,POSTN_HUMAN,17802.873046875,101940.5234375,36282.84375,43175.7109375,69301.0625,53979.40234375,43883.99609375,29999.87109375,34408.5625,23288.431640625,26212.9609375,69803.140625,58017.71484375,31189.87890625,28925.125,37353.296875,37983.7578125,40147.5390625,166719.515625,15569.408203125,15574.4375,34256.95703125,30020.865234375,38358.2578125,35017.0,17033.658203125,25786.8359375,26972.16015625,36414.00390625,44171.76171875,30298.814453125,37091.56640625,71840.4765625,45176.15625,28265.642578125,33402.6796875,28812.193359375,33711.328125,27375.38671875,59703.61328125,66787.671875,25404.64453125
Q15113,PCOLCE,PCOC1_HUMAN,562181.375,373440.0625,655442.5,220817.359375,269526.0625,147987.0,405435.84375,340919.75,463504.78125,255501.765625,485606.09375,306706.15625,467263.6875,593632.8125,364739.625,540992.1875,364413.6875,430195.375,583947.75,492695.75,250003.46875,384689.25,267864.96875,482858.34375,253639.9375,573261.5625,320558.9375,279417.625,592703.625,336951.0,277930.09375,555075.0625,601406.0625,282329.28125,851251.4375,609465.25,358753.40625,822975.75,412168.625,569857.5625,344256.5625,490310.1875
Q15166,PON3,PON3_HUMAN,148400.046875,79818.7421875,48388.6875,28777.84765625,111017.1640625,37357.3203125,161229.984375,80496.5703125,128029.390625,66275.2890625,50421.24609375,124516.921875,86165.7265625,76650.78125,68680.21875,62618.79296875,75394.6640625,17312.05859375,97165.203125,101376.71875,38345.26171875,81566.96875,65676.9296875,73777.8203125,80922.765625,71107.1640625,66084.9140625,91108.03125,64828.359375,84087.765625,86004.1953125,19189.302734375,78277.765625,116271.21875,55985.21484375,102226.1640625,33741.1328125,95284.9609375,81505.359375,81698.25,30521.263671875,70224.8046875
Q15262,PTPRK,PTPRK_HUMAN,,,,12860.2470703125,,,,,,,,,,,11200.734375,7591.79443359375,,7349.60205078125,,,,,,9207.2861328125,,,12788.0,,,,,,,17786.443359375,16782.8046875,,,,14668.123046875,,10160.419921875,
Q15323,KRT31,K1H1_HUMAN,555581.3125,255444.765625,216540.6875,518549.53125,187743.15625,225391.90625,676117.25,231550.046875,291449.90625,246216.96875,268641.4375,258532.984375,424128.75,342836.875,226763.359375,242310.734375,218757.796875,216799.25,461036.0,365596.0625,167172.828125,171331.0,215162.109375,397814.3125,230827.28125,201256.671875,236971.875,258984.5,349778.59375,398824.21875,226490.578125,283466.75,299755.40625,233673.015625,501027.3125,893742.375,340046.375,282392.6875,225373.390625,256744.71875,266083.28125,208445.78125
Q15404,RSU1,RSU1_HUMAN,,301313.1875,,49511.0234375,,,,,,,54373.58984375,46218.4453125,,,21381.326171875,,71000.0859375,,,14257.5771484375,40748.33984375,,11848.732421875,,14270.9736328125,86867.3671875,73388.8203125,18958.5625,13718.2314453125,13283.0498046875,,10191.4326171875,,109370.65625,23238.9453125,,,55174.36328125,39934.66796875,,18086.078125,
Q15517,CDSN,CDSN_HUMAN,83549.265625,92861.8515625,722369.5625,68048.828125,140458.609375,1082635.375,,357021.34375,126935.2578125,1598471.125,59046.13671875,224249.5625,297039.40625,286668.28125,120412.859375,565475.625,520436.71875,468931.8125,199305.65625,248293.828125,485869.15625,593148.9375,1070898.5,204256.84375,810985.0625,143962.125,611077.0625,713081.3125,84330.8203125,163912.8125,237436.53125,787935.1875,254511.015625,87444.2890625,111070.078125,70021.1328125,444343.375,120390.34375,96517.8359375,52948.5546875,70167.6640625,329554.59375
Q15582,TGFBI,BGH3_HUMAN,280978.96875,300273.75,222453.09375,479113.96875,270492.78125,392083.96875,279698.15625,282434.90625,447048.5,132772.796875,230079.40625,164079.359375,217253.640625,271737.1875,124099.2421875,201343.265625,170447.703125,194090.859375,435623.9375,256144.671875,190218.984375,141674.53125,111365.609375,118268.078125,226965.46875,328744.3125,141448.765625,129013.6796875,232783.140625,317967.34375,293495.375,124681.6171875,327597.375,263572.5625,196300.125,228995.90625,285844.15625,190069.625,230213.734375,244677.90625,193334.390625,200554.953125
Q15828,CST6,CYTM_HUMAN,95835.6953125,100237.1640625,117817.65625,40916.88671875,159155.484375,152617.15625,95432.6796875,142735.03125,66068.2890625,153051.25,138112.078125,90541.828125,116141.1484375,103396.3515625,33206.2421875,61842.71484375,133034.671875,79673.7578125,165987.4375,144799.75,57872.64453125,85422.6484375,32701.833984375,96309.234375,143291.78125,75641.796875,74553.3828125,109404.921875,121252.640625,74479.78125,94663.0390625,144106.28125,80188.1171875,59042.1875,82107.65625,74682.40625,128945.0,54768.4609375,30258.466796875,83361.0703125,22998.189453125,70454.3125
Q15848,ADIPOQ,ADIPO_HUMAN,679265.75,932258.3125,348397.59375,581403.5,1390831.0,576424.625,469862.78125,1621112.75,596005.1875,345998.9375,277214.0,509687.84375,2321170.0,521770.15625,344852.09375,283506.71875,330023.15625,761963.6875,745431.4375,802642.0,217161.140625,1011439.0625,272214.21875,457527.625,835507.0,269177.375,245777.828125,736563.6875,272188.96875,1162333.0,1071821.75,444791.125,1261363.75,253299.015625,415914.5,478037.28125,522047.75,1096159.375,573022.875,905883.25,1126535.75,1255230.0
Q16270,IGFBP7,IBP7_HUMAN,50184.8046875,32766.41796875,32910.56640625,20223.095703125,39554.46875,24244.240234375,41586.52734375,42356.703125,38682.24609375,29174.888671875,52333.6171875,28739.314453125,47454.02734375,44106.46484375,39139.7734375,40311.41796875,31936.220703125,38813.203125,47466.7890625,43622.671875,14465.955078125,38178.9296875,27620.8984375,44732.6328125,39510.51953125,56603.828125,39992.40234375,37604.9921875,68849.734375,26268.25,42876.73828125,47551.4375,46260.109375,37831.09765625,42797.7265625,55118.1015625,35562.63671875,51768.671875,36908.1015625,68952.609375,31915.388671875,51652.7109375
Q16610,ECM1,ECM1_HUMAN,3545604.5,3827549.25,2647932.5,2806518.25,3021109.5,2523113.5,3037393.0,2735077.75,7504083.5,2128426.75,3055771.75,2228279.5,2157127.0,1971758.25,1429416.875,1504755.25,2210461.0,1169435.5,1986789.75,2277308.0,1920557.75,1504663.75,1020322.25,2896536.5,2197075.5,1595779.625,1666542.0,1893196.0,1593975.375,1431720.25,3133129.5,1218413.625,1540339.5,1252777.375,2320204.75,1593365.75,1807411.125,2168286.0,1244925.5,2317966.0,2022450.375,1874716.5
Q16627,CCL14,CCL14_HUMAN,15938.84375,16827.46484375,21558.99609375,10222.390625,13153.1875,10699.474609375,18084.662109375,17776.962890625,22720.6953125,11682.048828125,14390.634765625,35522.05859375,18303.751953125,31727.1640625,11736.8623046875,10082.884765625,9369.369140625,10666.861328125,14311.9130859375,27594.3828125,12326.5634765625,20093.646484375,7908.8076171875,14941.1376953125,17293.029296875,53298.96484375,9675.05078125,16981.619140625,41142.55859375,,7596.779296875,14954.9775390625,15006.359375,35711.10546875,9668.9423828125,10200.365234375,12895.9326171875,35859.28515625,15386.1064453125,50063.3046875,8336.9453125,34089.953125
Q16706,MAN2A1,MA2A1_HUMAN,47303.4296875,44801.015625,24513.35546875,50062.3046875,67288.2890625,37248.3359375,36099.81640625,19067.720703125,26912.134765625,24624.546875,23032.361328125,23557.826171875,23777.322265625,19401.09765625,15415.6767578125,13100.6123046875,9257.8203125,13835.658203125,32084.35546875,30992.7734375,11580.515625,5937.93310546875,16497.7734375,14744.357421875,12685.5263671875,19566.359375,7849.80908203125,12672.32421875,25395.884765625,39178.859375,24716.880859375,10666.80078125,23534.603515625,30878.802734375,41553.67578125,53839.01171875,15590.853515625,39433.94140625,12800.46484375,56764.01953125,21335.1875,36705.19140625
Q16853,AOC3,AOC3_HUMAN,190626.59375,227529.890625,201083.1875,227803.0625,185661.84375,93295.765625,221725.234375,181890.265625,222979.296875,68350.234375,83604.421875,188011.671875,221922.875,186200.203125,147222.25,127517.9140625,173373.84375,132452.21875,204047.15625,195317.5625,111353.0234375,156271.46875,119028.546875,235790.046875,149332.125,113376.2265625,127802.34375,154577.171875,161527.421875,215617.171875,199507.28125,294187.65625,229521.140625,172640.84375,272971.5,230606.15625,137488.203125,197026.21875,131270.859375,178814.5,158270.734375,131731.0625
Q3ZCW2,LGALSL,LEGL_HUMAN,12744.6767578125,67571.796875,23994.296875,11998.6630859375,4125.69384765625,31202.943359375,7804.39453125,18545.10546875,,39241.91015625,15916.0439453125,13519.9619140625,,8936.3564453125,7443.939453125,14437.1845703125,22336.505859375,9914.568359375,8734.513671875,7679.6259765625,14294.041015625,11378.2080078125,16336.919921875,5461.0869140625,32168.30859375,18000.48046875,25234.125,18878.142578125,,2987.87548828125,7998.6640625,26216.787109375,8354.0166015625,26238.0625,8973.8818359375,5327.9384765625,15197.9150390625,18439.21875,13372.498046875,9172.48828125,6762.02978515625,21942.22265625
Q4LDE5,SVEP1,SVEP1_HUMAN,,,,,,4095.89868164063,,8391.658203125,,,,2643.95727539063,7098.916015625,,,,,,,6476.5712890625,2638.4501953125,,,,2595.13598632813,3320.19702148438,,,,,,5771.228515625,23836.955078125,,14396.2841796875,6305.14111328125,,4990.89990234375,,15686.6748046875,,19056.181640625
Q53RT3,ASPRV1,APRV1_HUMAN,,,185879.375,,,127108.453125,,65785.5859375,,276828.5,,104283.0859375,85593.1796875,,,146931.53125,192305.703125,140169.25,,38587.375,58161.34765625,118764.1640625,80257.6953125,75674.984375,241084.953125,,75323.1015625,78428.2421875,,,,262026.78125,134539.0625,,,,,,,,,260783.3125
Q562R1,ACTBL2,ACTBL_HUMAN,1323397.75,7867117.5,579783.1875,1197598.875,,795578.125,864359.125,1196763.125,628137.25,772312.5625,1353566.125,2920349.0,514606.71875,614685.8125,548480.0,,2049120.75,613222.6875,687598.625,706270.8125,1117812.375,285237.3125,539897.9375,,1983230.5,1831734.375,1617450.25,542499.125,,286507.0625,553203.625,667135.1875,368908.09375,3500736.25,631140.75,706262.1875,830487.0625,1870771.375,879900.375,857157.625,732095.4375,1633660.25
Q5D862,FLG2,FILA2_HUMAN,45045.56640625,83438.7734375,808116.625,33364.234375,153223.671875,1675641.5,53183.58203125,346665.125,115975.53125,1985138.0,41011.3046875,258113.953125,243306.671875,179589.90625,75292.5625,477671.84375,404821.09375,352411.0625,182805.84375,165093.640625,485814.375,405938.1875,689905.125,167740.171875,700379.0625,130501.640625,343851.0,448744.46875,72645.3515625,161025.28125,155564.921875,648753.5625,289765.96875,69250.140625,54206.27734375,36073.1484375,602573.8125,71059.7890625,61204.828125,42235.75390625,77447.2265625,130045.5234375
Q5HYC2,KIAA2026,K2026_HUMAN,,,7392.740234375,,,24533.44140625,,,,26901.904296875,,,,,,,,,,,,,,,,,,,,,,,,,,,,,,,,
Q5T5C0,STXBP5,STXB5_HUMAN,16142502.0,29609972.0,13650460.0,8862135.0,11909297.0,9909293.0,13967023.0,7656548.0,7962287.5,7383904.0,18328266.0,29693158.0,41286996.0,64166368.0,33073710.0,24646802.0,25969126.0,46140640.0,25860604.0,26868892.0,26669662.0,29269670.0,19964292.0,18649174.0,14935254.0,16569833.0,29370086.0,11389957.0,19946500.0,46288256.0,36177852.0,10434850.0,9227347.0,41941916.0,22634674.0,27490030.0,32464350.0,21037218.0,24880796.0,36071832.0,56669104.0,16903936.0
Q5T749,KPRP,KPRP_HUMAN,77483.3125,122697.390625,1473060.75,99661.8046875,180771.84375,3185943.5,66779.078125,727782.8125,157845.3125,3996418.5,36303.984375,343310.8125,491215.875,436690.6875,134993.078125,1037155.9375,760507.4375,663256.25,337762.3125,393930.96875,1166940.5,852277.1875,1601104.875,337328.28125,1366672.5,225462.5,893499.8125,997337.375,149705.9375,355907.9375,342016.03125,1314092.625,471295.8125,70855.8984375,124183.65625,48278.671875,924838.0,128854.3203125,124260.828125,61621.46875,133584.828125,251457.515625
Q5T750,XP32,XP32_HUMAN,48196.7734375,39940.81640625,353822.5625,11136.0068359375,62864.41015625,874942.875,25371.251953125,152712.5625,49172.36328125,841734.8125,42077.78125,74565.1484375,68992.140625,84434.390625,24070.5859375,120823.1953125,118022.5703125,100233.640625,80212.5,87683.0078125,182085.15625,132505.6875,262042.84375,66295.203125,263966.3125,67662.390625,130658.3046875,158110.4375,43177.4453125,70214.859375,59569.33984375,188295.625,98459.6171875,25893.55859375,21870.79296875,,191793.015625,27701.685546875,19668.548828125,37218.7890625,24722.1953125,26154.521484375
Q5T9A4,ATAD3B,ATD3B_HUMAN,3468935.5,3066429.25,2638406.75,2655780.0,5723260.5,2149772.25,3338256.75,1519053.625,3462729.5,1411236.875,2747507.75,2174264.25,5452617.5,2007989.375,4100293.0,3648671.0,1693453.125,3847425.25,4124292.5,6809025.0,3319409.5,1564931.75,1370457.875,3359775.75,3247291.25,5097428.0,3693057.5,4393201.5,6056130.5,2644632.25,2824491.5,2477544.0,1636423.75,2866726.25,2095841.0,1423197.0,1529568.25,2217515.75,1870125.625,1424785.5,625354.8125,522668.5
Q5VY43,PEAR1,PEAR1_HUMAN,16617.666015625,14024.88671875,9672.283203125,6422.0,15936.2001953125,11061.5400390625,15147.736328125,14691.0068359375,16463.736328125,9206.7109375,13311.986328125,13287.826171875,11211.8984375,10210.5517578125,10966.2529296875,9236.8017578125,7149.94287109375,8907.9501953125,19018.2890625,14432.166015625,5277.32763671875,11715.8974609375,,12928.0654296875,12140.728515625,17581.71484375,10572.580078125,10582.4716796875,14642.5166015625,11981.7666015625,12899.8349609375,8442.27734375,11939.90625,14711.4130859375,11506.955078125,11323.7548828125,8544.990234375,13072.146484375,16304.046875,19271.1328125,14893.2763671875,13758.470703125
Q6E0U4,DMKN,DMKN_HUMAN,,19898.671875,24688.34375,18893.9765625,25093.046875,,,8978.2275390625,10585.62109375,47401.9765625,15424.0810546875,29571.970703125,25488.892578125,,17150.74609375,34673.890625,35881.2890625,22631.396484375,,15022.3349609375,11855.40625,29371.1015625,27589.23828125,22795.107421875,42346.36328125,1.0,15417.994140625,24217.12109375,25631.662109375,,16246.650390625,49668.84375,,,15101.439453125,4206.0517578125,12606.4345703125,17957.96484375,10275.33203125,,13562.3828125,
Q6EMK4,VASN,VASN_HUMAN,994164.875,776046.3125,615974.375,441773.46875,646934.5,425372.96875,794338.4375,642164.4375,868127.4375,467102.375,604387.75,747756.8125,610973.8125,880320.9375,404176.96875,445734.5625,597590.875,705639.6875,1031753.125,892747.0,485737.40625,490875.03125,372609.375,634637.625,549763.5,733941.0,381224.3125,517184.46875,855679.375,607674.9375,593965.5,718287.0625,624439.875,488664.75,730648.875,1141853.5,566023.375,602276.125,508201.9375,681396.6875,485661.3125,693143.875
Q6GTS8,PM20D1,P20D1_HUMAN,,21882.962890625,49315.06640625,,,,,49832.7109375,,,,,12799.4130859375,,,,17069.583984375,,14425.6708984375,,,,,,17288.458984375,,,,,,,47925.61328125,,,,,,,,30034.228515625,,
Q6KB66,KRT80,K2C80_HUMAN,,12322.15625,147891.03125,,14799.1943359375,290456.21875,,58154.77734375,8749.080078125,370990.0625,148098.515625,55176.4140625,39754.7578125,45701.98046875,140788.515625,88659.6171875,89430.7890625,67567.015625,57309.984375,51376.26171875,114240.65625,151248.25,169752.03125,19599.203125,153148.90625,23603.84765625,80252.90625,100313.4296875,88577.2578125,38953.5703125,15984.369140625,117289.7578125,49089.515625,11780.28515625,285396.65625,,86933.7734375,6251.73193359375,86969.578125,,6911.37109375,49094.1796875
Q6NUJ1,PSAPL1,SAPL1_HUMAN,,,90411.59375,,22125.09375,182449.734375,10520.1806640625,36339.84765625,,160529.65625,,31983.8046875,,23257.36328125,,34685.9609375,51918.3515625,43536.58984375,12022.0986328125,8350.4208984375,39621.53515625,48619.19921875,51669.5390625,23899.703125,98896.65625,11676.77734375,34747.15625,35993.3671875,,27800.72265625,,47033.13671875,36498.17578125,10297.73828125,,6729.46435546875,59656.27734375,,,,7751.90576171875,9436.75390625
Q6P0Q8,MAST2,MAST2_HUMAN,,,,,,,,,,,69900.5546875,,,,,,,,36645.3046875,34897.1640625,24552.755859375,,35751.46875,,,,31610.4140625,18821.72265625,14601.443359375,,,,,,,,,9411.9462890625,,,30165.998046875,
Q6P179,ERAP2,ERAP2_HUMAN,55220.3984375,28367.89453125,36477.94140625,30141.92578125,57407.91015625,,,,,,50355.171875,,,,,14136.1767578125,,,,48656.47265625,,21624.6796875,,,,,,,,,,8007.69580078125,,24415.58203125,99134.78125,51186.671875,20635.12890625,50547.3828125,,33006.80859375,,
Q6UWP8,SBSN,SBSN_HUMAN,25677.435546875,27758.673828125,77776.140625,20985.068359375,60615.3046875,113268.7109375,45584.4140625,66841.4296875,55406.3515625,202302.765625,24468.57421875,61000.42578125,82792.15625,54297.5390625,42724.58984375,80496.984375,99229.3828125,76033.1171875,49402.515625,56284.921875,59716.61328125,59094.328125,81857.1796875,58472.1640625,376301.625,46790.73046875,60573.9375,98013.84375,43591.1328125,51094.82421875,53522.04296875,155513.625,55834.08984375,26160.1640625,26896.76953125,32243.068359375,92935.015625,28471.77734375,31956.125,42984.36328125,36813.85546875,88800.140625
Q6UX71,PLXDC2,PXDC2_HUMAN,66650.6875,55144.82421875,36195.203125,21632.884765625,66223.3125,58621.48046875,132730.6875,93920.859375,107365.3046875,55586.6796875,19431.765625,51064.71875,145244.578125,105793.4765625,46906.86328125,103087.015625,108362.0234375,68326.828125,245711.265625,71176.2890625,40462.08984375,133613.484375,45239.11328125,49776.11328125,59882.98828125,35087.53515625,118211.6171875,87504.28125,126444.8671875,98467.671875,106682.1484375,33742.703125,67951.34375,68875.7421875,36206.47265625,57005.109375,86388.9453125,56423.55078125,65924.34375,189383.765625,70803.9140625,25324.716796875
Q6UXB8,PI16,PI16_HUMAN,53819.69921875,82189.765625,65536.140625,198295.015625,115326.6171875,174301.203125,133084.71875,98851.4609375,86785.9609375,83366.4375,60220.9453125,86907.578125,194905.359375,72553.890625,50650.93359375,66221.921875,71345.5,90781.2890625,111183.15625,117451.84375,63739.08984375,147345.390625,48610.39453125,98641.09375,77393.0625,111952.859375,47117.08203125,98536.171875,118600.125,114261.8984375,114889.59375,128359.828125,112665.3203125,50905.765625,57095.25,163311.3125,91783.3203125,137879.1875,61408.66015625,151880.484375,73373.3125,135079.765625
Q6UY14,ADAMTSL4,ATL4_HUMAN,190901.328125,115908.0546875,73590.3046875,104710.90625,134976.875,73880.53125,74020.5546875,112728.1328125,101000.59375,70728.7578125,26757.59765625,67398.203125,66771.53125,51632.48046875,62130.7265625,70762.9375,50142.66015625,62924.578125,66612.6328125,60421.38671875,64690.7109375,56299.0625,60315.5625,76598.546875,71287.390625,80092.9140625,68945.8359375,80515.453125,70027.875,104008.9375,96118.703125,70222.96875,60588.16015625,62750.53515625,73374.140625,71489.4140625,40141.27734375,36356.23046875,82091.78125,104448.484375,77042.0,77754.4609375
Q6YHK3,CD109,CD109_HUMAN,26858.625,35415.67578125,30260.615234375,49073.94921875,34804.484375,27317.419921875,19804.34765625,34000.55859375,25229.302734375,17740.142578125,17156.982421875,14125.1259765625,22787.2265625,14902.1474609375,20443.62109375,15277.4619140625,15171.904296875,21900.36328125,24662.96875,18801.94140625,15090.3271484375,16586.255859375,16173.09765625,20526.6796875,23229.611328125,11673.09375,15081.98046875,12139.5576171875,14370.556640625,24583.697265625,21417.484375,20887.708984375,28150.484375,18808.6484375,22418.41015625,21908.25,27148.796875,19343.34765625,18733.533203125,22498.138671875,30170.263671875,21593.30078125
Q6ZNG0,ZNF620,ZN620_HUMAN,199472.96875,191912.0625,82479.7734375,300665.875,239822.890625,202062.734375,186859.875,157198.78125,198322.34375,98823.140625,302793.90625,179705.171875,150074.375,266826.0625,121280.484375,225842.296875,201837.328125,155195.484375,144655.78125,184679.1875,107780.0703125,276778.8125,96976.296875,296300.0625,174426.40625,251487.90625,132630.4375,197519.59375,257433.859375,146458.84375,156204.734375,117950.015625,158815.015625,195496.140625,167303.46875,126257.796875,174284.890625,166331.171875,41646.43359375,192613.078125,144885.484375,163269.09375
Q6ZVX7,NCCRP1,FBX50_HUMAN,,,76990.125,5327.794921875,,193177.484375,,27569.3984375,,270865.53125,,44616.625,43026.4453125,,6918.1005859375,60961.9453125,50987.859375,109984.6875,30898.791015625,19562.83984375,81840.75,81272.953125,101543.9765625,16104.6923828125,113391.9140625,,44404.0703125,81152.2421875,,23063.98046875,36060.08203125,128624.0,30055.244140625,,,10378.498046875,48239.49609375,,,,,43765.1875
Q71U36,TUBA1A,TBA1A_HUMAN,,66903.1796875,25341.734375,,,50022.77734375,,29032.3984375,,75674.3984375,14270.900390625,,19059.7890625,,,15290.1904296875,48253.375,12947.888671875,,,38606.875,,22421.296875,13981.3515625,253333.1875,17256.064453125,21129.837890625,24317.548828125,,,,31599.109375,23946.984375,20549.451171875,,,40580.28515625,,,,9398.0048828125,235011.4375
Q76LX8,ADAMTS13,ATS13_HUMAN,195403.703125,130540.3984375,90424.75,133100.640625,151475.09375,82196.9296875,168770.59375,163264.15625,161948.265625,78378.421875,158750.09375,96331.3671875,119536.984375,114911.078125,91421.234375,77541.421875,126425.140625,116301.8828125,141926.9375,130797.2890625,73051.671875,114761.65625,62612.765625,132433.265625,98940.609375,140571.21875,82620.5,106874.0,80943.0546875,132830.296875,128568.84375,91478.875,98622.6171875,123459.0078125,135607.0625,77153.265625,60801.72265625,103054.3203125,111362.28125,138470.125,145487.8125,102312.2265625
Q7Z3B1,NEGR1,NEGR1_HUMAN,34228.1796875,,46986.96875,,37363.45703125,17392.33984375,34494.1328125,40196.91015625,34197.22265625,17110.3203125,22622.486328125,18100.013671875,40532.25390625,28881.6484375,17183.927734375,,26931.478515625,25659.26171875,37651.59375,,15847.0751953125,26466.40234375,13810.4287109375,27722.1171875,19975.630859375,,,,32444.92578125,27440.33203125,,25426.0859375,38304.5,,20880.546875,25312.076171875,18821.1484375,29600.013671875,,30399.970703125,21208.75390625,24759.72265625
Q7Z6J4,FGD2,FGD2_HUMAN,349842.3125,266666.34375,281710.78125,741739.6875,392173.8125,553227.5,222777.4375,264355.5,305172.4375,215154.953125,242022.546875,184143.9375,180358.46875,326203.71875,272818.0625,211035.265625,264907.15625,247650.890625,202550.796875,210037.0625,257305.953125,198557.828125,172368.734375,235566.625,155943.765625,214668.5,181421.28125,205597.40625,222560.078125,312399.28125,288892.25,166989.15625,222119.296875,253583.328125,361356.1875,361842.03125,217022.640625,213990.96875,181856.453125,253748.03125,319445.21875,309559.09375
Q7Z794,KRT77,K2C1B_HUMAN,31277.009765625,48723.609375,303233.71875,9587.4228515625,56221.03515625,791784.5,16896.52734375,88603.3984375,52317.3125,465366.21875,2762.81176757813,225931.28125,52114.67578125,59784.7578125,31174.84375,85548.78125,128630.5,84511.984375,143098.921875,70815.03125,149252.265625,124660.40625,128902.8203125,59102.390625,462624.96875,36992.22265625,93848.8828125,85981.3828125,29679.9140625,64310.5625,87633.9765625,138707.046875,135581.203125,53519.859375,,35172.65234375,213427.9375,37027.78515625,30713.81640625,28227.3046875,39604.04296875,53733.5390625
Q7Z7G0,ABI3BP,TARSH_HUMAN,97109.7890625,77985.90625,65504.15234375,67595.3515625,128680.8671875,72229.890625,136396.546875,68272.71875,76823.03125,74377.734375,49543.671875,149187.65625,112600.46875,91650.7578125,68747.828125,54990.74609375,64703.2578125,59892.98828125,90583.90625,104894.015625,66314.90625,48393.26953125,54897.2265625,72528.2890625,88597.734375,101015.6796875,56604.6171875,56147.0703125,81723.796875,86320.5625,92498.4609375,73119.890625,83124.2578125,74705.65625,82092.3125,109505.6015625,83061.75,60901.36328125,57313.12890625,68300.9296875,61266.59765625,32521.20703125
Q7Z7M0,MEGF8,MEGF8_HUMAN,60351.55859375,34272.48828125,41576.03125,34210.9921875,34147.484375,32368.890625,30360.0390625,40567.7734375,36545.921875,26115.00390625,45221.1171875,25055.12890625,44705.31640625,33808.85546875,41913.7109375,33895.1328125,33417.6953125,31087.365234375,57988.08203125,37895.92578125,26974.33203125,28537.916015625,35571.2734375,32338.21875,31506.609375,30666.01953125,38100.66015625,23930.107421875,46962.3203125,26657.912109375,38423.95703125,24838.49609375,38034.5546875,50646.578125,60197.1953125,41291.8359375,14619.8173828125,40294.25,22866.150390625,36499.1875,27914.642578125,14669.6640625
Q7Z7M8,B3GNT8,B3GN8_HUMAN,71411.28125,18410.642578125,34289.3359375,,46768.046875,,27638.587890625,34957.82421875,,,31073.265625,29868.71875,43305.23828125,,30424.69140625,17796.640625,33490.34765625,7372.3115234375,,8460.5390625,,21610.841796875,5852.1396484375,,37639.50390625,29348.783203125,10599.357421875,36465.265625,5878.98681640625,33429.50390625,20092.91796875,30095.546875,25523.533203125,27827.208984375,53543.1015625,,1.0,22292.9765625,33154.47265625,31378.44921875,42808.17578125,29427.3984375
Q86SQ4,ADGRG6,AGRG6_HUMAN,26008.13671875,24428.25390625,30718.40234375,20144.6640625,,21096.8828125,35688.03125,15823.853515625,20663.4296875,16867.115234375,28952.06640625,19511.119140625,22596.984375,22901.375,10089.5322265625,42036.1953125,22479.345703125,36278.3828125,24694.873046875,14779.6474609375,14694.765625,41210.46484375,18926.953125,,22297.630859375,37513.30859375,,,8469.16796875,10264.318359375,20218.8125,32132.12890625,15548.60546875,18377.986328125,32015.74609375,13516.1259765625,13694.720703125,25526.822265625,22390.27734375,25420.77734375,14345.474609375,19566.728515625
Q86TY3,C14orf37,CN037_HUMAN,,,1955.20568847656,2235.49072265625,7172.81689453125,,,,,,,,,,,,,,,,,,,,,,,3940.81811523438,,,,2596.55859375,,,,,,,,,,
Q86U17,SERPINA11,SPA11_HUMAN,56775.703125,38920.83203125,52568.10546875,49331.1796875,103066.59375,67783.9296875,35276.96484375,52410.9921875,106971.6875,38969.6171875,18289.892578125,35382.4921875,45423.23828125,27271.64453125,85007.2265625,79545.4375,46663.609375,23281.38671875,48943.31640625,42143.13671875,26298.34375,43148.9609375,69358.1015625,23439.009765625,15223.7822265625,18706.69140625,72557.765625,40511.73046875,64701.6796875,41732.6953125,36348.71484375,19870.58203125,53031.625,46461.49609375,21106.234375,23601.634765625,29625.205078125,20082.111328125,52808.01171875,67883.9609375,103001.5078125,82269.875
Q86UD1,OAF,OAF_HUMAN,177406.578125,194904.625,161171.4375,245595.328125,201609.125,142334.640625,115476.2578125,146671.390625,142866.8125,79837.4765625,147006.859375,97013.96875,126525.9453125,123209.0078125,132595.015625,116518.3515625,91969.7265625,171647.71875,145512.671875,98033.6484375,69770.9375,71840.53125,122884.5,121558.7421875,82219.15625,114803.625,118476.2734375,81519.5625,173383.40625,89070.78125,112329.0703125,120062.578125,123369.65625,173924.09375,185823.25,86185.640625,94605.734375,132851.140625,150330.078125,102654.5625,173562.84375,109945.4765625
Q86UN3,RTN4RL2,R4RL2_HUMAN,96227.6015625,44079.6171875,43686.75390625,33918.7578125,68403.375,25678.3359375,85212.2265625,56568.15625,77460.9609375,27125.37890625,91552.1796875,44215.875,52910.77734375,56156.6640625,31660.884765625,36673.328125,38760.20703125,45828.48828125,76750.6328125,66525.7578125,41813.27734375,38187.98046875,23350.91796875,46048.24609375,37700.79296875,56314.03125,29242.361328125,23045.9375,55876.41796875,57333.65234375,59594.109375,32564.505859375,44099.65625,50750.56640625,66289.5390625,71967.703125,40915.671875,32725.08203125,31316.623046875,59604.74609375,49590.4140625,35124.76171875
Q86UX7,FERMT3,URP2_HUMAN,46740.515625,198146.46875,,35407.6484375,,13179.123046875,34333.18359375,42489.10546875,,,39267.3828125,45798.03125,,25704.2109375,,,48729.7265625,11153.8330078125,19392.310546875,,50910.859375,,,10201.9189453125,12188.1845703125,149384.21875,68680.796875,25927.421875,21158.3828125,18771.119140625,35585.18359375,22169.896484375,,74191.9375,7713.25048828125,23518.16015625,28748.75,63864.87890625,42523.7578125,31458.580078125,19754.71484375,15593.984375
Q86VB7,CD163,C163A_HUMAN,144965.890625,67240.703125,150086.84375,71241.9765625,82889.8671875,89751.375,82755.8203125,53481.890625,90777.265625,27302.38671875,101692.2578125,91311.953125,91010.171875,81480.5625,102129.5,73191.828125,43181.046875,53605.08984375,134750.828125,139402.703125,61375.73046875,30973.0703125,87835.0546875,53991.6484375,71564.578125,90788.109375,81443.5234375,84828.5,82898.78125,65328.66796875,50145.92578125,129780.6328125,88077.3515625,71697.171875,121211.9453125,64833.203125,62423.34375,59113.80078125,111469.515625,43095.453125,81561.578125,29604.875
Q86Y46,KRT73,K2C73_HUMAN,54942.3125,82658.5546875,248250.984375,160677.078125,70611.4296875,660004.3125,53161.0234375,429636.21875,108445.859375,1808639.875,71916.96875,202226.796875,206905.4375,123757.109375,181722.140625,423337.75,291799.5,255273.65625,192062.484375,191619.859375,491363.8125,207087.578125,677544.8125,127902.421875,504861.5,101081.5,372331.71875,433691.90625,89213.1875,38650.515625,156436.671875,599135.5,186645.15625,56707.00390625,160269.0625,65027.3125,404462.0625,70591.59375,71951.6796875,55359.296875,141373.453125,151610.28125
Q86YZ3,HRNR,HORN_HUMAN,33907.453125,42698.5234375,543531.875,32717.873046875,131821.203125,1319041.75,64327.3359375,428148.09375,83239.453125,2434593.5,38477.84375,238331.0625,554409.0,321850.0625,149793.703125,832232.25,394799.625,525165.75,275641.125,312575.0,998874.0625,565205.375,1329519.5,167199.9375,648023.6875,137747.4375,777245.875,919881.625,135804.34375,254164.5,267715.90625,1291775.5,152970.265625,62505.66796875,64888.33984375,45599.7578125,412390.40625,90672.0078125,160681.8125,56933.8671875,86638.21875,114261.65625
Q8IUB2,WFDC3,WFDC3_HUMAN,2883218.5,3621053.5,7739189.5,3298016.5,9054776.0,2083989.5,1973318.375,2455822.0,2419971.5,1244186.0,14686842.0,1559739.625,1798182.5,2658665.0,1653392.75,5824780.5,7441656.0,1810435.75,2471796.75,2455530.75,1854379.375,6749146.5,5443597.0,7144750.5,1724481.5,1997447.0,1491941.375,4800982.0,3032069.5,4390571.5,1949724.125,4182295.25,1583543.0,2398103.0,9597475.0,2181294.25,1458842.25,7555916.0,7611466.0,2047383.375,5156116.5,2023260.25
Q8IUC1,KRTAP11-1,KR111_HUMAN,,,3798.30395507813,,,5240.65966796875,,,,12279.0146484375,,,,4513.4111328125,4163.7080078125,,5263.34033203125,12326.2236328125,,,,,6509.900390625,,,,,7966.5732421875,,,,7002.65673828125,,,,,5597.05908203125,,,,2591.529296875,
Q8IW75,SERPINA12,SPA12_HUMAN,6275.1748046875,10063.484375,24144.21484375,6822.56103515625,11986.095703125,74875.1171875,4247.82958984375,13347.4267578125,7063.517578125,39286.0625,3470.533203125,19679.185546875,13251.92578125,14386.580078125,7323.501953125,19475.734375,25438.193359375,20016.33984375,12972.9736328125,12206.599609375,27290.28515625,20578.3671875,22318.95703125,15860.2763671875,32941.2109375,5103.3701171875,20805.890625,15888.3291015625,5434.9287109375,13136.451171875,11454.2353515625,19661.734375,18475.18359375,4633.21826171875,5814.13232421875,,18983.9765625,5165.5625,6268.611328125,,,16709.06640625
Q8IWL1;Q8IWL2,SFTPA2;SFTPA1,SFPA2_HUMAN;SFTA1_HUMAN,,9076.9462890625,,,12129.34375,,11000.8525390625,,,,,,,,,,,8279.2998046875,,,,5357.64453125,,,,,,,,,,1964.26721191406,14348.1298828125,,,,,,,,,
Q8IWV2,CNTN4,CNTN4_HUMAN,50374.81640625,44020.0859375,15468.1220703125,27487.396484375,32767.650390625,,41628.0703125,32370.83984375,38663.76171875,,24708.33984375,20918.302734375,35995.05078125,49301.58984375,16313.4130859375,,8224.4404296875,32429.771484375,27846.26171875,41412.6796875,26053.9140625,41965.5703125,17788.859375,34678.9765625,21919.900390625,18444.24609375,22651.9765625,22914.48046875,12735.4052734375,43009.09765625,35237.45703125,45162.5703125,67400.390625,42888.69921875,25798.359375,26505.900390625,22424.794921875,42159.765625,39377.3359375,49220.26171875,21878.21875,28707.52734375
Q8IXL6,FAM20C,FA20C_HUMAN,38193.28125,21458.63671875,37972.34375,53063.765625,38770.1171875,160521.828125,38801.140625,296756.6875,38456.9609375,27071.07421875,26600.162109375,23898.00390625,25009.794921875,146595.09375,29023.576171875,39177.46875,28664.82421875,12899.3349609375,22458.26953125,257487.359375,23302.36328125,37052.48046875,20145.419921875,23047.30078125,55856.96875,31676.869140625,24048.12890625,15721.30859375,28402.015625,19062.396484375,,14022.1044921875,160501.0625,154202.046875,42613.1953125,27426.865234375,190326.390625,48267.73046875,22188.841796875,42268.9921875,31051.779296875,27723.72265625
Q8IZF2,ADGRF5,AGRF5_HUMAN,88262.7109375,91698.3046875,63995.80078125,62428.67578125,64062.5234375,47982.53125,62514.875,69294.2109375,41292.37109375,40563.18359375,83022.359375,37876.3671875,49444.921875,39841.46875,54053.171875,27478.9296875,23424.890625,64503.22265625,78270.4921875,61997.734375,38413.8359375,42981.6171875,43312.83203125,29447.9140625,37392.55859375,42743.4921875,44406.625,30629.953125,47114.5390625,56710.32421875,51829.12890625,78369.5,44974.8828125,44493.94140625,68341.4765625,64117.4140625,35290.9609375,64010.26953125,51927.26171875,40210.99609375,63669.765625,28001.2421875
Q8N149,LILRA2,LIRA2_HUMAN,,1957.54467773438,394.767486572266,,6594.796875,,,,,,,2013.00390625,,1.0,2687.90185546875,,4202.09423828125,,4082.58569335938,,,7093.123046875,,6462.7451171875,,,1933.126953125,4377.9814453125,5268.3408203125,,,6298.25,1.0,3297.38403320313,5981.0068359375,,,1537.30554199219,8017.47998046875,,3676.50268554688,175.815612792969
Q8N1N4,KRT78,K2C78_HUMAN,3049568.0,3581343.25,21329024.0,2452938.5,6568263.0,1250247.375,2758428.25,9753402.0,4616925.0,1564049.375,1809290.875,275153.53125,11703803.0,7537644.5,4641808.5,1646208.375,19334188.0,393434.1875,14603193.0,6004855.0,12930629.0,288692.25,872751.5,6955785.0,13815051.0,3717094.25,20192346.0,15879378.0,4955529.0,3240409.5,4479739.5,19591154.0,332058.96875,2284849.5,4333568.5,856680.6875,8982955.0,2296012.0,4618735.5,929886.25,3479035.25,6979166.5
Q8N6C8,LILRA3,LIRA3_HUMAN,,26824.044921875,20773.8046875,,16114.1455078125,24007.251953125,12762.44140625,7890.921875,25405.447265625,15477.970703125,14112.271484375,38117.296875,43330.17578125,28357.220703125,25967.361328125,19865.1953125,34335.625,29121.85546875,,,18331.078125,20200.91015625,22454.181640625,16949.044921875,15196.7177734375,15138.806640625,25258.521484375,23919.068359375,17389.146484375,2216.90625,5858.8388671875,20428.513671875,16348.298828125,34033.1796875,18046.013671875,,,28457.962890625,38254.8515625,97875.78125,45419.8671875,5603.94091796875
Q8NBP7,PCSK9,PCSK9_HUMAN,27373.755859375,14613.7060546875,49033.36328125,18182.296875,39628.34765625,35769.3828125,17397.27734375,23685.611328125,53510.05078125,16412.318359375,12607.814453125,22049.84375,12923.736328125,32320.8203125,18941.48046875,16278.607421875,15450.630859375,19127.640625,62286.43359375,21602.35546875,28332.552734375,10056.9970703125,15275.02734375,10369.3876953125,14719.189453125,15265.4287109375,11925.5185546875,11295.9072265625,36327.98828125,19586.783203125,31321.248046875,19885.13671875,28797.40234375,15011.11328125,16422.017578125,11950.1806640625,18272.65234375,24917.05078125,54375.3828125,21876.798828125,12964.748046875,25331.978515625
Q8NEX9,SDR9C7,DR9C7_HUMAN,,,72950.9765625,,,93187.640625,,53327.66796875,,254956.75,,36672.3828125,27398.203125,39390.79296875,,61212.71484375,,65016.203125,,29268.630859375,86230.8125,63207.125,,35734.14453125,129839.703125,20338.658203125,48730.04296875,52206.19921875,6201.94921875,,25181.884765625,77066.0234375,38390.21875,,,,83364.8828125,8749.697265625,,,,86734.9609375
Q8TER0,SNED1,SNED1_HUMAN,35286.66796875,46842.30078125,43350.87109375,19683.201171875,44040.8984375,11930.732421875,30508.818359375,36732.87109375,,,39688.2578125,29936.41796875,39582.12890625,,39827.5,24020.509765625,25765.3671875,59974.98828125,29343.2578125,47070.87890625,42510.48828125,24679.865234375,25407.51953125,44618.3984375,36912.5078125,20077.759765625,42807.65234375,38619.1875,47773.97265625,10026.8671875,19082.587890625,35092.50390625,41542.1953125,39949.58984375,46964.92578125,36342.4921875,,31797.486328125,34563.4375,28051.251953125,42371.8515625,20776.189453125
Q8WUA8,TSKU,TSK_HUMAN,,,,,,25230.322265625,,89791.78125,,,,36399.66015625,,,,,,,,,,,105114.6328125,,43618.51171875,,32596.142578125,,,39691.90234375,,,4341.943359375,,,,,,89105.8515625,,2247.52172851563,
Q8WVV4,POF1B,POF1B_HUMAN,293695.0625,22681.021484375,75809.9375,,13067.716796875,109117.671875,,40278.03125,8990.2060546875,209041.28125,,31599.634765625,36425.26953125,7724.822265625,8131.15869140625,63381.84375,82185.3046875,41328.95703125,33243.5234375,21737.3359375,56098.2265625,54259.17578125,81030.1015625,20047.345703125,127169.1953125,,53614.93359375,61230.6796875,10152.89453125,14397.705078125,9032.0810546875,95871.03125,31371.22265625,,,,46574.55859375,6249.76611328125,9192.099609375,,7725.0390625,95753.5703125
Q8WWY7,WFDC12,WFD12_HUMAN,,,265667.65625,,,273707.4375,318878.5625,262951.53125,908384.625,406671.5,,,,,,205609.578125,,535260.125,1261.54235839844,219424.40625,112840.78125,,,,,,,459492.25,,282189.21875,,,382199.40625,1030265.0625,,,151113.40625,,,,,
Q8WWZ8,OIT3,OIT3_HUMAN,81809.6953125,87950.78125,72081.1171875,137082.28125,53862.40625,96624.2578125,75995.6875,95827.0,140254.046875,68460.3984375,76960.3515625,49136.125,51025.375,105331.21875,35719.58984375,83999.984375,39499.5703125,77132.015625,89440.5234375,89072.3203125,56193.1328125,49729.55859375,40448.359375,75023.125,91020.78125,,111578.4296875,59959.23828125,89309.2265625,69349.0859375,74641.5859375,79808.171875,75712.046875,166105.09375,100977.6875,127580.6875,54620.7421875,77224.2890625,72938.5625,105638.1875,83684.8671875,94929.265625
Q8WZ42,TTN,TITIN_HUMAN,472309.25,372906.125,399361.9375,307348.9375,828153.4375,427520.3125,435451.9375,1025090.75,410263.5625,1011336.625,1280545.0,635829.25,1095632.5,1358006.25,595811.5,567934.375,325335.4375,401891.59375,777766.0,527740.875,358612.15625,1143448.0,465904.84375,614824.4375,489541.875,1393198.0,1056215.25,685764.1875,887188.5,344337.75,501034.8125,420511.84375,299395.375,490861.53125,429615.5,407313.78125,821411.875,609142.8125,337470.625,402493.0,307505.65625,304198.5
Q8WZ75,ROBO4,ROBO4_HUMAN,73853.0,106382.921875,89049.9609375,81107.078125,70920.53125,38414.609375,72390.1015625,88140.2734375,65803.6640625,13250.2744140625,75364.0546875,42728.875,81296.109375,70652.484375,57264.01953125,39750.69921875,31218.453125,92144.0,137962.59375,105374.453125,31210.55859375,49739.4296875,55014.2265625,87146.015625,50538.6640625,29806.595703125,71452.5390625,40295.40625,89464.390625,50996.609375,51738.796875,76960.71875,84831.109375,52008.4140625,45495.85546875,104633.15625,65826.59375,41768.30859375,61954.39453125,37780.9609375,117362.4609375,49099.71484375
Q92496,CFHR4,FHR4_HUMAN,7011.36962890625,,,,,,21375.8203125,,8619.642578125,6830.9267578125,45444.7578125,10201.6181640625,67123.1015625,26832.6015625,,30801.12109375,,25121.568359375,6459.083984375,8001.22705078125,,53917.96875,,37360.8359375,17487.771484375,7529.78466796875,14949.2216796875,,33613.6796875,13503.84375,23583.44140625,,9433.482421875,27389.16796875,,17393.25,18233.74609375,27821.755859375,,24452.833984375,104297.5859375,
Q92743,HTRA1,HTRA1_HUMAN,9702.33984375,4230.373046875,11287.3125,,7317.8525390625,8940.7001953125,3305.89184570313,4919.08544921875,7973.28759765625,3132.81958007813,6246.33984375,7020.0986328125,4498.5087890625,5868.34619140625,4817.765625,2140.44897460938,4617.9482421875,2273.513671875,5609.7802734375,5601.34423828125,5297.412109375,2937.12231445313,5560.80859375,4358.57373046875,2858.7666015625,4929.5908203125,7174.02392578125,4736.7802734375,6890.3798828125,2394.51391601563,,5217.21826171875,6348.66943359375,11620.72265625,4349.025390625,4578.7646484375,4690.1318359375,7388.677734375,5407.50244140625,2424.48706054688,2971.8056640625,6963.546875
Q92820,GGH,GGH_HUMAN,228108.65625,285166.8125,175632.765625,170676.59375,269300.4375,132478.53125,102279.3515625,96635.3984375,127705.5078125,218108.3125,270604.5625,182020.796875,169973.78125,204417.96875,190183.546875,145947.0,172507.5,185383.03125,175767.6875,135561.40625,184500.890625,166398.234375,181827.609375,163478.828125,140792.75,100774.765625,181633.15625,125903.640625,253323.625,102084.5,139091.171875,127047.71875,368399.84375,222536.734375,238986.65625,163752.328125,151422.640625,287720.125,185250.453125,252252.109375,245066.640625,116221.234375
Q92823,NRCAM,NRCAM_HUMAN,,15472.87890625,15864.9482421875,,15643.873046875,,13573.30078125,13034.4755859375,,,9457.8251953125,64736.0234375,6609.08056640625,,11868.451171875,7644.18115234375,5553.5615234375,20505.3671875,21279.96484375,13863.5712890625,,25124.580078125,6214.67529296875,13106.466796875,9161.1328125,,3153.44213867188,7675.09521484375,11673.8759765625,8547.857421875,35632.96484375,8263.693359375,10486.466796875,,10206.2431640625,26319.8984375,,,9776.1796875,,14645.4736328125,
Q92859,NEO1,NEO1_HUMAN,96554.4921875,85893.734375,75265.8671875,38654.125,52772.2421875,58135.203125,79635.7890625,62740.953125,51593.87890625,40897.86328125,45424.63671875,52072.5234375,70908.140625,74886.8984375,30911.248046875,71627.078125,46596.171875,67580.453125,88231.046875,81022.15625,53759.375,46994.1328125,47484.94140625,54674.703125,59272.640625,58717.5703125,52544.26171875,53757.44921875,85455.640625,99386.796875,89352.5078125,55636.02734375,83405.8203125,54429.640625,18950.3671875,98623.4140625,68497.53125,48675.55859375,36294.59765625,64681.42578125,36024.9140625,63778.63671875
Q92954,PRG4,PRG4_HUMAN,2194505.5,378850.90625,1000284.875,281642.78125,168907.90625,596278.75,682485.875,425768.1875,241066.203125,507543.28125,1165832.5,561686.75,741985.8125,1868262.5,1209858.5,641093.6875,888351.75,979906.6875,1676816.75,695298.375,782450.0625,706295.9375,887315.0625,811606.5,884608.5625,1095101.625,849311.8125,621633.0,756713.8125,1459975.75,1387647.5,665597.9375,471022.5,1614159.375,584185.0,663526.125,490315.25,1058557.125,519015.21875,630632.8125,1103461.375,736069.75
Q96CX2,KCTD12,KCD12_HUMAN,37039.4140625,26266.455078125,23987.68359375,,12071.6162109375,19625.71484375,22656.138671875,27707.1015625,21422.087890625,38639.64453125,,22716.86328125,23741.740234375,19351.966796875,3449.4921875,19291.162109375,43245.203125,25291.943359375,54265.4765625,20156.2734375,28018.48046875,12685.841796875,,,23499.1875,,,,,30862.466796875,22311.962890625,17627.224609375,22127.58203125,31177.08984375,,26157.828125,18382.7109375,18282.044921875,,19429.349609375,,19704.83984375
Q96DA0,ZG16B,ZG16B_HUMAN,13792.78515625,18925.123046875,38504.81640625,7463.5283203125,15193.806640625,88546.109375,13372.068359375,15927.2861328125,14016.1806640625,41233.01953125,8667.45703125,38303.546875,20305.138671875,13106.021484375,15973.498046875,23669.333984375,51348.625,20465.857421875,21474.001953125,18456.0625,30991.361328125,24339.12109375,29050.84765625,26584.125,24539.7578125,6970.5947265625,22968.13671875,29912.6953125,10187.7275390625,20875.13671875,17915.35546875,63033.6171875,42738.15625,6962.42041015625,9003.53125,9783.6201171875,63618.09375,15135.42578125,11141.5771484375,4772.33935546875,17919.1328125,11591.04296875
Q96FQ6,S100A16,S10AG_HUMAN,,,38903.6640625,,,39232.859375,,,,98067.9453125,,16687.109375,15923.5,,,42991.89453125,26705.515625,39017.26171875,1.0,5246.0087890625,26197.39453125,12733.96484375,48307.046875,,54981.4296875,,30398.34375,44005.08984375,,,,32155.791015625,4083.21557617188,,,,22622.765625,,,,,29557.232421875
Q96IY4,CPB2,CBPB2_HUMAN,7473091.5,4537260.5,5254653.5,7531746.5,5115627.5,5694223.5,5418561.0,4800468.0,6245746.0,2971444.5,5182638.5,4265477.0,3927263.25,5614755.0,5015175.0,4596027.5,3557814.25,3373680.5,4685926.0,5150038.0,3706993.25,3341044.5,4217149.0,4792182.0,4113564.0,5508277.5,3930534.75,3880735.5,4081881.0,2606369.5,3800332.5,2913224.5,3834844.0,4826975.5,5886131.0,5187697.5,2625780.5,4442264.5,4775409.5,4392998.0,3875603.75,2886018.0
Q96KN2,CNDP1,CNDP1_HUMAN,1345992.625,989242.125,781735.75,1253697.75,629089.625,671500.25,836140.625,1330678.0,1102780.0,570071.1875,484678.78125,283603.8125,348080.84375,1020233.5625,518932.15625,325985.0,371535.78125,345869.375,495212.21875,428824.25,428030.46875,202686.96875,421906.125,258950.21875,505384.625,503502.5,416086.15625,269065.875,302973.71875,548132.375,615478.875,327548.8125,330614.75,867394.3125,667652.375,512568.28125,341895.15625,538186.125,119848.140625,306820.125,424076.875,337989.34375
Q96NZ9,PRAP1,PRAP1_HUMAN,43384.7109375,16371.08984375,144378.296875,18872.19140625,19469.23828125,25552.8671875,45054.73046875,13901.4755859375,76630.890625,135205.921875,99882.5703125,13693.14453125,36789.18359375,156944.140625,17537.005859375,24067.265625,23059.109375,24228.82421875,25926.412109375,47125.38671875,40340.0390625,36254.265625,14625.767578125,28993.859375,,38145.296875,16804.64453125,25051.70703125,161145.1875,25874.583984375,19957.408203125,68542.1796875,11031.5830078125,138625.953125,179990.515625,27961.4296875,26782.21875,28595.91796875,44862.5859375,13744.7333984375,27829.6171875,24533.2734375
Q96P63,SERPINB12,SPB12_HUMAN,35824.45703125,51498.78515625,510865.09375,18619.76171875,31689.833984375,738947.4375,18364.9609375,208964.46875,56921.84765625,1239760.375,8889.3193359375,154073.734375,169116.875,162108.171875,23477.775390625,365159.9375,347527.09375,276745.25,179653.90625,201803.484375,335588.4375,231085.15625,544197.25,93726.5,409534.03125,55645.91796875,302944.5625,377503.15625,56893.9140625,136150.8125,170166.4375,479920.15625,145386.390625,35144.41796875,18492.39453125,24721.005859375,257160.734375,38399.234375,53203.83203125,22423.08984375,52502.9453125,71462.359375
Q96PD5,PGLYRP2,PGRP2_HUMAN,21327644.0,20726796.0,17137940.0,10566262.0,22974918.0,5980175.0,16496523.0,15203856.0,21777204.0,11552275.0,16762566.0,12190480.0,13249920.0,16851196.0,17957368.0,12162089.0,14002851.0,17268636.0,19344524.0,20268332.0,11665756.0,12819467.0,13726509.0,18551556.0,12380589.0,19154070.0,15935053.0,17345052.0,17593502.0,14509541.0,13014633.0,11260731.0,14094434.0,14838986.0,19135658.0,13499413.0,10630870.0,15643942.0,15981801.0,15841652.0,11055130.0,10990234.0
Q96Q89,KIF20B,KI20B_HUMAN,24303650.0,19497524.0,26134892.0,17569032.0,46539576.0,17961930.0,25913142.0,21031448.0,25876734.0,18821670.0,31903682.0,39609124.0,37540824.0,31551128.0,31524968.0,25458768.0,16931198.0,33053822.0,29052036.0,31997176.0,21232030.0,32922612.0,22611606.0,31898182.0,26825640.0,41463664.0,35424800.0,37338240.0,45630020.0,17395374.0,29184944.0,25109068.0,16175651.0,26425788.0,20675144.0,19921552.0,15781175.0,27806026.0,17486696.0,18259230.0,16384099.0,13369205.0
Q96QA5,GSDMA,GSDMA_HUMAN,31150.962890625,44216.9375,221691.203125,16442.736328125,21661.6015625,361839.65625,,67591.0625,23879.140625,255189.609375,,78460.2109375,42638.625,75569.53125,14410.693359375,66099.9609375,127814.21875,53135.609375,66459.5390625,44160.8125,83026.2734375,78598.984375,116822.0546875,41911.17578125,155708.3125,14996.158203125,51922.9765625,60639.98828125,21653.369140625,59146.64453125,44310.0,105164.390625,81526.6328125,,31321.591796875,,96793.8046875,,16407.9609375,,,43131.328125
Q96QU1,PCDH15,PCD15_HUMAN,56114.8984375,79439.4140625,79212.6875,70383.1484375,108929.1171875,74116.3828125,79806.0859375,36093.3203125,79913.09375,51899.07421875,100279.2578125,64889.91796875,16448.447265625,12683.048828125,57403.265625,54304.953125,27301.181640625,77153.8046875,49457.87109375,70506.828125,39668.69140625,63860.44921875,47274.50390625,86750.21875,51553.578125,57451.4296875,59305.67578125,68643.6484375,76167.578125,47311.76953125,74647.46875,88278.4921875,31175.03125,47632.5703125,68856.796875,78601.2734375,58794.34765625,79710.546875,60644.79296875,57864.84375,75995.0390625,107021.09375
Q96RD9,FCRL5,FCRL5_HUMAN,47692.3671875,,,,,,,,,,,,,,,,,,,19679.099609375,,,13577.7900390625,,,23947.162109375,21942.30859375,,,,,23303.919921875,,22609.376953125,,,19988.46875,,,13046.8447265625,,
Q96RM1,SPRR2F,SPR2F_HUMAN,,,11385.6357421875,,,88885.9921875,,13649.271484375,,95111.328125,,14254.126953125,12132.359375,6953.8720703125,,11891.607421875,,,,,13287.5908203125,8198.275390625,,,61676.56640625,5216.03369140625,,,,,,7964.5830078125,19029.970703125,,,,22821.392578125,,,,,15135.75390625
Q96S96,PEBP4,PEBP4_HUMAN,181182.984375,58955.2421875,80592.296875,,65932.859375,56158.9609375,96961.703125,,30930.23828125,60809.3125,68953.078125,,130831.0625,,,56855.484375,71566.421875,47602.015625,131319.640625,106875.265625,,50449.2890625,,124257.859375,61943.140625,141525.5,41876.7734375,,222638.03125,30440.234375,68612.1328125,151894.875,20769.158203125,35566.60546875,66252.25,101467.515625,46499.5234375,71254.4609375,67772.5546875,68855.953125,,24333.888671875
Q96T58,SPEN,MINT_HUMAN,1512397.5,1173364.125,1420521.0,1166914.75,2818382.25,559618.875,1729431.625,1377505.125,1747532.5,571689.6875,1832487.75,2470696.75,2457358.0,2101915.25,2008339.875,1667963.625,1263555.875,1991574.875,1714845.875,2388244.25,1353402.75,1887540.5,1233162.875,1762684.5,1585039.375,2285214.75,1945274.0,1670217.375,2253132.25,2003663.375,1724760.125,1085473.25,1247185.0,1633303.375,1509689.625,1547100.375,1128169.25,1741339.875,881254.8125,1151556.75,911274.0625,777417.625
Q99497,PARK7,PARK7_HUMAN,52436.3203125,141556.03125,31784.7890625,,,,,107655.390625,,112384.28125,156689.609375,75741.984375,74283.4375,,43051.0390625,68103.7734375,102681.796875,76723.390625,,,,,46942.09765625,32263.37890625,106680.1953125,63095.75,110944.40625,50574.76171875,67983.96875,,,107170.9140625,,110765.921875,,,46868.1171875,80880.265625,104877.546875,,,100653.546875
Q99650,OSMR,OSMR_HUMAN,24586.271484375,,13180.828125,23585.44921875,39694.32421875,,22207.623046875,,,,19306.994140625,23101.44921875,38453.390625,,28013.359375,,20004.458984375,30146.994140625,,38123.4296875,13208.4931640625,34697.82421875,30459.13671875,46725.0234375,,23446.4140625,32383.0625,25415.318359375,32005.6875,,19556.7265625,14230.1904296875,,27457.7734375,24585.779296875,,,,,10238.2314453125,19816.015625,
Q99784,OLFM1,NOE1_HUMAN,47706.01171875,35218.6953125,31820.15234375,44888.18359375,61804.578125,33178.18359375,32448.5390625,29585.482421875,,19083.876953125,45113.86328125,16918.5703125,14482.37109375,61134.0859375,39604.0625,17957.923828125,35303.0078125,35269.94140625,45332.296875,38625.37890625,91380.6796875,14681.736328125,44440.5546875,30218.322265625,10844.962890625,,42681.2265625,32011.23046875,20690.451171875,77699.21875,28009.494140625,18175.5625,37641.6328125,149462.828125,44764.8515625,165226.203125,37521.78125,21079.169921875,33951.69921875,23278.828125,43215.234375,29306.6015625
Q99969,RARRES2,RARR2_HUMAN,213465.15625,200214.484375,203789.5625,160161.953125,163045.796875,286455.84375,205753.203125,153620.046875,195515.40625,175803.5625,254787.671875,192921.578125,180322.71875,268409.5,154075.703125,136017.0625,216963.34375,285412.75,317502.75,229168.59375,161977.796875,169982.125,140437.65625,235935.140625,159453.296875,189239.125,140665.8125,164235.25,298092.1875,93181.71875,131121.4375,155273.90625,247922.9375,302566.25,202460.703125,235065.46875,241885.953125,326982.09375,154633.0625,201265.9375,228957.265625,160885.734375
Q99972,MYOC,MYOC_HUMAN,78809.890625,36813.81640625,65975.96875,42553.4296875,29863.599609375,51912.80859375,46001.1328125,,58157.4375,22315.943359375,54870.1328125,9305.9716796875,122362.78125,20396.34765625,70720.8515625,75050.5703125,56201.78515625,76136.578125,19302.4140625,45049.94140625,30520.4296875,63178.97265625,50990.64453125,68668.6171875,47126.1015625,50272.91796875,69942.7734375,83592.4296875,174983.328125,27957.064453125,61812.7734375,133613.40625,22380.26953125,,36679.57421875,51387.46875,81050.7734375,58250.46484375,34939.52734375,9041.7607421875,37542.59375,23897.861328125
Q99983,OMD,OMD_HUMAN,25376.8203125,82744.4375,19086.259765625,59508.78125,66949.359375,38251.0,35221.09375,44016.421875,,19749.439453125,18556.15234375,29976.28515625,34587.1015625,31897.025390625,43634.12109375,15132.1962890625,31661.517578125,48328.32421875,,19424.2734375,19807.9609375,63394.8515625,36030.40234375,19248.259765625,18824.01171875,,29738.904296875,34544.9296875,23662.525390625,66950.171875,59170.82421875,26470.974609375,47692.44921875,31469.390625,30208.69140625,38341.640625,37678.19921875,22418.984375,52578.1875,39399.95703125,51748.328125,31244.189453125
Q9BTV5,FSD1,FSD1_HUMAN,2378898.25,1142469.875,1184429.875,1387502.75,792654.25,1685425.875,1263434.875,1283853.0,1194877.0,572637.125,3207356.75,1461126.5,1383461.875,2472845.0,1643009.5,1531296.75,1188000.75,1308133.375,984208.875,,1293211.75,1398658.125,1199438.125,1002451.0,1002635.375,1483074.0,1266975.125,763628.625,2041547.375,512510.0625,1255314.75,1143037.125,722435.375,2239272.5,2141144.75,1918709.125,1793191.5,2003117.375,1173467.375,1941820.625,805175.875,893578.3125
Q9BTY2,FUCA2,FUCO2_HUMAN,42939.73828125,31825.068359375,26249.505859375,32063.126953125,27294.439453125,,15070.650390625,,,20137.279296875,,17640.140625,17923.513671875,22915.609375,22696.7890625,14345.009765625,21484.75,24293.56640625,17658.3203125,,18637.439453125,,17219.140625,12564.986328125,17202.14453125,18442.80859375,11100.494140625,7952.0869140625,10497.890625,,,4050.06567382813,10512.91796875,,,29259.310546875,18799.763671875,17416.9375,16182.498046875,18156.529296875,19570.03515625,23516.65625
Q9BWP8,COLEC11,COL11_HUMAN,161467.375,143390.0625,119245.625,129449.109375,163101.953125,63880.1640625,146331.046875,110981.8203125,183562.78125,66257.75,102807.90625,84127.265625,149462.59375,92646.4375,106107.34375,87077.5859375,100814.390625,76970.0,82708.53125,45037.734375,53194.15625,118471.921875,76709.6640625,133612.09375,89969.515625,89988.109375,106748.703125,76863.4375,105355.9375,111464.6796875,74802.078125,91668.375,74112.984375,124549.265625,116255.453125,111908.0703125,100532.921875,135274.9375,82058.9375,133893.953125,77199.265625,66730.265625
Q9BXJ4,C1QTNF3,C1QT3_HUMAN,57058.35546875,122117.5703125,37671.58984375,111155.5,79065.1640625,,71891.28125,52144.1484375,80356.84375,51796.82421875,38009.6015625,47219.34375,88286.78125,84682.890625,68331.5703125,49228.81640625,62703.23046875,89041.09375,46687.21484375,23330.408203125,42706.18359375,76579.15625,54057.71875,94254.2421875,31025.703125,37504.36328125,47050.68359375,69415.7421875,30146.169921875,95893.828125,90426.75,34038.75390625,119234.9609375,36412.0703125,78752.3671875,69145.4609375,50914.87109375,36419.921875,51060.53515625,49645.75,96440.171875,54642.53125
Q9BXR6,CFHR5,FHR5_HUMAN,1455954.0,483907.875,686795.4375,592351.0,728628.5625,1036791.6875,934549.625,666341.125,897893.125,225450.75,1343112.75,1096583.625,1058482.375,818006.5625,355076.75,618606.6875,1022800.875,624243.625,888843.0,912100.125,598078.5,1241733.5,276922.59375,819577.375,854018.4375,615431.4375,318695.96875,944998.875,1188710.125,639907.3125,724923.8125,688072.0,1262490.125,1789683.0,939695.0625,1478139.5,450738.5,1866474.75,646392.875,1575640.25,1013538.125,726177.8125
Q9BY67,CADM1,CADM1_HUMAN,34860.7265625,24827.185546875,16989.91796875,16407.4140625,21614.36328125,17519.86328125,22750.7734375,19151.33984375,26995.533203125,15810.62890625,17957.25390625,29102.8125,16894.59375,24436.609375,15071.5556640625,19523.041015625,11483.732421875,18483.580078125,31917.1484375,24218.21484375,17688.177734375,42990.40234375,,24432.8671875,18818.740234375,24865.390625,17401.2578125,12019.796875,62518.52734375,29684.75,34783.0625,36220.78515625,27538.1640625,,,31546.9765625,12158.21484375,20568.951171875,42649.0625,25089.109375,33518.625,20730.6328125
Q9C075,KRT23,K1C23_HUMAN,,,29732.17578125,,15412.021484375,52208.0078125,,22288.931640625,,117928.8125,,18577.1484375,8772.6572265625,17504.4140625,9428.3671875,29224.908203125,20460.716796875,23889.458984375,14516.9921875,15615.8828125,24727.2734375,24951.4140625,32309.09375,14358.4853515625,40576.109375,11328.1806640625,22209.609375,21205.865234375,,18819.6328125,25076.625,31818.38671875,15333.443359375,,,,27261.90625,,16046.3994140625,,,16040.9892578125
Q9H0E2,TOLLIP,TOLIP_HUMAN,,12426.1669921875,42545.87109375,,,75814.3359375,,21928.396484375,,78071.4609375,,16297.3603515625,6943.1630859375,,,15961.3056640625,59630.328125,19447.72265625,12792.3681640625,,17758.60546875,24947.525390625,31194.107421875,,49103.97265625,,14066.38671875,24155.208984375,,,,23375.673828125,17430.185546875,,,,28703.103515625,,,,,22039.10546875
Q9H1U4,MEGF9,MEGF9_HUMAN,41377.13671875,7773.9345703125,4138.75,49804.1796875,16731.400390625,42957.21875,34373.359375,20866.10546875,27457.109375,22111.306640625,18586.486328125,33969.29296875,30701.484375,30447.029296875,9280.611328125,12550.4677734375,,10770.8271484375,75957.0859375,,19422.7578125,10039.5859375,,13085.1611328125,36010.37109375,21504.669921875,14807.15625,7461.4580078125,14328.5107421875,9859.5712890625,,8810.19140625,18853.904296875,16462.0234375,8902.2255859375,,7409.48486328125,17536.95703125,6645.36376953125,13277.4326171875,6577.34423828125,5276.4345703125
Q9H299,SH3BGRL3,SH3L3_HUMAN,58735.1171875,448903.3125,,46726.3203125,,,,84684.8046875,,,115809.1875,197860.78125,,49067.16796875,77277.6015625,,159652.03125,,35481.0546875,,26781.59765625,,42533.82421875,32219.31640625,160839.484375,230353.484375,172389.5,74018.5234375,96330.3671875,,,59668.56640625,,300216.15625,71240.0703125,,103141.296875,120478.4609375,116705.7109375,59691.8203125,44407.7890625,67007.4609375
Q9H4A9,DPEP2,DPEP2_HUMAN,34327.21484375,43813.0546875,13953.5576171875,37204.4453125,37531.0625,17909.365234375,21379.90234375,33593.7578125,27088.669921875,10053.255859375,20241.359375,16242.7529296875,15670.2470703125,17345.5078125,17496.931640625,11973.5263671875,17067.564453125,21183.337890625,27904.572265625,11481.5703125,11757.08984375,21285.361328125,13208.9365234375,20198.9453125,12476.0634765625,13190.9189453125,14590.048828125,16003.5390625,12945.76953125,15226.7998046875,11397.6396484375,15750.126953125,26006.384765625,10904.7109375,24383.142578125,17705.2421875,9311.087890625,14184.7470703125,16098.841796875,12521.212890625,19721.3828125,8713.759765625
Q9H4B7,TUBB1,TBB1_HUMAN,,23643.232421875,,,,,,,,,,,,,,,,,,,,,,,,7838.43603515625,,,,147082.671875,,,,8697.287109375,,,,5081.9775390625,,,,
Q9H4G4,GLIPR2,GAPR1_HUMAN,136389.75,80945.625,59260.91796875,35830.53515625,74895.28125,53637.7421875,89282.6875,96751.09375,121246.3046875,46273.04296875,58840.1875,89329.53125,128562.6015625,71737.2890625,76018.8125,71464.40625,45195.91015625,59141.7109375,71566.5234375,53032.140625,67431.296875,72129.171875,47571.07421875,72005.7421875,62511.5625,83161.25,76661.3515625,57143.33984375,77773.1328125,85531.3515625,86407.421875,66059.5703125,46524.8671875,65284.10546875,40666.87890625,59638.93359375,53653.88671875,64222.03515625,53006.6640625,74567.2109375,47565.671875,55638.0546875
Q9H8L6,MMRN2,MMRN2_HUMAN,61954.15234375,81082.5859375,40922.92578125,53512.2109375,40023.8203125,84544.1015625,65667.1171875,42401.12890625,61137.06640625,49520.74609375,7734.4052734375,33907.98828125,33923.71875,39690.71875,25675.529296875,37108.84765625,27325.59375,38414.07421875,15717.369140625,28530.921875,34606.0390625,27061.74609375,24154.51171875,39886.66015625,27081.353515625,52596.1171875,20637.951171875,17909.5546875,11091.8203125,33929.39453125,27617.2109375,22440.6875,41564.84765625,11798.8974609375,34076.65234375,55146.13671875,37779.859375,46324.75390625,38366.11328125,55838.69140625,49378.30859375,8339.396484375
Q9HBB8,CDHR5,CDHR5_HUMAN,43397.70703125,19457.43359375,52262.015625,76240.25,56981.0234375,29814.376953125,39044.16796875,39932.0546875,51866.75,,54467.88671875,17296.9921875,33687.9765625,,15573.11328125,27499.55078125,,25722.810546875,71051.671875,53168.6875,58768.49609375,40653.828125,22408.705078125,35052.99609375,19248.427734375,,27747.4609375,51560.66796875,44440.38671875,45969.8515625,49493.28125,20658.95703125,,35269.640625,,42691.421875,32413.4765625,45939.0703125,35008.5,,29647.84765625,53803.73046875
Q9HBR0,SLC38A10,S38AA_HUMAN,21692.486328125,17790.90234375,16274.2158203125,,26848.25,,15157.0859375,11507.865234375,18533.154296875,16982.716796875,28199.001953125,14861.2744140625,15145.59375,,9928.5068359375,,6366.150390625,21453.853515625,20698.6953125,,,11143.0205078125,2513.10766601563,14089.7646484375,18834.044921875,20626.630859375,6557.5927734375,23735.203125,25381.068359375,,33319.5234375,21177.119140625,15794.576171875,,14774.7568359375,22581.2734375,,12130.431640625,14229.91015625,24953.73828125,12698.0302734375,20478.71484375
Q9HCL0,PCDH18,PCD18_HUMAN,29458.34375,15020.4111328125,31165.322265625,40371.296875,34591.953125,14455.3994140625,20825.634765625,26342.90625,26811.9453125,13360.6875,25982.375,30467.6484375,25679.5703125,,21677.984375,22090.830078125,18671.53515625,39735.6171875,,14233.21875,,19582.755859375,17270.716796875,27582.49609375,18079.927734375,10367.8369140625,18163.5,27717.74609375,27751.34375,,,42814.7265625,28734.01171875,9959.150390625,22362.15625,,12533.677734375,25401.892578125,32323.2578125,26765.771484375,29204.94140625,21426.919921875
Q9HCU0,CD248,CD248_HUMAN,,75270.28125,35732.56640625,64491.8125,48555.1171875,34334.58984375,37005.015625,65336.23046875,74766.828125,18992.646484375,64318.453125,53479.72265625,109401.6953125,48292.17578125,31670.9140625,36358.75,38703.4375,54689.4921875,68971.734375,58484.22265625,,62954.95703125,39059.3046875,61160.359375,40815.40625,42111.59375,32054.6875,25821.904296875,84774.4375,40050.39453125,48486.73828125,34926.9296875,58756.05859375,61147.453125,40790.96875,65309.40234375,62091.62890625,27844.93359375,53528.0390625,28980.658203125,54772.078125,18341.67578125
Q9HCY8,S100A14,S10AE_HUMAN,6542.65771484375,8100.71484375,30611.623046875,6063.94482421875,14568.7138671875,101879.8359375,8690.4248046875,42427.80078125,12954.3681640625,122969.484375,6547.2890625,33083.78125,25999.701171875,24943.875,6471.64892578125,42243.94921875,18175.640625,22630.732421875,28162.23828125,26197.916015625,45168.76171875,33707.08984375,40525.3203125,25345.662109375,64701.87890625,17231.306640625,28613.890625,35141.1171875,12140.03125,23647.810546875,24112.666015625,37677.26953125,19783.181640625,8876.685546875,,2568.83569335938,29217.759765625,13282.83203125,12559.26171875,,11123.2197265625,27029.06640625
Q9HDC9,APMAP,APMAP_HUMAN,204066.15625,105742.78125,108252.4296875,81776.828125,107589.0625,22640.416015625,39115.58984375,31668.50390625,41477.41015625,16363.447265625,95111.421875,77515.1328125,120417.078125,46005.953125,109005.4765625,145742.0625,131879.53125,133084.609375,57381.5078125,47152.046875,45422.09765625,122599.8046875,137022.1875,178773.734375,110594.484375,68611.421875,127360.375,34403.83984375,109372.921875,37119.1328125,86359.1640625,29587.025390625,114803.8515625,230185.453125,123996.171875,76775.828125,74516.7578125,74933.8671875,120832.6875,122404.640625,59812.109375,70857.765625
Q9NPG4,PCDH12,PCD12_HUMAN,11196.9462890625,22225.265625,19417.322265625,,6646.177734375,14176.19140625,13849.1376953125,8334.9814453125,7751.5654296875,,4490.21484375,7828.52978515625,5675.73046875,14345.2431640625,5244.796875,3668.5009765625,4813.19384765625,6519.26708984375,19311.45703125,22993.845703125,12318.3916015625,2782.93603515625,7229.69775390625,4295.66015625,3831.8095703125,10814.740234375,8468.9404296875,12369.2626953125,11907.732421875,13340.044921875,,11497.3349609375,18504.09765625,12924.1181640625,5320.95263671875,11327.6826171875,,2542.630859375,6844.857421875,9169.205078125,,5604.53564453125
Q9NPH3,IL1RAP,IL1AP_HUMAN,255797.8125,211298.484375,174104.09375,342337.125,277134.34375,139306.390625,333053.8125,203280.84375,182270.890625,131370.515625,27538.50390625,104217.3046875,92190.921875,80254.1875,62820.92578125,77611.5703125,76983.296875,54018.2265625,91637.7578125,84253.25,36078.8359375,158769.125,57181.40234375,194597.625,84268.5078125,46030.375,62291.8515625,69314.5390625,74228.5625,83175.7421875,86181.5234375,84586.515625,102646.0625,160095.109375,212002.453125,79553.125,113510.578125,206832.828125,83947.7890625,269790.875,79871.375,108534.671875
Q9NPR2,SEMA4B,SEM4B_HUMAN,52478.51171875,66865.65625,96776.2890625,81916.6640625,72101.84375,37804.5234375,60119.86328125,90298.7109375,54921.1484375,24924.01171875,70519.5703125,45553.7578125,29099.9296875,48766.3828125,63458.8671875,51345.109375,55681.1875,54532.79296875,81554.9921875,79421.3515625,60264.12109375,49678.5859375,51057.8828125,,57806.80078125,45908.71484375,42764.58984375,47897.625,38097.0234375,39552.984375,35529.65234375,28094.25390625,39272.859375,55138.35546875,62690.390625,59987.7421875,,39678.3046875,43929.98046875,63989.21875,43850.2421875,30295.453125
Q9NPY3,CD93,C1QR1_HUMAN,41159.33984375,134365.71875,142890.15625,16292.3173828125,89690.296875,53620.58203125,19468.099609375,69683.0390625,89153.3671875,62774.4453125,107311.78125,71084.6953125,15299.9072265625,102077.5390625,73887.828125,74069.7578125,120380.7265625,97370.875,150122.484375,151123.46875,36973.671875,90171.578125,76617.453125,141036.890625,17810.662109375,17566.767578125,59428.9453125,59544.26953125,174583.015625,116430.90625,89632.28125,176031.4375,108110.3203125,19381.26953125,158889.609375,126853.875,85433.765625,99461.96875,25674.40625,116098.9921875,154463.28125,88303.1640625
Q9NQ79,CRTAC1,CRAC1_HUMAN,884582.3125,1180903.375,950228.6875,687220.0,806738.6875,813307.5625,1204585.5,1498466.625,1314186.375,1086591.5,1020106.4375,749120.9375,2038866.125,1391167.125,1059853.75,991090.25,1082426.0,1177620.875,1427798.25,1463098.0,629388.0,1450161.0,980743.875,1485934.0,853592.3125,1577807.75,1064500.5,613251.6875,2029586.375,1288033.125,1715602.0,974202.5625,772412.125,1011697.5625,598557.25,1785677.125,1155231.625,1476040.875,627698.8125,731152.5,692245.5,659408.3125
Q9NR34,MAN1C1,MA1C1_HUMAN,7521310.0,5359477.5,5787149.5,5696112.5,7254483.0,8322422.0,7160182.5,4992500.5,7746578.5,7602035.5,4860654.0,9214868.0,9640618.0,9735985.0,5266740.5,4716659.5,8025688.5,7083846.5,5182757.0,5774392.5,9550816.0,6821502.0,5922451.0,7467974.0,5216511.0,8727304.0,4822358.0,6303772.5,8572613.0,8055609.0,7633193.0,4401344.5,7159916.0,8272216.0,7563348.0,7948000.0,6142484.0,5566987.5,6818147.5,4607864.0,2384920.0,5319009.0
Q9NSB2,KRT84,KRT84_HUMAN,,11215.2568359375,118263.390625,,,208849.296875,,47147.7421875,19667.796875,284880.40625,,55342.63671875,88778.78125,97348.0,37448.65625,87200.1875,30657.015625,29355.59375,,,93873.0234375,66352.6796875,169762.03125,19703.56640625,85105.296875,57960.18359375,95797.7890625,203347.671875,,37985.66015625,77987.265625,144856.0625,43954.10546875,17956.935546875,,,98389.5234375,,,15778.8271484375,,54242.9453125
Q9NSB4,KRT82,KRT82_HUMAN,,,104844.78125,,,17212.9453125,,,,115099.828125,,,,,,,64550.3359375,22675.525390625,,,,,,,,,,,224736.921875,,,,,,,,17476.28125,,,,,
Q9NTU7,CBLN4,CBLN4_HUMAN,,,74060.7109375,,336056.0625,,,67666.421875,,,,,69947.59375,,,57011.37890625,,,61825.15234375,76160.7265625,96725.515625,52679.1171875,,81165.28125,42303.64453125,,,,,115668.625,100793.8046875,37914.9296875,79499.4375,,185479.71875,147422.6875,,57151.16796875,,,,
Q9NY97,B3GNT2,B3GN2_HUMAN,63294.1953125,95222.4140625,69686.40625,88152.8046875,72055.578125,74618.2734375,54282.7109375,100382.6953125,54448.80078125,44712.3125,70267.9296875,65613.375,82011.4140625,62602.578125,63023.07421875,69259.3125,68074.9765625,68463.8515625,63408.35546875,83899.5546875,35403.4921875,68064.6171875,56834.1875,73260.4765625,79336.828125,141169.328125,57448.13671875,60815.69921875,76571.765625,64859.23828125,50536.515625,53232.10546875,88992.53125,88417.1015625,77449.234375,48936.47265625,35526.2578125,98580.59375,56866.87109375,68877.453125,58222.39453125,30249.923828125
Q9NZ08,ERAP1,ERAP1_HUMAN,23925.55859375,43477.87890625,,21276.587890625,,,18937.43359375,18589.63671875,22426.42578125,,18483.85546875,19375.42578125,,27069.306640625,81584.8984375,8529.7841796875,25257.7890625,,,14799.2841796875,23633.982421875,,19128.65234375,,16754.009765625,27284.869140625,20054.09375,17644.328125,23026.4140625,30267.537109375,19052.703125,77400.7421875,13163.166015625,37412.22265625,14064.154296875,26511.6015625,,,16561.369140625,9217.509765625,,16872.73046875
Q9NZK5,ADA2,ADA2_HUMAN,17661.408203125,31476.4765625,19464.642578125,19959.466796875,18641.716796875,12307.2119140625,13117.4248046875,9092.2109375,9243.8046875,6654.12353515625,18752.345703125,13709.91796875,16069.6044921875,45767.40234375,25227.20703125,12259.6728515625,15641.4619140625,18526.509765625,101777.1484375,73986.3125,42446.57421875,15778.58984375,54897.27734375,11004.7119140625,17438.853515625,7175.06005859375,38266.61328125,11283.0546875,52703.69921875,71147.484375,52303.3203125,54013.390625,64937.9296875,15749.150390625,18362.02734375,39152.484375,46888.16796875,54717.0390625,52515.8984375,11101.783203125,20822.837890625,11171.17578125
Q9NZP8,C1RL,C1RL_HUMAN,3213148.5,2632700.25,2628532.0,3222208.75,2998900.0,3454767.75,3346545.5,2506373.75,3003020.25,2877177.75,2515978.75,2685816.25,3040674.0,3194572.0,1887982.0,1697468.5,2203329.75,1834075.875,2573241.5,2854072.75,2531266.0,2948589.75,2128078.5,2104073.5,1690089.375,2090597.25,1772825.875,1892184.625,2830461.5,2112427.5,2060273.875,1959924.375,2414081.5,3629583.75,2944646.25,2413060.5,2029297.625,2128432.75,1942513.5,2640024.5,1630201.875,1965821.375
Q9NZT1,CALML5,CALL5_HUMAN,206513.734375,279458.625,799126.0,130771.453125,416306.53125,1311771.5,290777.03125,380989.65625,334954.9375,1967316.0,169418.0625,754510.875,579747.9375,571872.125,289158.0625,489042.1875,1852621.5,453245.875,574838.0,595942.25,456733.09375,1085448.375,740461.5625,480488.1875,2492585.25,263454.34375,500838.28125,587922.0,312634.34375,225049.859375,405681.3125,1532671.0,730274.5625,207741.015625,245205.078125,179131.8125,1136585.75,147433.6875,236440.34375,130191.3125,198955.625,3239008.5
Q9P232,CNTN3,CNTN3_HUMAN,64422.41796875,33638.796875,11172.3427734375,,44771.1328125,14189.6982421875,63447.61328125,36233.828125,46323.41015625,1.25212156772614,29313.896484375,10427.994140625,36218.921875,29469.15234375,20019.79296875,,16440.529296875,41278.59375,39936.54296875,56613.2265625,39399.5078125,,16241.0185546875,10531.3427734375,41757.0703125,23518.98828125,20786.412109375,21821.275390625,37939.36328125,,,16487.833984375,22060.669921875,42082.97265625,38716.43359375,,20040.48046875,25018.34765625,,41910.0234375,,
Q9P2P1,NYNRIN,NYNRI_HUMAN,847733.4375,278103.90625,477801.90625,288776.25,295504.84375,635944.3125,329443.6875,475227.71875,314217.15625,213400.90625,744547.4375,442368.125,498120.15625,735943.375,662376.875,478949.15625,405475.71875,320111.125,264021.28125,358404.375,390974.40625,327861.75,510621.5,329177.15625,228643.703125,453509.84375,493315.34375,296017.9375,524590.125,358158.0625,322233.0,339594.96875,228919.953125,683800.3125,745817.6875,427458.125,518732.28125,494457.625,462506.59375,505014.15625,297510.28125,267926.90625
Q9UBG0,MRC2,MRC2_HUMAN,51929.99609375,73947.078125,48637.25,55881.4609375,22799.751953125,36272.76171875,31671.89453125,62265.51171875,51192.3359375,23754.240234375,33007.0625,50793.00390625,49546.33203125,42546.46875,21726.787109375,24243.189453125,34579.26171875,27972.9296875,61057.28125,59680.46875,28698.80078125,38713.890625,26718.564453125,28595.8203125,40709.49609375,28828.103515625,21887.130859375,29653.033203125,6759.98828125,62412.87890625,48093.07421875,44604.5078125,74866.390625,,33411.828125,47761.73828125,43001.37109375,5525.09765625,17666.966796875,50427.87109375,43490.0859375,34850.48828125
Q9UBP4,DKK3,DKK3_HUMAN,15235.0908203125,20943.08984375,12160.666015625,20054.34765625,27327.921875,22293.97265625,28986.9140625,39163.1953125,33263.7734375,23344.23046875,11581.32421875,13540.275390625,20405.609375,46859.4140625,20182.73828125,13929.16015625,19252.02734375,16680.212890625,59463.921875,31413.009765625,21422.6953125,16642.658203125,9037.42578125,15488.1806640625,25566.5,23210.833984375,8752.1845703125,7938.75048828125,14183.76953125,31122.958984375,10378.482421875,13037.943359375,18435.90625,14677.5703125,21888.595703125,25654.107421875,31417.06640625,15633.4423828125,19134.705078125,47184.92578125,34414.5625,35719.2421875
Q9UBQ6,EXTL2,EXTL2_HUMAN,8824.8349609375,32958.203125,6611.94921875,29323.7890625,44194.171875,40092.48828125,6111.83203125,6667.07177734375,95938.53125,25094.431640625,6932.865234375,47573.2109375,3043.42211914063,5203.8388671875,33690.5,,23403.537109375,24101.3125,35906.4921875,4787.32861328125,,5512.4873046875,14446.4462890625,3383.14819335938,46212.890625,3162.28247070313,11239.064453125,3345.365234375,6560.9150390625,26267.732421875,25532.4765625,23506.607421875,33821.375,,31443.7421875,19265.998046875,2854.62768554688,,5096.98974609375,61820.6328125,,3606.90356445313
Q9UBR2,CTSZ,CATZ_HUMAN,117792.1484375,94916.9140625,29043.2578125,130084.40625,113928.875,41855.05859375,,43353.56640625,115231.875,22079.8359375,66257.3203125,39224.4765625,,62061.48046875,61440.90234375,,17672.08984375,60236.5703125,96760.6328125,107483.984375,37446.453125,,,47189.47265625,34485.68359375,90781.1796875,,27099.859375,72637.5390625,,62514.640625,78184.203125,79072.6640625,,37507.703125,74736.578125,61873.09765625,77705.578125,75106.34375,57423.84765625,88172.5859375,29968.65234375
Q9UBX1,CTSF,CATF_HUMAN,38090.75,37519.1328125,26847.955078125,,47925.6171875,31890.3125,,38403.9609375,70045.8359375,30161.9140625,,33314.671875,30534.9921875,,,48437.57421875,16341.58984375,,,24303.873046875,12214.8974609375,28039.025390625,22326.5625,,29737.42578125,,,15397.578125,49863.95703125,8948.11328125,47034.8203125,,41624.4375,18596.41796875,15343.7490234375,,16182.0693359375,42753.0,32318.48046875,,44280.4140625,29315.51953125
Q9UEW3,MARCO,MARCO_HUMAN,57025.95703125,65904.8515625,50787.38671875,,31535.43359375,,,,,,154610.65625,48573.16015625,22845.052734375,,23481.890625,60122.7265625,18448.744140625,48609.01171875,,32735.451171875,,37658.60546875,30195.0,50782.25,,51411.94140625,40164.515625,34151.62109375,92552.859375,,,99913.6875,,48689.734375,56966.77734375,32753.841796875,,58882.3984375,139806.890625,,28854.373046875,
Q9UGL9,CRCT1,CRCT1_HUMAN,,,8743.24609375,,,26314.5703125,,10001.6171875,,45770.171875,,2797.19140625,,,,12736.177734375,5966.07421875,,,,10800.2705078125,7581.20068359375,17290.888671875,,26127.65234375,,13231.3935546875,14475.873046875,,,,19214.046875,2793.38500976563,,,,15029.1640625,,,,,
Q9UGM5,FETUB,FETUB_HUMAN,4517109.0,5753115.5,2906219.0,14339316.0,4496428.0,17594616.0,2731863.5,2901021.0,3957317.5,2698372.75,1685427.5,3170779.5,2767772.5,3901771.0,3865039.5,4580356.0,2458995.25,4272842.5,2915949.25,2680925.25,3075923.25,2689434.75,3240211.75,3734219.25,2103857.25,2223636.0,3665234.0,2170295.5,3392332.5,2548217.0,2624570.5,2223724.5,3682816.75,2796649.25,4311799.5,4960673.5,3415338.5,3735239.25,2714482.25,2350635.0,4379474.5,3873296.0
Q9UHG3,PCYOX1,PCYOX_HUMAN,124096.2578125,126044.1796875,85376.5078125,87221.7578125,37500.515625,73426.9765625,55520.3203125,65998.1015625,30421.79296875,49234.28125,92411.9375,80720.8984375,95778.6484375,82598.6640625,89164.125,177008.828125,121016.1796875,107362.421875,40679.875,45595.01953125,47094.3671875,146002.3125,154379.09375,167899.78125,71426.984375,87319.453125,113386.140625,96043.7421875,88944.703125,45032.12890625,61556.09765625,59060.11328125,113426.59375,120142.0,87108.1328125,129631.25,51936.640625,121046.609375,41816.953125,77310.40625,131289.546875,41390.5859375
Q9UI42,CPA4,CBPA4_HUMAN,8036.49560546875,10316.6318359375,56932.87109375,4879.7158203125,21392.693359375,105580.1796875,9770.5048828125,26070.5390625,10779.3134765625,116680.0703125,,32170.298828125,31600.07421875,21341.556640625,15595.1162109375,42000.37890625,62880.18359375,39171.9765625,19049.142578125,18727.94921875,39420.4921875,38449.97265625,74909.3125,20783.083984375,84992.65625,15582.2001953125,41339.4453125,31753.392578125,14300.35546875,17652.349609375,,87704.0078125,22134.40625,8981.3994140625,7074.765625,,37743.640625,9461.458984375,13148.404296875,,8886.90234375,23406.376953125
Q9UIB8,CD84,SLAF5_HUMAN,12550.220703125,32925.27734375,,,33944.60546875,,13349.00390625,12223.9697265625,,7746.5146484375,16134.7060546875,13037.9755859375,,,,11562.349609375,10087.4091796875,9025.5810546875,11567.962890625,16470.1953125,,12647.4501953125,27615.171875,,13246.6240234375,11649.4375,14871.4130859375,,15999.078125,,,13177.6552734375,13244.1923828125,10425.33984375,10586.408203125,15075.912109375,8113.81396484375,17284.263671875,13755.650390625,17929.275390625,15266.068359375,14118.8173828125
Q9UJJ9,GNPTG,GNPTG_HUMAN,125821.1875,127199.453125,179764.484375,156194.53125,145585.15625,110561.609375,104953.390625,121114.9921875,100840.84375,86752.15625,207924.78125,124712.7890625,136303.09375,105123.2265625,142294.09375,129730.0,106066.21875,142175.953125,113371.3671875,150586.109375,88514.515625,110203.4296875,73484.421875,174421.015625,84513.3203125,85119.75,76297.6875,100944.2265625,142463.515625,44187.16796875,104181.9921875,104689.3671875,109647.0859375,105187.5,154890.3125,119340.484375,106077.5859375,120835.5390625,137555.71875,116538.15625,144391.0,68701.9609375
Q9UK55,SERPINA10,ZPI_HUMAN,2294023.5,861875.6875,1105901.75,1153544.0,1534751.125,1600769.75,1538324.25,1285290.5,1753836.625,1099428.0,1225301.125,1186261.625,829715.9375,1495744.75,1230329.875,898690.9375,1120982.625,639371.75,1236437.75,897248.3125,969501.25,713402.25,950945.0,734564.3125,561050.5,1260841.625,1020021.8125,1167448.625,1564384.75,589412.75,635758.1875,830101.5,1351234.375,1343145.5,1424328.25,642829.5,513431.9375,1296374.25,1235078.125,1052576.375,875162.5625,1995528.75
Q9UKK9,NUDT5,NUDT5_HUMAN,,,,,,18603.83203125,,,,25740.751953125,,,,,,,,,,,,,7900.46337890625,,15530.0625,,,,,,,9917.576171875,,,,,,,,,,
Q9ULI3,HEG1,HEG1_HUMAN,80937.2890625,55363.76171875,69164.5390625,3730.18237304688,64487.4453125,52934.0,70393.78125,61318.609375,76863.71875,58162.74609375,1682.34973144531,61668.1484375,50133.40234375,99290.4921875,9871.326171875,19649.111328125,25124.4921875,62726.8984375,,47611.65234375,41656.89453125,39944.94921875,43738.3359375,,49387.203125,66083.84375,28432.666015625,44090.8203125,69396.9453125,6699.26708984375,63886.2109375,60859.15234375,69958.3828125,37121.09765625,29116.1484375,61169.23046875,44036.76953125,61186.0078125,54454.98046875,47268.9453125,57951.7109375,52129.1640625
Q9UM47,NOTCH3,NOTC3_HUMAN,,6250.244140625,,,,6959.9677734375,12501.166015625,40180.328125,5026.18212890625,,,7498.13671875,22135.8359375,20971.056640625,6953.69384765625,1742.90124511719,,,30568.1171875,44519.578125,19396.2265625,,2841.64331054688,10517.0400390625,15655.4697265625,30097.29296875,4903.1552734375,,7755.31201171875,24227.564453125,14977.4111328125,,22589.357421875,5493.75927734375,,30393.779296875,16668.58203125,,,10149.3779296875,13026.7587890625,20119.578125
Q9UNN8,PROCR,EPCR_HUMAN,361725.34375,274006.75,226951.03125,279648.28125,200309.125,172929.953125,680668.25,182207.578125,255804.0625,138125.640625,205033.625,157182.125,187805.140625,212414.890625,156735.09375,148782.0625,185829.90625,235628.84375,529971.5,405946.0,130232.828125,179459.125,122991.84375,276339.75,189902.71875,474926.0625,137392.796875,136550.875,578690.0,455014.1875,387255.84375,231834.828125,278202.875,135567.875,256630.265625,263453.5625,174872.375,218360.6875,179801.5625,298576.90625,221577.515625,243694.90625
Q9UNW1,MINPP1,MINP1_HUMAN,225035.625,213007.328125,128789.4375,185189.546875,133598.25,53494.046875,169288.921875,175151.875,210636.25,97070.9140625,130463.3359375,85628.359375,104151.640625,132591.875,101513.2578125,122550.390625,89821.9140625,147197.375,220629.140625,165036.53125,90228.4921875,103434.1796875,89371.8671875,117641.046875,95188.2265625,128673.2265625,98233.4921875,88981.6953125,108069.7109375,127233.9609375,112315.5703125,88605.609375,130754.0625,114469.3671875,136308.921875,157711.28125,164728.015625,113246.0625,109474.625,147300.28125,141527.109375,159104.6875
Q9Y240,CLEC11A,CLC11_HUMAN,,14864.6796875,,,,,,,,,,,,,,,,4320.2275390625,2025.97033691406,,,,,,11829.021484375,,,,,,8726.474609375,,,14619.9638671875,,11786.9892578125,,,6042.86962890625,,8106.27197265625,
Q9Y490,TLN1,TLN1_HUMAN,38996.078125,330410.625,13418.822265625,41890.8046875,2738.36108398438,27558.619140625,24615.810546875,36593.3125,,7322.21435546875,33311.671875,22423.560546875,7540.51416015625,15507.208984375,14910.716796875,11714.4833984375,25267.021484375,10286.0556640625,19632.9296875,5171.0419921875,16171.556640625,4164.6748046875,9651.673828125,6954.81640625,12510.544921875,65500.1328125,40104.765625,12436.25390625,13193.9501953125,20121.734375,18555.490234375,12855.046875,,57615.2734375,19809.658203125,17394.939453125,16726.25,46571.4140625,23955.861328125,19825.20703125,18378.533203125,15508.673828125
Q9Y4L1,HYOU1,HYOU1_HUMAN,74383.5234375,52485.671875,38957.48828125,94736.6953125,56034.1484375,139999.1875,72640.796875,58059.50390625,71248.0625,64278.890625,76935.59375,37144.64453125,59264.8828125,22378.611328125,46020.98828125,36870.35546875,52571.2890625,68057.3828125,86017.6484375,61984.1796875,40170.80859375,22038.25,10007.3603515625,48311.2421875,52357.19921875,52068.06640625,15410.1298828125,24527.89453125,62053.54296875,28616.0390625,83784.34375,47404.3828125,39540.1015625,41546.4609375,41893.98046875,75274.6484375,38041.578125,67562.765625,22951.599609375,81243.609375,52459.77734375,72413.296875
Q9Y5C1,ANGPTL3,ANGL3_HUMAN,20164.802734375,24497.79296875,25368.00390625,33067.5703125,28385.4765625,,22704.48046875,20657.9921875,29092.998046875,26113.521484375,38628.1328125,13680.755859375,33694.4140625,38233.28515625,36287.28125,34817.66796875,38918.71484375,28240.421875,50847.359375,34158.625,34755.6015625,36394.9140625,27233.34375,47329.3984375,24918.0546875,18748.736328125,24568.755859375,21481.58203125,31946.04296875,28878.421875,35436.2734375,18747.966796875,49169.82421875,16490.8671875,33889.1171875,38907.65625,38531.28515625,23975.1875,31439.533203125,30535.453125,47955.53125,32621.849609375
Q9Y5Y7,LYVE1,LYVE1_HUMAN,205984.734375,240891.421875,119583.78125,254062.609375,140392.5625,85102.0390625,83192.109375,101973.140625,132172.421875,52726.01953125,112957.6953125,53336.09375,51434.77734375,73931.953125,70856.1953125,68587.015625,65787.8515625,61346.5,111800.5625,96951.40625,51350.45703125,116051.6875,78723.8359375,86897.9140625,24876.751953125,41211.5703125,77068.5625,62469.51953125,71366.046875,46453.421875,37882.3359375,98028.9765625,60106.60546875,60007.4921875,137293.125,70368.09375,36741.7109375,86193.5625,81389.296875,84415.0078125,88250.703125,55090.4609375
Q9Y646,CPQ,CBPQ_HUMAN,50312.625,69571.0546875,20986.99609375,,,47535.0234375,28094.734375,37998.90625,306309.15625,29478.31640625,,8847.443359375,13650.2744140625,23387.765625,,,,,12111.873046875,,,15448.12109375,,,,10494.498046875,,,20432.13671875,5186.640625,,,11895.119140625,18169.796875,,,15138.46875,15564.1884765625,,19359.80859375,,8936.185546875
Q9Y6R7,FCGBP,FCGBP_HUMAN,1064470.5,1065306.0,1096687.25,772325.9375,915629.0625,557476.25,940271.375,789407.0,849002.375,435291.40625,2902450.0,1066035.625,1105593.5,1362217.0,2864305.0,1119067.5,885302.1875,939080.625,1538260.625,1417945.25,640840.625,682400.9375,1922760.0,898857.6875,721462.75,906000.625,2128170.5,1021191.25,1061879.625,1020643.8125,981651.875,595854.0625,1047206.5,1030401.5625,1451249.875,961100.9375,350291.25,1029455.125,1373540.625,1150662.375,1658532.75,978206.4375
Q9Y6Z7,COLEC10,COL10_HUMAN,122478.296875,278651.875,240743.34375,279101.59375,234783.71875,118744.609375,111151.8515625,132177.65625,250875.921875,143192.125,170959.25,79792.609375,129264.140625,102135.890625,153473.15625,150633.21875,179071.234375,151731.71875,172734.140625,149693.4375,115673.625,214536.734375,128562.0234375,243259.21875,70828.03125,42909.79296875,152973.171875,115884.34375,82951.2109375,234624.875,203040.25,173952.15625,77505.359375,177420.734375,265405.3125,183257.90625,186268.140625,199842.1875,172880.171875,214346.953125,165260.953125,138103.265625
